-- phpMyAdmin SQL Dump
-- version 4.7.4
-- https://www.phpmyadmin.net/
--
-- Host: 127.0.0.1
-- Generation Time: Dec 24, 2019 at 05:06 AM
-- Server version: 10.1.29-MariaDB
-- PHP Version: 7.2.0

SET SQL_MODE = "NO_AUTO_VALUE_ON_ZERO";
SET AUTOCOMMIT = 0;
START TRANSACTION;
SET time_zone = "+00:00";


/*!40101 SET @OLD_CHARACTER_SET_CLIENT=@@CHARACTER_SET_CLIENT */;
/*!40101 SET @OLD_CHARACTER_SET_RESULTS=@@CHARACTER_SET_RESULTS */;
/*!40101 SET @OLD_COLLATION_CONNECTION=@@COLLATION_CONNECTION */;
/*!40101 SET NAMES utf8mb4 */;

--
-- Database: `mdc`
--

-- --------------------------------------------------------

--
-- Table structure for table `barangs`
--

CREATE TABLE `barangs` (
  `id` int(10) UNSIGNED NOT NULL,
  `kode` varchar(191) COLLATE utf8mb4_unicode_ci NOT NULL,
  `nama` varchar(191) COLLATE utf8mb4_unicode_ci NOT NULL,
  `harga_beli` double NOT NULL DEFAULT '0',
  `stok` int(11) NOT NULL DEFAULT '0',
  `created_at` timestamp NULL DEFAULT NULL,
  `updated_at` timestamp NULL DEFAULT NULL,
  `category_id` int(10) UNSIGNED NOT NULL,
  `penyimpanan_id` int(10) UNSIGNED DEFAULT NULL
) ENGINE=InnoDB DEFAULT CHARSET=utf8mb4 COLLATE=utf8mb4_unicode_ci;

--
-- Dumping data for table `barangs`
--

INSERT INTO `barangs` (`id`, `kode`, `nama`, `harga_beli`, `stok`, `created_at`, `updated_at`, `category_id`, `penyimpanan_id`) VALUES
(1, 'UM001-1', 'Bubuk Air Flow Kavo', 0, 1, '2018-07-18 20:14:23', '2018-08-14 06:22:45', 6, 1),
(2, 'UM002-1', 'Brush Pink', 0, 0, '2018-07-18 20:15:42', '2018-07-18 20:15:42', 6, 1),
(3, 'UM002-2', 'Brush Ungu', 0, 0, '2018-07-18 20:16:29', '2018-07-18 20:16:29', 6, 1),
(5, 'UM004-1', 'Cavity Cleanser Bisco', 0, 7, '2018-07-18 20:18:39', '2018-07-26 18:02:10', 6, 1),
(6, 'UM005-1', 'Celluloid Strip Stirip Mat', 0, 0, '2018-07-18 20:20:26', '2018-07-18 20:20:26', 6, 1),
(7, 'UM005-2', 'Celluloid Strip Tasma', 0, 0, '2018-07-18 20:21:14', '2018-07-18 20:21:14', 6, 1),
(8, 'UM005-3', 'Celluloid Shofu  Strip', 0, 0, '2018-07-18 20:22:07', '2018-10-11 04:35:20', 6, 1),
(10, 'UM007-1', 'Dental Floss Oral-B Essential Floss 50m', 0, 10, '2018-07-18 20:23:55', '2019-11-27 20:42:59', 6, 1),
(11, 'UM008-1', 'Anastesi Artinibsa', 0, 13, '2018-07-18 20:24:29', '2019-12-16 18:49:33', 6, 1),
(12, 'UM008-2', 'Anastesi Gel Hurricaine Strawberry', 0, 0, '2018-07-18 20:25:44', '2018-08-16 05:32:23', 6, 1),
(13, 'UM008-3', 'Anastesi Gel Hurricaine Wild Cherry', 0, 0, '2018-07-18 20:27:00', '2018-07-18 20:27:00', 6, 1),
(14, 'UM008-4', 'Anastesi Gel Hurricaine Fresh Mint', 0, 0, '2018-07-18 20:27:32', '2018-07-18 20:27:32', 6, 1),
(15, 'UM008-5', 'Anastesi Gel Ultracare Strawberry', 0, 0, '2018-07-18 20:28:11', '2018-07-18 20:28:11', 6, 1),
(16, 'UM008-6', 'Anastesi Mepivacaine Mepinor 2%', 0, 1, '2018-07-18 20:28:52', '2018-07-26 17:57:53', 6, 1),
(17, 'UM010-1', 'Kotak Retainer Besar', 0, 0, '2018-07-18 20:30:33', '2018-07-18 20:30:33', 6, 1),
(18, 'UM010-2', 'Kotak Retainer Sedang', 0, 48, '2018-07-18 20:31:05', '2019-11-16 04:27:12', 6, 1),
(19, 'UM010-3', 'Kotak Retainer Warna Warni', 0, 0, '2018-07-18 20:31:45', '2018-07-18 20:31:45', 6, 1),
(20, 'UM012-1', 'Bahan Cetak GC Aroma', 0, 2, '2018-07-18 20:32:30', '2019-12-14 05:16:39', 6, 1),
(21, 'UM012-2', 'Bahan Cetak Honigum Heavy', 0, 0, '2018-07-18 20:33:01', '2018-07-18 20:33:01', 6, 1),
(22, 'UM012-3', 'Bahan Cetak Honigum Mono', 0, 0, '2018-07-18 20:33:35', '2018-08-13 02:43:30', 6, 1),
(23, 'UM012-4', 'Bahan Cetak Jumbo Heavy Body', 0, 0, '2018-07-18 20:34:01', '2018-07-18 20:34:01', 6, 1),
(24, 'UM012-5', 'Bahan Cetak Jumbo Regular Body', 0, 0, '2018-07-18 20:34:34', '2018-07-18 20:34:34', 6, 1),
(25, 'UM012-6', 'Bahan Cetak O-Bite', 0, 0, '2018-07-18 20:35:03', '2018-07-18 20:35:03', 6, 1),
(27, 'UM012-7', 'Bahan Cetak Panasil Contact Light', 0, 1, '2018-07-18 20:36:04', '2019-06-21 19:58:05', 6, 1),
(28, 'UM012-8', 'Bahan Cetak Panasil Putty Soft', 0, 0, '2018-07-18 20:37:52', '2019-07-05 20:52:51', 6, 1),
(29, 'UM013-1', 'Matriks Triodent 4.5 mm', 0, 0, '2018-07-18 20:38:28', '2018-07-18 20:38:28', 6, 1),
(30, 'UM013-2', 'Matriks Triodent 5.5 mm', 0, 0, '2018-07-18 20:39:07', '2018-07-18 20:39:07', 6, 1),
(31, 'UM017-1', 'Sendok Cetak Besi Segmental Besar', 0, 0, '2018-07-18 20:40:14', '2018-07-18 20:40:14', 6, 1),
(32, 'UM017-2', 'Sendok Cetak Besi Segmental Kecil', 0, 0, '2018-07-18 20:41:04', '2018-07-18 20:41:04', 6, 1),
(33, 'UM018-1', 'Karpul Septoject 30G 25mm', 0, 0, '2018-07-18 20:41:30', '2018-07-18 20:41:30', 6, 1),
(34, 'UM020-1', 'Pasta Polish Radent Phrophy Strawberry', 0, 0, '2018-07-18 20:42:18', '2019-06-25 05:30:34', 6, 1),
(35, 'UM021-1', 'Alas Meja', 0, 0, '2018-07-18 20:43:00', '2018-07-18 20:43:00', 6, 1),
(36, 'FL001-1', 'Cement G-Cem', 0, 4, '2018-07-18 20:44:10', '2019-07-07 18:15:37', 2, 1),
(37, 'FL001-2', 'Cement GC Elite Liquid', 0, 1, '2018-07-18 20:44:43', '2019-09-24 04:08:36', 2, 1),
(38, 'FL001-3', 'Cement GC Elite Powder', 0, 1, '2018-07-18 20:45:21', '2019-10-03 05:15:59', 2, 1),
(39, 'FL001-4', 'Cement TempBond Clear', 0, 1, '2018-07-18 20:45:55', '2019-08-14 22:58:11', 2, 1),
(40, 'FL001-5', 'Cement TempBond NE', 0, 1, '2018-07-18 20:46:24', '2019-07-09 05:37:48', 2, 1),
(41, 'FL004-1', 'Polisher Epitex Blue', 0, 7, '2018-07-18 20:46:52', '2018-07-26 18:14:10', 2, 1),
(42, 'FL004-2', 'Polisher Epitex Green', 0, 6, '2018-07-18 20:47:26', '2018-08-24 17:49:41', 2, 1),
(43, 'FL004-3', 'Polisher Stone Putih Cone Runcing', 0, 17, '2018-07-18 20:47:56', '2019-07-22 05:43:59', 2, 1),
(44, 'FL004-4', 'Polisher Stone Putih Cone Tebal', 0, 16, '2018-07-18 20:48:27', '2019-07-22 05:42:26', 2, 1),
(45, 'FL004-5', 'Polisher Stone Putih Fissure', 0, 18, '2018-07-18 20:49:04', '2019-07-22 05:39:46', 2, 1),
(46, 'FL005-1', 'Bonding BC Plus', 0, 0, '2018-07-18 20:49:37', '2018-07-18 20:49:37', 2, 1),
(47, 'FL005-2', 'Bonding Excite', 0, 0, '2018-07-18 20:50:04', '2018-07-18 20:50:04', 2, 1),
(48, 'FL005-3', 'Bonding Heliobond', 0, 0, '2018-07-18 20:50:31', '2018-07-18 20:50:31', 2, 1),
(49, 'FL005-4', 'Bonding Telio', 0, 0, '2018-07-18 20:51:02', '2018-07-18 20:51:02', 2, 1),
(50, 'FL006-1', 'Dento Pink', 0, 10, '2018-07-18 20:51:42', '2019-06-25 05:12:21', 2, 1),
(51, 'FL006-2', 'Dento White', 0, 0, '2018-07-18 20:52:14', '2018-07-18 20:52:14', 2, 1),
(52, 'FL007-1', 'Varnish GC Mint', 0, 7, '2018-07-18 20:52:55', '2018-11-12 01:20:58', 2, 1),
(53, 'FL007-2', 'Varnish GC Strawberry', 0, 14, '2018-07-18 20:53:30', '2018-07-26 18:08:02', 2, 1),
(54, 'SG001-1', 'Surgical Dressing Colacone', 0, 2, '2018-07-18 20:55:15', '2018-09-12 01:07:37', 4, 1),
(55, 'SG001-2', 'Surgical Dressing Colaplug', 0, 0, '2018-07-18 20:55:53', '2018-07-18 20:55:53', 4, 1),
(56, 'SG001-3', 'Surgical Dressing Gelita-Spon', 0, 0, '2018-07-18 20:56:25', '2019-01-17 02:02:33', 4, 1),
(57, 'SG001-4', 'Surgical Dressing Gelatamp Jar', 0, 0, '2018-07-18 20:56:58', '2018-09-12 01:06:58', 4, 1),
(58, 'SG001-5', 'Surgical Dressing Gelatamp Strip', 0, 2, '2018-07-18 20:57:48', '2018-12-27 02:54:46', 4, 1),
(59, 'SG007-1', 'Splinting Polydentia', 0, 0, '2018-07-18 20:58:20', '2018-12-27 03:00:38', 4, 1),
(60, 'SG007-2', 'Splinting Ribbon', 0, 0, '2018-07-18 20:58:48', '2018-07-18 20:58:48', 4, 1),
(61, 'LB001-1', 'Nitram Oil', 0, 2, '2018-07-18 20:59:31', '2019-11-18 19:33:46', 5, 1),
(62, 'LB005-1', 'Vacum Retainer Schue Duran 1mm', 0, 0, '2018-07-18 21:00:35', '2018-08-20 02:56:38', 5, 1),
(63, 'LB005-2', 'Vacum Retainer Schue Duran 2mm', 0, 0, '2018-07-18 21:01:06', '2018-07-18 21:01:06', 5, 1),
(64, 'LB006-1', 'Night Guard Soft tray 1.5 mm', 0, 0, '2018-07-18 21:01:33', '2018-07-18 21:01:33', 5, 1),
(65, 'LB006-2', 'Night Guard Soft tray 2 mm', 0, 0, '2018-07-18 21:02:20', '2018-07-18 21:02:20', 5, 1),
(66, 'LB008-1', 'Handpiece Cleaner Kavo Oil Spray', 0, 12, '2018-07-18 21:02:52', '2019-11-15 18:31:06', 5, 1),
(67, 'LB009-1', 'Pembungkus Steril Besar', 0, 0, '2018-07-18 21:03:28', '2018-07-18 21:03:28', 5, 1),
(68, 'LB009-2', 'Pembungkus Steril Kecil', 0, 0, '2018-07-18 21:04:00', '2018-07-18 21:04:00', 5, 1),
(69, 'LB009-3', 'Pembungkus Steril Sedang', 0, 0, '2018-07-18 21:04:34', '2018-07-18 21:04:34', 5, 1),
(70, 'FL005-5', 'Bonding Tetric N Bond', 0, 1, '2018-07-19 00:52:16', '2019-09-02 05:17:19', 2, 1),
(71, 'SG008-1', 'Periodontal Medicament Ties Hitam', 0, 0, '2018-07-19 00:52:58', '2019-10-03 04:59:13', 4, 1),
(72, 'SG008-2', 'Periodontal Medicament Ties Kuning', 0, 1, '2018-07-19 00:53:38', '2018-09-12 04:12:43', 4, 1),
(73, 'UM022-1', 'Tip Mixer SDS', 0, 6, '2018-07-19 00:54:23', '2018-07-26 18:20:42', 6, 1),
(74, 'LB010-1', 'Tip Suction Bening', 0, 4, '2018-07-19 00:55:21', '2019-11-20 04:11:57', 5, 1),
(75, 'LB010-2', 'Tip Suction Medela Kecil', 0, 0, '2018-07-19 00:55:46', '2018-07-19 00:55:46', 5, 1),
(76, 'LB010-3', 'Tip Suction Medela Sedang', 0, 0, '2018-07-19 00:56:16', '2018-07-19 00:56:16', 5, 1),
(77, 'LB010-4', 'Tip Suction Warna', 0, 0, '2018-07-19 00:56:45', '2018-07-19 00:56:45', 5, 1),
(78, 'FL009-1', 'Bur Trihawk', 0, 0, '2018-07-19 00:57:18', '2018-07-19 00:57:18', 2, 1),
(79, 'FL008-1', 'ETSA Ultradent Ultra', 0, 2, '2018-07-19 00:57:54', '2019-11-18 19:34:55', 2, 1),
(80, 'UM013-3', 'Matriks Valodent Kecil', 0, 0, '2018-07-19 00:58:35', '2018-07-19 00:58:35', 6, 1),
(81, 'UM013-4', 'Matriks Valodent Sedang', 0, 0, '2018-07-19 00:59:18', '2018-07-19 00:59:18', 6, 1),
(82, 'UM013-5', 'Matriks Valodent Besar', 0, 0, '2018-07-19 00:59:54', '2018-07-19 00:59:54', 6, 1),
(83, 'UM012-9', 'Bahan Cetak Virtual Light Body', 0, 6, '2018-07-19 01:00:22', '2019-10-10 03:07:11', 6, 1),
(84, 'UM008-7', 'Anastesi Spray Xilonibsa', 0, 20, '2018-07-19 01:00:54', '2019-12-16 18:26:10', 6, 1),
(85, 'UM018-2', 'Karpul Spident NOP 31G/12mm', 0, 0, '2018-07-19 01:01:30', '2019-07-09 05:30:15', 6, 1),
(86, 'UM018-3', 'Karpul Spident NOP 30G/16mm', 0, 16, '2018-07-19 01:02:15', '2019-12-16 18:15:23', 6, 1),
(87, 'UM018-4', 'Karpul Spident NOP 27G/30mm', 0, 1, '2018-07-19 01:02:43', '2019-11-16 03:20:06', 6, 1),
(88, 'UM018-5', 'Karpul Spident NOP 30G/21mm', 0, 3, '2018-07-19 01:03:17', '2018-07-22 19:13:31', 6, 1),
(89, 'ED008-1', 'Endo Dressing Odontopaste', 0, 3, '2018-07-19 01:04:06', '2019-11-27 19:42:07', 1, 1),
(91, 'LB005-3', 'Vacum Retainer Pelapis Isofolan', 0, 0, '2018-07-19 01:06:39', '2018-07-19 01:06:39', 5, 1),
(92, 'LB005-4', 'Vacum Retainer Durasoft Pd 2.5 x 125 mm', 0, 2, '2018-07-19 01:07:12', '2018-12-12 19:59:27', 5, 1),
(93, 'UM001-2', 'Bubuk Airflow EMS Original', 0, 13, '2018-07-19 01:08:01', '2019-12-14 01:26:20', 6, 1),
(94, 'UM012-10', 'Bahan Cetak Aquasil Ultra Medium Body', 0, 9, '2018-07-19 01:08:29', '2019-12-06 19:33:55', 6, 1),
(95, 'UM012-11', 'Bahan Cetak Aquasil Ultra Light Body', 0, 4, '2018-07-19 01:08:55', '2019-11-27 20:13:42', 6, 1),
(96, 'UM012-12', 'Bahan Cetak Alginat Orthofast', 0, 8, '2018-07-19 01:09:40', '2019-11-20 02:04:44', 6, 1),
(97, 'UM017-3', 'Sendok Cetak Invisalign RA size (S)', 0, 15, '2018-07-19 01:10:13', '2019-11-18 18:38:29', 6, 1),
(98, 'UM017-4', 'Sendok Cetak Invisalign RA size (M)', 0, 15, '2018-07-19 01:12:21', '2019-11-18 18:39:02', 6, 1),
(99, 'UM017-5', 'Sendok Cetak Invisalign RA size (L)', 0, 10, '2018-07-19 01:13:53', '2019-11-18 18:39:37', 6, 1),
(100, 'UM017-6', 'Sendok Cetak Invisalign RA size (XL)', 0, 20, '2018-07-19 01:20:22', '2019-11-18 18:40:10', 6, 1),
(101, 'UM017-7', 'Sendok Cetak Invisalign RB size (S)', 0, 15, '2018-07-19 01:20:55', '2019-11-18 18:40:48', 6, 1),
(102, 'UM017-8', 'Sendok Cetak Invisalign RB size (M)', 0, 15, '2018-07-19 01:21:28', '2019-11-18 18:41:18', 6, 1),
(103, 'UM017-9', 'Sendok Cetak Invisalign RB size (L)', 0, 5, '2018-07-19 01:22:18', '2019-11-18 18:42:05', 6, 1),
(104, 'UM017-10', 'Sendok Cetak Invisalign RB size (XL)', 0, 10, '2018-07-19 01:22:53', '2019-11-18 18:42:34', 6, 1),
(105, 'UM017-11', 'Sendok Cetak Fishbone Gemma Trays Anterior', 0, 4, '2018-07-19 01:23:23', '2019-08-03 04:38:06', 6, 1),
(106, 'UM017-12', 'Sendok Cetak Fishbone Gemma Trays Posterior', 0, 0, '2018-07-19 01:23:56', '2018-07-19 01:23:56', 6, 1),
(107, 'UM017-13', 'Sendok Cetak Fishbone Gemma Trays Quadrant', 0, 0, '2018-07-19 01:24:23', '2018-07-19 01:24:23', 6, 1),
(108, 'FL002-1', 'Glass Ionomer Fuji IX Capsul', 0, 0, '2018-07-19 01:25:04', '2018-07-19 01:25:28', 2, 1),
(109, 'FL002-2', 'Glass Ionomer Fuji VII Capsul Pink', 0, 1, '2018-07-19 01:26:32', '2019-08-14 22:38:21', 2, 1),
(110, 'FL002-3', 'Glass Ionomer Fuji VII Capsul White', 0, 0, '2018-07-19 01:27:05', '2018-07-19 01:27:05', 2, 1),
(111, 'FL002-4', 'Glass Ionomer Fuji VII Manual Pink', 0, 5, '2018-07-19 01:27:39', '2019-11-27 20:47:19', 2, 1),
(112, 'FL002-5', 'Glass Ionomer Fuji VII Manual White', 0, 2, '2018-07-19 01:28:08', '2019-11-27 20:40:21', 2, 1),
(113, 'FL003-1', 'Composite Empress Direct A1 Dentin', 0, 2, '2018-07-19 01:28:42', '2018-07-24 19:33:56', 2, 1),
(114, 'FL003-2', 'Composite Empress Direct A1 Enamel', 0, 0, '2018-07-19 02:41:40', '2018-07-19 02:41:40', 2, 1),
(115, 'FL003-3', 'Composite Empress Direct A2 Dentin', 0, 0, '2018-07-19 02:42:14', '2018-08-08 00:37:44', 2, 1),
(116, 'FL003-4', 'Composite Empress Direct A2 Enamel', 0, 2, '2018-07-19 02:42:52', '2019-10-10 03:07:10', 2, 1),
(117, 'FL003-5', 'Composite Empress Direct A3 Dentin', 0, 1, '2018-07-19 02:43:27', '2019-10-10 03:07:10', 2, 1),
(118, 'FL003-6', 'Composite Empress Direct A3 Enamel', 0, 3, '2018-07-19 02:44:00', '2019-10-10 03:07:10', 2, 1),
(119, 'FL003-7', 'Composite Empress Direct A3.5 Dentin', 0, 1, '2018-07-19 02:44:58', '2019-12-14 01:24:50', 2, 1),
(120, 'FL003-8', 'Composite Empress Direct A3.5 Enamel', 0, 0, '2018-07-19 02:45:35', '2018-07-19 02:45:35', 2, 1),
(121, 'FL003-9', 'Composite Empress Direct A4 Enamel', 0, 0, '2018-07-19 02:46:06', '2019-05-24 01:02:28', 2, 1),
(122, 'FL003-10', 'Composite Empress Direct B1 Enamel', 0, 0, '2018-07-19 02:46:41', '2019-05-24 01:05:13', 2, 1),
(123, 'FL003-11', 'Composite Empress Direct B2 Enamel', 0, 0, '2018-07-19 02:47:11', '2019-05-24 01:06:07', 2, 1),
(124, 'FL003-12', 'Composite Empress Direct B3 Enamel', 0, 2, '2018-07-19 02:47:47', '2018-08-09 01:11:50', 2, 1),
(125, 'FL003-13', 'Composite Empress Direct C3 Enamel', 0, 0, '2018-07-19 02:48:23', '2018-08-09 01:12:14', 2, 1),
(126, 'FL003-14', 'Composite Tetric N-Ceram A1 Dentin', 0, 0, '2018-07-19 02:49:05', '2018-08-09 01:12:47', 2, 1),
(127, 'FL003-15', 'Composite Tetric N-Ceram A1 Enamel', 0, 1, '2018-07-19 02:49:44', '2019-12-16 17:59:19', 2, 1),
(128, 'FL003-16', 'Composite Tetric N-Ceram A2 Dentin', 0, 1, '2018-07-19 02:50:27', '2019-10-07 17:56:14', 2, 1),
(129, 'FL003-17', 'Composite Tetric N-Ceram A2 Enamel', 0, 0, '2018-07-19 02:50:57', '2019-10-07 18:24:31', 2, 1),
(130, 'FL003-18', 'Composite Tetric N-Ceram A3 Dentin', 0, 0, '2018-07-19 02:51:34', '2018-08-09 01:15:00', 2, 1),
(131, 'FL003-19', 'Composite Tetric N-Ceram A3 Enamel', 0, 0, '2018-07-19 02:52:11', '2019-11-04 03:42:18', 2, 1),
(132, 'FL003-20', 'Composite Tetric N-Ceram A3.5 Dentin', 0, 1, '2018-07-19 02:52:42', '2019-10-07 18:17:13', 2, 1),
(133, 'FL003-21', 'Composite Tetric N-Ceram A3.5 Enamel', 0, 2, '2018-07-19 02:53:15', '2019-11-04 03:38:34', 2, 1),
(134, 'FL003-22', 'Composite Tetric N-Ceram A4 Enamel', 0, 2, '2018-07-19 02:53:47', '2019-11-27 21:04:15', 2, 1),
(135, 'FL003-23', 'Composite Tetric N-Ceram B1 Enamel', 0, 0, '2018-07-19 02:54:19', '2018-08-09 01:17:11', 2, 1),
(136, 'FL003-24', 'Composite Tetric N-Ceram B2 Dentin', 0, 0, '2018-07-19 02:54:53', '2019-05-24 00:36:39', 2, 1),
(137, 'FL003-25', 'Composite Tetric N-Ceram B2 Enamel', 0, 0, '2018-07-19 02:55:30', '2018-08-09 01:17:42', 2, 1),
(138, 'FL003-26', 'Composite Tetric N-Ceram B3 Enamel', 0, 0, '2018-07-19 02:56:06', '2018-08-09 01:17:54', 2, 1),
(139, 'FL003-27', 'Composite Tetric N-Ceram Bulk Fill IVA', 0, 0, '2018-07-19 02:56:47', '2019-10-07 18:26:10', 2, 1),
(140, 'FL003-28', 'Composite Tetric N-Ceram Bulk Fill IVB', 0, 4, '2018-07-19 02:57:24', '2018-10-03 02:42:17', 2, 1),
(141, 'FL003-29', 'Composite Tetric N-Ceram C1 Enamel', 0, 0, '2018-07-19 02:58:12', '2018-08-09 01:18:37', 2, 1),
(142, 'FL003-30', 'Composite Tetric N-Ceram C2 Enamel', 0, 0, '2018-07-19 02:58:50', '2018-08-09 01:18:49', 2, 1),
(143, 'FL003-31', 'Composite Tetric N-Ceram C3 Enamel', 0, 0, '2018-07-19 02:59:24', '2018-08-09 01:19:03', 2, 1),
(144, 'FL003-32', 'Composite Tetric N-Ceram D1 Enamel', 0, 0, '2018-07-19 02:59:59', '2018-08-09 01:19:15', 2, 1),
(145, 'FL003-33', 'Composite Tetric N-Ceram D2 Enamel', 0, 0, '2018-07-19 03:00:31', '2018-08-09 01:19:27', 2, 1),
(146, 'FL003-34', 'Composite Tetric N-Ceram D3 Enamel', 0, 0, '2018-07-19 03:01:12', '2018-08-09 01:19:39', 2, 1),
(147, 'FL003-35', 'Composite Tetric N-Flow A1', 0, 2, '2018-07-19 03:01:50', '2019-11-27 20:54:58', 2, 1),
(148, 'FL003-36', 'Composite Tetric N-Flow A2', 0, 4, '2018-07-19 03:02:22', '2018-11-17 01:22:29', 2, 1),
(149, 'FL003-37', 'Composite Tetric N-Flow A3', 0, 6, '2018-07-19 03:02:55', '2019-11-27 20:37:07', 2, 1),
(150, 'FL003-38', 'Composite Tetric N-Flow A3.5', 0, 0, '2018-07-19 03:03:31', '2019-05-24 00:48:10', 2, 1),
(151, 'FL003-39', 'Composite Tetric N-Flow A4', 0, 0, '2018-07-19 03:03:59', '2019-05-24 00:49:09', 2, 1),
(152, 'FL010-1', 'Fiber Reinforcement EverX Posterior', 0, 0, '2018-07-19 03:04:28', '2018-07-19 03:04:28', 2, 1),
(153, 'FL004-6', 'Polisher Coltene', 0, 0, '2018-07-19 03:05:13', '2018-07-19 03:05:13', 4, 1),
(154, 'UM016-1', 'Dental Dam Rubber Heavy Green', 0, 0, '2018-07-19 03:05:44', '2018-07-19 03:05:44', 6, 1),
(155, 'UM016-2', 'Dental Dam Rubber Medium Green', 0, 0, '2018-07-19 03:06:17', '2018-07-19 03:06:17', 6, 1),
(156, 'UM016-3', 'Dental Dam Rubber Medium Blue', 0, 0, '2018-07-19 03:06:46', '2018-07-19 03:06:46', 6, 1),
(157, 'UM016-4', 'Dental Dam Coltene', 0, 0, '2018-07-19 03:07:24', '2018-07-19 03:07:24', 6, 1),
(158, 'UM016-5', 'Dental Dam Non Latex Medium', 0, 0, '2018-07-19 03:08:16', '2018-07-19 03:08:16', 6, 1),
(159, 'UM016-6', 'Dental Dam Flexy Non Latex Medium', 0, 0, '2018-07-19 03:08:48', '2018-07-19 03:08:48', 6, 1),
(160, 'UM016-7', 'Dental Dam Hygenic Frame', 0, 3, '2018-07-19 03:09:17', '2019-11-18 19:23:41', 6, 1),
(161, 'UM002-3', 'Brush Coltene Yellow', 0, 0, '2018-07-19 03:09:48', '2018-07-19 03:09:48', 6, 1),
(162, 'ED002-1', 'C File S=10 P=21', 0, 0, '2018-07-19 03:10:59', '2018-07-19 03:10:59', 1, 1),
(163, 'ED002-2', 'C File S=10 P=25', 0, 0, '2018-07-19 03:11:46', '2018-07-19 03:11:46', 1, 1),
(164, 'ED002-3', 'C File S=12 P=19', 0, 0, '2018-07-19 03:12:23', '2018-07-19 03:12:23', 1, 1),
(165, 'ED002-4', 'C File S=12 P=21', 0, 0, '2018-07-19 03:12:55', '2018-07-19 03:12:55', 1, 1),
(166, 'ED002-5', 'C File S=6 P=19', 0, 0, '2018-07-19 03:13:36', '2018-07-19 03:13:36', 1, 1),
(167, 'ED002-6', 'C File S=6 P=21', 0, 0, '2018-07-19 03:15:05', '2018-07-19 03:15:05', 1, 1),
(168, 'ED002-7', 'C File S=6 P=25', 0, 0, '2018-07-19 03:15:34', '2018-07-19 03:15:34', 1, 1),
(169, 'ED002-8', 'C File S=8 P=19', 0, 0, '2018-07-19 03:16:09', '2018-07-19 03:16:09', 1, 1),
(170, 'ED002-9', 'C File S=8 P=21', 0, 0, '2018-07-19 03:16:47', '2018-07-19 03:16:47', 1, 1),
(171, 'ED002-10', 'C File S=8 P=25', 0, 0, '2018-07-19 03:17:24', '2018-07-19 03:17:24', 1, 1),
(172, 'ED010-1', 'Ekstirpasi S=0-6 P=25', 0, 0, '2018-07-19 03:18:00', '2018-07-19 03:18:00', 1, 1),
(173, 'ED010-2', 'Ekstirpasi S=1 P=21', 0, 0, '2018-07-19 03:18:34', '2018-07-19 03:18:34', 1, 1),
(174, 'ED010-3', 'Ekstirpasi S=2 P=25', 0, 0, '2018-07-19 03:19:08', '2018-07-19 03:19:08', 1, 1),
(175, 'ED010-4', 'Ekstirpasi S=3 P=21', 0, 0, '2018-07-19 03:19:57', '2018-07-19 03:19:57', 1, 1),
(176, 'ED010-5', 'Ekstirpasi S=3 P=25', 0, 0, '2018-07-19 03:20:52', '2018-07-19 03:20:52', 1, 1),
(177, 'ED011-1', 'Gates Gliden  S=1 P=32', 0, 0, '2018-07-19 03:21:42', '2018-07-19 03:21:42', 1, 1),
(178, 'ED011-2', 'Gates Gliden  S=2 P=32', 0, 0, '2018-07-19 03:22:14', '2018-07-19 03:22:14', 1, 1),
(179, 'ED011-3', 'Gates Gliden  S=4 P=32', 0, 0, '2018-07-19 03:22:49', '2018-07-19 03:22:49', 1, 1),
(180, 'ED011-4', 'Gates Gliden  S=6 P=32', 0, 0, '2018-07-19 03:23:18', '2019-11-21 03:12:58', 1, 1),
(181, 'ED002-11', 'K-File NITI S=15 P=25', 0, 0, '2018-07-19 03:23:56', '2018-07-19 03:23:56', 1, 1),
(182, 'ED002-12', 'K-File Dentsply S=10 P=21', 0, 0, '2018-07-19 03:24:27', '2018-07-19 03:24:27', 1, 1),
(183, 'ED002-13', 'K-File Dentsply S=10 P=25', 0, 0, '2018-07-19 03:25:00', '2019-06-22 05:21:18', 1, 1),
(184, 'ED002-14', 'K-File Dentsply S=15 P=21', 0, 0, '2018-07-19 03:25:28', '2018-07-19 03:25:28', 1, 1),
(185, 'ED002-15', 'K-File Dentsply S=15 P=25', 0, 1, '2018-07-19 03:26:01', '2019-05-22 05:38:32', 1, 1),
(186, 'ED002-16', 'K-File Dentsply S=8 P=21', 0, 0, '2018-07-19 03:26:53', '2018-07-19 03:26:53', 1, 1),
(187, 'ED002-17', 'K-File Dentsply S=8 P=25', 0, 0, '2018-07-19 03:27:29', '2018-07-19 03:27:29', 1, 1),
(188, 'ED012-1', 'Lentulo S=25 P=21', 0, 0, '2018-07-19 03:28:01', '2018-07-19 03:28:01', 1, 1),
(189, 'ED005-1', 'Gutta Percha Meta Biomed S=20.06', 0, 0, '2018-07-19 03:28:38', '2019-11-20 01:27:47', 1, 1),
(190, 'ED001-1', 'Mtwo S=10 P=21', 0, 15, '2018-07-19 03:29:21', '2019-12-16 18:58:10', 1, 1),
(191, 'ED001-2', 'Mtwo S=10 P=25', 0, 11, '2018-07-19 03:29:51', '2019-12-14 04:47:40', 1, 1),
(192, 'ED001-3', 'Mtwo S=10 P=31', 0, 6, '2018-07-19 03:30:28', '2018-07-20 20:50:06', 1, 1),
(193, 'ED001-4', 'Mtwo S=10-20 P=21', 0, 0, '2018-07-19 03:31:00', '2018-07-19 03:31:00', 1, 1),
(194, 'ED001-5', 'Mtwo S=10-20 P=25', 0, 0, '2018-07-19 03:31:30', '2018-07-19 03:31:30', 1, 1),
(195, 'ED001-6', 'Mtwo S=15 P=21', 0, 17, '2018-07-19 03:32:02', '2019-12-16 18:40:19', 1, 1),
(196, 'ED001-7', 'Mtwo S=15 P=25', 0, 17, '2018-07-19 03:32:38', '2019-12-14 04:50:25', 1, 1),
(197, 'ED001-8', 'Mtwo S=15 P=31', 0, 6, '2018-07-19 03:33:13', '2018-07-20 20:51:58', 1, 1),
(198, 'ED001-9', 'Mtwo S=20 P=21', 0, 16, '2018-07-19 03:33:52', '2019-12-16 18:41:13', 1, 1),
(199, 'ED001-10', 'Mtwo S=20 P=25', 0, 12, '2018-07-19 03:34:25', '2019-12-14 04:51:37', 1, 1),
(200, 'ED001-11', 'Mtwo S=20 P=31', 0, 6, '2018-07-19 03:34:56', '2018-07-20 20:54:48', 1, 1),
(201, 'ED001-12', 'Mtwo S=25 P=21', 0, 12, '2018-07-19 03:35:29', '2019-12-16 18:42:17', 1, 1),
(202, 'ED001-13', 'Mtwo S=25 P=25', 0, 9, '2018-07-19 03:35:57', '2019-12-14 04:54:11', 1, 1),
(203, 'ED001-14', 'Mtwo S=25 P=31', 0, 6, '2018-07-19 03:36:27', '2018-07-20 20:57:11', 1, 1),
(204, 'ED001-15', 'Mtwo S=30 P=21', 0, 10, '2018-07-19 03:37:09', '2019-12-14 05:08:28', 1, 1),
(205, 'ED001-16', 'Mtwo S=30 P=22', 0, 0, '2018-07-19 03:37:43', '2018-07-19 03:37:43', 1, 1),
(206, 'ED001-17', 'Mtwo S=30 P=25', 0, 1, '2018-07-19 03:38:17', '2019-12-14 04:56:41', 1, 1),
(207, 'ED001-18', 'Mtwo S=30-40 P=25', 0, 0, '2018-07-19 03:38:48', '2018-07-19 03:38:48', 1, 1),
(208, 'ED001-19', 'Mtwo S=35 P=21', 0, 2, '2018-07-19 03:39:17', '2018-07-20 20:59:49', 1, 1),
(209, 'ED001-20', 'Mtwo S=35 P=23', 0, 0, '2018-07-19 03:39:45', '2018-07-19 03:39:45', 1, 1),
(210, 'ED001-21', 'Mtwo S=35 P=25', 0, 2, '2018-07-19 03:40:14', '2018-07-20 21:00:41', 1, 1),
(211, 'ED001-22', 'Mtwo S=45-60 P=25', 0, 0, '2018-07-19 03:40:48', '2018-07-19 03:40:48', 1, 1),
(212, 'ED005-2', 'Gutta Percha One Step S=20', 0, 4, '2018-07-20 18:09:16', '2018-09-07 18:58:47', 1, 1),
(213, 'ED005-3', 'Gutta Percha One StepS=25', 0, 0, '2018-07-20 18:10:08', '2019-07-09 05:25:34', 1, 1),
(214, 'ED005-4', 'Gutta Percha One Step S=30', 0, 0, '2018-07-20 18:10:33', '2019-11-28 01:58:35', 1, 1),
(215, 'ED005-5', 'Gutta Percha One Step S=40', 0, 0, '2018-07-20 18:10:57', '2019-11-28 02:00:48', 1, 1),
(216, 'ED005-6', 'Gutta Percha One Step S=50', 0, 1, '2018-07-20 18:11:25', '2018-09-07 18:59:32', 1, 1),
(217, 'ED005-7', 'Gutta Percha One Step S=60', 0, 0, '2018-07-20 18:11:50', '2018-07-20 18:11:50', 1, 1),
(218, 'ED006-1', 'Peeso Reamer S=1 P=32', 0, 0, '2018-07-20 18:12:15', '2018-07-20 18:12:15', 1, 1),
(219, 'ED006-2', 'Peeso Reamer S=1-6 P=32', 0, 0, '2018-07-20 18:12:38', '2018-07-20 18:12:38', 1, 1),
(220, 'ED006-3', 'Peeso Reamer S=2 P=32', 0, 0, '2018-07-20 18:13:06', '2018-07-20 18:13:06', 1, 1),
(221, 'ED007-2', 'Paper Point Sure Endo S=20.06', 0, 0, '2018-07-20 18:14:04', '2018-07-20 18:14:04', 1, 1),
(222, 'ED007-3', 'Paper Point Sure Endo S=25.06', 0, 0, '2018-07-20 18:14:38', '2018-07-20 18:14:38', 1, 1),
(223, 'ED005-8', 'Gutta Percha TF Adaptive Med/Lrg Assorted', 0, 0, '2018-07-20 18:15:03', '2018-11-13 18:36:07', 1, 1),
(224, 'ED005-9', 'Gutta Percha TF Adaptive Small Assorted', 0, 0, '2018-07-20 18:16:00', '2018-11-13 18:36:25', 1, 1),
(225, 'ED003-1', 'TF Adaptive Med/Lrg P = 23mm', 0, 2, '2018-07-20 18:16:28', '2019-12-14 01:20:10', 1, 1),
(226, 'ED003-2', 'TF Adaptive Med/Lrg P = 27mm', 0, 8, '2018-07-20 18:16:56', '2019-12-16 18:21:57', 1, 1),
(227, 'ED003-3', 'TF Adaptive Small P = 23mm', 0, 2, '2018-07-20 18:17:21', '2019-12-14 01:19:12', 1, 1),
(228, 'ED003-4', 'TF Adaptive Small P = 27mm', 0, 10, '2018-07-20 18:17:48', '2019-12-16 18:20:40', 1, 1),
(229, 'ED009-1', 'EDTA Bulk Syiringe', 0, 0, '2018-07-20 18:18:27', '2018-07-20 18:18:27', 1, 1),
(230, 'ED013-1', 'Endo Irigant Smear Off 2 in 1', 0, 1, '2018-07-20 18:18:56', '2018-07-26 17:59:07', 1, 1),
(231, 'LB010-5', 'Tip Suction Canal Pro', 0, 0, '2018-07-20 18:19:30', '2018-07-20 18:19:30', 5, 1),
(232, 'SG005-1', 'Syiringe Coltene Red', 0, 0, '2018-07-20 18:20:11', '2018-07-20 18:20:11', 4, 1),
(233, 'SG005-2', 'Syiringe Coltene Yellow', 0, 0, '2018-07-20 18:20:46', '2018-07-20 18:20:46', 4, 1),
(234, 'SG005-3', 'Syiringe Coltene Blue', 0, 0, '2018-07-20 18:21:13', '2018-07-20 18:21:13', 4, 1),
(235, 'ED002-18', 'K-File Diadent S=15mm P=25mm', 0, 0, '2018-07-20 18:21:52', '2018-07-20 18:21:52', 1, 1),
(236, 'ED002-19', 'K-File Diadent S=10mm P=25mm', 0, 0, '2018-07-20 18:22:20', '2018-07-20 18:22:20', 1, 1),
(237, 'ED002-20', 'K-File Diadent S=8mm P=25mm', 0, 0, '2018-07-20 18:22:52', '2018-07-20 18:22:52', 1, 1),
(238, 'OT009-1', 'Button 3B Lingual Eliptic', 0, 0, '2018-07-20 18:23:42', '2018-07-20 18:23:42', 3, 1),
(239, 'OT008-1', 'Hooks Crimpable', 0, 1, '2018-07-20 18:24:17', '2019-06-21 20:34:27', 3, 1),
(240, 'OT003-1', 'Buccal Tube Accent Mini Regio 16', 0, 10, '2018-07-20 18:24:42', '2019-12-14 02:13:42', 3, 1),
(241, 'OT003-2', 'Buccal Tube Accent Mini Regio 17', 0, 10, '2018-07-20 18:25:06', '2019-12-14 02:23:03', 3, 1),
(242, 'OT003-3', 'Buccal Tube Accent Mini Regio 26', 0, 10, '2018-07-20 18:25:32', '2019-07-31 05:41:22', 3, 1),
(243, 'OT003-4', 'Buccal Tube Accent Mini Regio 27', 0, 10, '2018-07-20 18:25:59', '2019-12-14 02:23:03', 3, 1),
(244, 'OT003-5', 'Buccal Tube Accent Mini Regio 36', 0, 12, '2018-07-20 18:26:30', '2019-12-14 02:13:42', 3, 1),
(245, 'OT003-6', 'Buccal Tube Accent Mini Regio 37', 0, 10, '2018-07-20 18:27:01', '2019-12-14 02:13:42', 3, 1),
(246, 'OT003-7', 'Buccal Tube Accent Mini Regio 46', 0, 2, '2018-07-20 18:27:57', '2019-12-14 02:13:42', 3, 1),
(247, 'OT003-8', 'Buccal Tube Accent Mini Regio 47', 0, 10, '2018-07-20 18:28:55', '2019-12-14 02:13:42', 3, 1),
(248, 'OT007-1', 'Sleeve Archwire', 0, 1, '2018-07-20 18:29:23', '2018-07-20 20:23:56', 3, 1),
(249, 'OT012-1', 'Ligature Wire 10 x 28 P=6', 0, 0, '2018-07-20 18:29:52', '2018-07-20 18:29:52', 3, 1),
(250, 'OT010-1', 'Chewies Tray Seater', 0, 3, '2018-07-20 18:30:36', '2019-07-11 02:47:32', 3, 1),
(251, 'OT008-2', 'Hooks Damon Drop-In Hooks', 0, 5, '2018-07-20 18:31:09', '2019-11-04 03:56:22', 3, 1),
(252, 'OT004-1', 'Wire Damon CuNiTi 0.016 x 25', 0, 1, '2018-07-20 18:31:43', '2019-12-14 02:25:21', 3, 1),
(253, 'OT004-2', 'Wire Damon CuNiTi 0.013', 0, 1, '2018-07-20 18:32:19', '2019-12-14 02:13:42', 3, 1),
(254, 'OT004-3', 'Wire Damon CuNiTi 0.014', 0, 1, '2018-07-20 18:32:49', '2019-12-14 02:13:43', 3, 1),
(255, 'OT004-4', 'Wire Damon CuNiTi 0.014 x 25', 0, 1, '2018-07-20 18:33:20', '2019-12-14 02:25:21', 3, 1),
(256, 'OT004-5', 'Wire Damon CuNiTi 0.016', 0, 1, '2018-07-20 18:34:36', '2019-12-14 02:13:43', 3, 1),
(257, 'OT004-6', 'Wire Damon CuNiTi 0.018', 0, 0, '2018-07-20 18:35:12', '2019-11-04 04:00:35', 3, 1),
(258, 'OT004-7', 'Wire Damon Pre Torque 38mm 20 Degree 0.016 x 25', 0, 0, '2018-07-20 18:35:37', '2018-07-20 18:35:37', 3, 1),
(259, 'OT001-1', 'Damon Q Single Patient Kit Low Torque', 0, 3, '2018-07-20 18:36:03', '2019-07-07 19:19:29', 3, 1),
(260, 'OT001-2', 'Damon Q Single Patient Kit Standard', 0, 3, '2018-07-20 18:36:53', '2019-11-13 00:21:36', 3, 1),
(261, 'OT001-3', 'Damon Q Single Patient Kit Super Torque', 0, 4, '2018-07-20 18:37:25', '2019-12-14 02:13:43', 3, 1),
(262, 'OT004-8', 'Wire Damon Rev Curve 0.016 x 25', 0, 0, '2018-07-20 18:37:56', '2018-07-20 18:37:56', 3, 1),
(263, 'OT004-9', 'Wire Damon Rev Curve 0.017 x 25', 0, 2, '2018-07-20 18:38:21', '2019-07-30 02:06:46', 3, 1),
(264, 'OT004-10', 'Wire Damon SS 0.016 x 25', 0, 10, '2018-07-20 18:38:47', '2019-12-14 02:23:03', 3, 1),
(265, 'OT004-11', 'Wire Damon SS 0.019 x 25', 0, 5, '2018-07-20 18:39:20', '2019-08-14 22:55:57', 3, 1),
(266, 'OT004-12', 'Wire Damon TMA  0.017 x 25', 0, 0, '2018-07-20 18:39:47', '2019-11-04 03:59:31', 3, 1),
(267, 'OT004-13', 'Wire Damon TMA  0.019 x 25', 0, 5, '2018-07-20 18:40:34', '2019-07-30 02:05:53', 3, 1),
(268, 'FL004-7', 'Polisher Eve Bracket Cone', 0, 0, '2018-07-20 18:41:20', '2018-07-20 18:41:20', 2, 1),
(269, 'OT005-1', 'Coil Open', 0, 1, '2018-07-20 18:42:05', '2018-07-20 20:27:49', 3, 1),
(270, 'OT011-1', 'Ortho Adhesive Ormco Enlight', 0, 5, '2018-07-20 18:42:31', '2019-11-16 03:16:38', 3, 1),
(271, 'OT012-2', 'Ligature Wire Ormco 0.009', 0, 0, '2018-07-20 18:43:00', '2018-07-20 18:43:00', 3, 1),
(272, 'OT012-3', 'Ligature Wire Ormco 0.01', 0, 0, '2018-07-20 18:43:26', '2018-07-20 18:43:26', 3, 1),
(273, 'OT009-2', 'Button Lingual Ormco Eliptic', 0, 15, '2018-07-20 18:44:04', '2018-07-27 20:45:44', 3, 1),
(274, 'OT005-2', 'Coil Close Ormco Ni-Ti  9mm Medium Force', 0, 1, '2018-07-20 18:44:29', '2018-07-20 20:28:40', 3, 1),
(275, 'OT005-3', 'Coil Close Ormco Ni-Ti 12mm Medium', 0, 3, '2018-07-20 18:44:59', '2019-07-30 03:56:26', 3, 1),
(276, 'OT006-1', 'Power Chain Close', 0, 0, '2018-07-20 18:45:24', '2018-07-20 18:45:24', 3, 1),
(277, 'OT006-2', 'Power Chain Open', 0, 0, '2018-07-20 18:46:00', '2018-07-20 18:46:00', 3, 1),
(278, 'OT006-3', 'Power Chain Wide', 0, 0, '2018-07-20 18:46:28', '2018-07-20 18:46:28', 3, 1),
(279, 'OT009-3', 'Button Lingual PT Rectangle', 0, 0, '2018-07-20 18:47:23', '2018-07-20 18:47:23', 3, 1),
(280, 'OT009-4', 'Button Lingual PT Round', 0, 0, '2018-07-20 18:48:06', '2018-07-27 20:46:14', 3, 1),
(281, 'OT013-1', 'Lingual Retainer PT Lower 31#', 0, 0, '2018-07-20 18:49:14', '2018-07-20 18:49:14', 3, 1),
(282, 'OT013-2', 'Lingual Retainer PT Lower 35#', 0, 0, '2018-07-20 18:50:04', '2018-07-20 18:50:04', 3, 1),
(283, 'OT013-3', 'Lingual Retainer PT Upper 28#', 0, 0, '2018-07-20 18:50:30', '2018-07-20 18:50:30', 3, 1),
(284, 'OT013-4', 'Lingual Retainer PT Upper 30#', 0, 0, '2018-07-20 18:51:27', '2018-07-20 18:51:27', 3, 1),
(285, 'OT003-9', 'Buccal Tube Snaplink 16', 0, 20, '2018-07-20 18:51:54', '2019-12-14 02:23:03', 3, 1),
(286, 'OT003-10', 'Buccal Tube Snaplink 26', 0, 20, '2018-07-20 18:52:27', '2019-12-14 02:23:03', 3, 1),
(287, 'OT003-11', 'Buccal Tube Snaplink 36', 0, 20, '2018-07-20 18:52:56', '2019-07-30 04:00:48', 3, 1),
(288, 'OT003-12', 'Buccal Tube Snaplink 46', 0, 20, '2018-07-20 18:53:22', '2019-12-14 02:23:03', 3, 1),
(289, 'OT003-13', 'Buccal Tube Titanium 16', 0, 5, '2018-07-20 18:54:18', '2019-12-14 01:02:44', 3, 1),
(290, 'OT003-14', 'Buccal Tube Titanium 17', 0, 0, '2018-07-20 18:54:56', '2018-09-17 01:09:32', 3, 1),
(291, 'OT003-15', 'Buccal Tube Titanium 26', 0, 0, '2018-07-20 18:55:32', '2019-07-30 03:26:33', 3, 1),
(292, 'OT003-16', 'Buccal Tube Titanium 27', 0, 0, '2018-07-20 18:56:12', '2018-07-20 18:56:12', 3, 1),
(293, 'OT003-17', 'Buccal Tube Titanium 36', 0, 0, '2018-07-20 18:56:40', '2018-10-29 18:30:57', 3, 1),
(294, 'OT003-18', 'Buccal Tube Titanium 37', 0, 0, '2018-07-20 18:57:07', '2018-07-20 18:57:07', 3, 1),
(295, 'OT003-19', 'Buccal Tube Titanium 46', 0, 0, '2018-07-20 18:57:35', '2019-11-13 00:25:50', 3, 1),
(296, 'OT003-20', 'Buccal Tube Titanium 47', 0, 0, '2018-07-20 18:58:02', '2018-07-20 18:58:02', 3, 1),
(297, 'UM023-1', 'Tray Adhesive Virtual Ivoclar', 0, 1, '2018-07-20 18:58:28', '2019-10-10 03:07:11', 6, 1),
(298, 'FL005-6', 'Bonding Optibond S', 0, 0, '2018-07-20 18:58:54', '2019-07-09 05:58:04', 2, 1),
(299, 'OT004-14', 'Wire Damon CuNiTi 0.018 x 25', 0, 0, '2018-07-20 19:12:15', '2019-11-04 04:01:31', 3, 1),
(300, 'OT011-2', 'Ortho Adhesive Enlight Unidose', 0, 0, '2018-07-20 19:15:43', '2019-07-30 03:57:26', 3, 1),
(301, 'FL003-40', 'Composite Micerium BF2', 0, 0, '2018-07-20 19:16:26', '2019-05-24 01:13:29', 2, 1),
(302, 'FL003-41', 'Composite Micerium BF3', 0, 3, '2018-07-20 19:16:54', '2019-12-14 01:14:49', 2, 1),
(303, 'FL003-42', 'Composite Micerium UD6', 0, 2, '2018-07-20 19:17:22', '2019-12-14 01:16:09', 2, 1),
(304, 'FL003-43', 'Composite Micerium UE1', 0, 0, '2018-07-20 19:17:54', '2019-11-15 17:44:42', 2, 1),
(305, 'FL003-44', 'Composite Micerium UE2', 0, 1, '2018-07-20 19:18:31', '2019-11-15 17:52:14', 2, 1),
(306, 'FL003-45', 'Composite Micerium UE3', 0, 1, '2018-07-20 19:18:55', '2019-11-15 17:52:14', 2, 1),
(307, 'FL003-46', 'Composite Micerium UD1', 0, 0, '2018-07-20 19:19:20', '2019-11-15 17:41:06', 2, 1),
(308, 'FL003-47', 'Composite Micerium UD2', 0, 1, '2018-07-20 19:19:49', '2019-11-15 17:52:14', 2, 1),
(309, 'ED005-10', 'Gutta Percha Diadent Assorted .06 (S=15-40)', 0, 1, '2018-07-20 19:20:18', '2019-06-26 19:32:07', 1, 1),
(310, 'ED007-4', 'Paper Point Diadent Assorted .04 (S=45-80)', 0, 0, '2018-07-20 19:20:44', '2018-07-20 19:20:44', 1, 1),
(311, 'ED007-5', 'Paper Point Diadent Assorted (S=45-80)', 0, 0, '2018-07-20 19:21:07', '2018-07-20 19:21:07', 1, 1),
(312, 'ED005-11', 'Gutta Percha Diadent .06 (S=30)', 0, 6, '2018-07-20 19:21:32', '2018-09-07 19:06:44', 1, 1),
(313, 'UM018-6', 'Karpul Transcodent  30G/16mm', 0, 0, '2018-07-22 19:21:44', '2019-01-24 04:29:07', 6, 1),
(314, 'UM018-7', 'Karpul Starject 27G/30mm', 0, 3, '2018-07-22 19:24:50', '2019-11-18 19:55:26', 6, 1),
(315, 'UM018-8', 'Karpul C-Kject 30G/16mm', 0, 5, '2018-07-22 19:25:27', '2018-07-22 19:25:27', 6, 1),
(316, 'LB002-1', 'Cairan Desinfeksi Zeta 5 Unit', 0, 1, '2018-07-22 19:50:01', '2019-07-24 05:18:54', 5, 1),
(317, 'LB002-2', 'Cairan Desinfeksi Gigasept', 0, 0, '2018-07-22 19:50:42', '2019-07-24 05:20:23', 5, 1),
(318, 'UM008-8', 'Anastesi Septocaine', 0, 3, '2018-07-22 20:06:25', '2018-12-29 01:05:27', 6, 1),
(319, 'UM014-1', 'Microbrush TPC Pink', 0, 3, '2018-07-22 21:24:58', '2019-12-16 18:17:43', 6, 1),
(320, 'UM014-2', 'Microbrush TPC White', 0, 4, '2018-07-22 21:25:33', '2019-11-18 18:28:38', 6, 1),
(321, 'UM014-3', 'Microbrush TPC Blue', 0, 17, '2018-07-22 21:28:14', '2019-12-16 18:23:37', 6, 1),
(322, 'UM014-4', 'Microbrush TPC Yellow', 0, 19, '2018-07-22 21:29:06', '2019-12-16 18:24:43', 6, 1),
(323, 'UM014-5', 'Microbrush TPC Green', 0, 6, '2018-07-22 21:29:43', '2019-11-18 18:31:58', 6, 1),
(324, 'UM014-6', 'Microbrush TPC Orange', 0, 7, '2018-07-22 21:30:29', '2019-11-18 18:32:59', 6, 1),
(325, 'UM024-1', 'Opalescence Go Mint 15%', 0, 0, '2018-07-24 19:04:53', '2019-06-21 18:20:43', 6, 1),
(326, 'FL004-8', 'Polisher Onegloss Cup', 0, 91, '2018-07-24 19:23:03', '2019-12-16 18:44:42', 2, 1),
(327, 'FL004-9', 'Polisher Onegloss Midi', 0, 132, '2018-07-24 19:23:58', '2019-11-16 03:34:07', 2, 1),
(328, 'FL004-10', 'Polisher Onegloss IC', 0, 174, '2018-07-24 19:25:07', '2019-06-28 02:54:51', 2, 1),
(329, 'FL004-11', 'Polisher Onegloss Mandrel', 0, 19, '2018-07-24 19:27:51', '2018-08-24 17:51:51', 2, 1),
(330, 'LB011-1', 'Shofu Ceramage AC1', 0, 0, '2018-07-24 20:11:30', '2018-07-24 21:25:54', 5, 1),
(331, 'LB011-2', 'Shofu Ceramage AC2', 0, 0, '2018-07-24 20:12:36', '2018-07-24 21:31:04', 5, 1),
(332, 'LB012-1', 'Gipsum GC Hi-Rock', 0, 1, '2018-07-24 20:16:07', '2018-07-24 20:34:07', 5, 1),
(333, 'LB012-2', 'Gipsum GC G-Rock', 0, 1, '2018-07-24 20:16:39', '2018-07-24 20:34:07', 5, 1),
(334, 'UM025-1', 'Tooth Stain Remover RUSCO', 0, 0, '2018-07-24 20:24:58', '2019-11-04 04:19:55', 6, 1),
(335, 'SG004-1', 'Blade Swann-Morton 15', 0, 13, '2018-07-24 21:19:52', '2019-11-27 19:24:59', 4, 1),
(336, 'SG004-2', 'Blade Swann-Morton 15C', 0, 9, '2018-07-24 21:20:29', '2019-11-27 19:26:00', 4, 1),
(337, 'SG004-3', 'Blade Trinon 12d', 0, 2, '2018-07-24 21:21:01', '2019-09-24 05:31:08', 4, 1),
(338, 'UM020-2', 'Pasta Polish Radent Phrophy Mint', 0, 0, '2018-07-26 17:45:16', '2019-06-25 04:56:42', 6, 1),
(339, 'UM020-3', 'Pasta Polish Radent Phrophy Bubble Gum', 0, 0, '2018-07-26 17:49:15', '2018-07-26 17:49:15', 4, 1),
(340, 'UM020-3', 'Pasta Polish Radent Phrophy Bubble Gum', 0, 0, '2018-07-26 17:50:41', '2018-07-26 17:50:41', 4, 1),
(341, 'UM011-1', 'Biolase Epic Tip E4-4mm', 0, 0, '2018-07-26 17:52:36', '2019-11-18 19:15:44', 6, 1),
(342, 'FL004-12', 'Polisher ContacEZ Combined Package', 0, 1, '2018-07-26 18:19:47', '2018-07-26 18:19:47', 4, 1),
(343, 'UM012-13', 'Bahan Cetak Regisil 2X', 0, 2, '2018-07-26 18:28:46', '2019-11-20 02:05:31', 4, 1),
(344, 'UM001-3', 'Bubuk Airflow EMS PLUS', 0, 4, '2018-07-26 18:37:30', '2018-11-22 18:15:53', 6, 1),
(345, 'UM013-6', 'Matriks Garrison Composi-Tight 3D set', 0, 3, '2018-07-26 18:40:01', '2018-07-26 18:40:01', 6, 1),
(346, 'LB005-5', 'Vacum Retainer Durasoft Seal 0.1 x 125 mm', 0, 2, '2018-07-26 18:46:24', '2018-07-26 18:56:01', 5, 1),
(347, 'LB005-6', 'Vacum Retainer Bioplast Bleach 1,0 x 125mm', 0, 2, '2018-07-26 18:47:07', '2018-07-26 18:47:07', 4, 1),
(348, 'LB005-7', 'Vacum Retainer Duran 2,0 x 125 mm', 0, 2, '2018-07-26 18:47:55', '2018-07-26 18:47:55', 5, 1),
(349, 'LB005-8', 'Vacum Retainer Durasoft Pd 1,2 x 125 mm', 0, 1, '2018-07-26 18:49:50', '2018-07-26 18:49:50', 5, 1),
(350, 'LB007-1', 'Individual Tray MP-Tray', 0, 4, '2018-07-26 18:53:21', '2018-07-26 18:53:21', 5, 1),
(351, 'LB013-1', 'CaviWipes', 0, 6, '2018-07-26 19:02:58', '2018-12-12 19:35:34', 5, 1),
(352, 'FL009-2', 'Bur SS White HP 6', 0, 40, '2018-08-03 19:05:20', '2018-08-03 19:05:20', 2, NULL),
(354, 'ED005-12', 'Gutta Percha Meta Biomed S=30', 0, 10, '2018-08-06 00:45:35', '2018-08-06 00:45:35', 1, 1),
(355, 'ED005-13', 'Gutta Percha Meta Biomed S=35', 0, 5, '2018-08-06 00:47:18', '2018-08-06 00:47:40', 1, 1),
(356, 'ED005-14', 'Gutta Percha Precise S=35', 0, 2, '2018-08-06 00:48:47', '2018-12-12 19:08:35', 1, 1),
(357, 'ED005-15', 'Gutta Percha Dia Dent S=50.06', 0, 3, '2018-08-06 00:49:45', '2018-08-06 00:49:45', 1, 1),
(358, 'ED005-16', 'Gutta Percha Precise S=25', 0, 2, '2018-08-06 00:50:19', '2018-12-12 19:03:20', 1, 1),
(360, 'ED005-18', 'Gutta Percha Precise S=40', 0, 1, '2018-08-06 00:51:36', '2019-11-20 01:37:47', 1, 1),
(362, 'ED005-19', 'Gutta Percha Sure-Endo S=35.06', 0, 1, '2018-08-06 00:55:01', '2019-11-20 01:38:20', 1, 1),
(363, 'ED005-20', 'Gutta Percha Sure-Endo S=F3', 0, 5, '2018-08-06 00:56:43', '2018-09-12 03:29:41', 1, 1),
(364, 'ED007-6', 'Paper Poin Dia Dend S=45-80.06', 0, 6, '2018-08-06 00:57:15', '2018-09-07 19:25:11', 1, 1),
(365, 'ED007-7', 'Paper Poin Inline S=45/80', 0, 1, '2018-08-06 00:57:45', '2018-09-07 19:42:10', 1, 1),
(366, 'ED005-21', 'Gutta Percha Sure-Endo S=F4-F5', 0, 1, '2018-08-06 00:58:16', '2018-09-12 03:30:05', 1, 1),
(368, 'ED007-8', 'Paper Point Goldent S=25', 0, 5, '2018-08-06 01:01:17', '2019-11-27 20:53:30', 1, 1),
(369, 'ED007-9', 'Paper Point Spident S=35.04', 0, 4, '2018-08-06 01:04:16', '2018-09-07 19:26:50', 1, 1),
(370, 'ED007-10', 'Paper Point Goldent S=15-40', 0, 6, '2018-08-06 01:04:56', '2019-06-28 02:56:15', 1, 1),
(371, 'ED007-11', 'Paper Point Goldent S=15', 0, 5, '2018-08-06 01:31:14', '2019-09-24 03:29:11', 1, 1),
(372, 'ED007-12', 'Paper Point Spident S=25.06', 0, 10, '2018-08-06 01:34:38', '2019-06-25 05:50:34', 1, 1),
(373, 'ED007-13', 'Paper Point Goldent S=40', 0, 13, '2018-08-06 01:35:05', '2018-09-07 19:29:16', 1, 1),
(374, 'ED007-14', 'Paper Point Goldent S=20', 0, 7, '2018-08-06 01:36:14', '2018-09-07 19:29:42', 1, 1),
(375, 'ED007-15', 'Paper Point Spident  S=30.04', 0, 4, '2018-08-06 01:36:46', '2018-09-07 19:30:08', 1, 1),
(376, 'ED007-16', 'Paper Point Spident S=25.04', 0, 1, '2018-08-06 01:37:51', '2018-12-29 00:47:58', 1, 1),
(377, 'ED007-17', 'Paper Point Spident S=20.06', 0, 6, '2018-08-06 01:38:29', '2019-10-03 05:12:00', 1, 1),
(378, 'ED007-18', 'Paper Point Ace One - Endo S=35', 0, 2, '2018-08-06 01:38:56', '2018-09-07 19:32:01', 1, 1),
(379, 'ED007-19', 'Paper Point Spident S=30.06', 0, 2, '2018-08-06 01:39:27', '2019-08-14 22:31:33', 1, 1),
(380, 'ED007-20', 'Paper Point Ace One - Endo S=40', 0, 0, '2018-08-06 01:40:28', '2019-06-24 02:39:22', 1, 1),
(381, 'ED007-21', 'Paper Point Spident S=20.04', 0, 2, '2018-08-06 01:40:54', '2019-06-26 20:19:40', 1, 1),
(382, 'ED007-22', 'Paper Point Spident S=15-40', 0, 0, '2018-08-06 01:41:21', '2019-06-24 19:15:44', 1, 1),
(383, 'ED007-23', 'Paper Point Spident S=45-80', 0, 1, '2018-08-06 01:41:44', '2018-09-07 19:34:48', 1, 1),
(384, 'ED007-24', 'Paper Point Ace One-Endo S=25', 0, 0, '2018-08-06 01:42:08', '2018-09-07 19:35:13', 1, 1),
(385, 'ED007-25', 'Paper Point Spident S=35.06', 0, 1, '2018-08-06 01:42:40', '2018-09-07 19:35:45', 1, 1),
(386, 'FL009-3', 'Bur SS White HP 7', 0, 40, '2018-08-06 01:44:44', '2018-08-06 01:44:44', 2, 1),
(387, 'FL009-4', 'Bur SS White HP 8', 0, 40, '2018-08-06 01:45:20', '2018-08-06 01:45:20', 2, 1),
(388, 'FL009-5', 'Bur SS White HP-701', 0, 182, '2018-08-06 01:45:42', '2018-08-06 01:45:42', 2, 1),
(389, 'FL009-6', 'Bur SS White HP-702', 0, 120, '2018-08-06 01:46:13', '2018-12-27 02:56:10', 2, 1),
(390, 'FL009-7', 'Bur SS White HP-703', 0, 40, '2018-08-06 01:46:34', '2018-08-06 01:46:34', 2, 1),
(391, 'FL009-8', 'Bur SS White HP-701 L', 0, 229, '2018-08-06 01:46:56', '2019-09-23 05:50:52', 2, 1),
(392, 'OT014-1', 'Elastic Ormco Fox', 0, 25, '2018-08-06 01:47:28', '2018-08-06 01:47:28', 3, 1),
(393, 'OT014-2', 'Elastic Ormco Dolphin', 0, 15, '2018-08-06 01:47:49', '2018-10-03 02:31:24', 3, 1),
(394, 'OT014-3', 'Elastic Ormco Kangoroo', 0, 14, '2018-08-06 01:48:16', '2018-08-06 01:48:16', 3, 1),
(395, 'OT014-4', 'Elastic Ormco Rabbit', 0, 15, '2018-08-06 01:48:34', '2018-08-06 01:48:34', 3, 1),
(396, 'OT014-5', 'Elastic Ormco Zebra', 0, 12, '2018-08-06 01:48:56', '2019-05-22 05:56:40', 3, 1),
(397, 'OT014-6', 'Elastic Ormco Quail', 0, 49, '2018-08-06 01:49:14', '2018-08-06 01:49:14', 3, 1),
(398, 'OT014-7', 'Elastic Ormco Parrot', 0, 42, '2018-08-06 01:49:31', '2018-10-03 02:30:54', 3, 1),
(399, 'SG009-1', 'Tip Laser Waterlase G Combo Pack', 0, 2, '2018-08-06 04:58:28', '2019-11-18 05:38:05', 4, 1),
(400, 'SG009-2', 'Tip Laser Waterlase MG6 Combo Pack MG6 - 4mm', 0, 2, '2018-08-06 04:58:50', '2019-11-18 05:38:35', 4, 1),
(401, 'SG009-3', 'Tip Laser Waterlase MG6 Combo Pack MG6 - 6mm', 0, 1, '2018-08-06 05:01:31', '2019-11-18 05:38:55', 4, 1),
(402, 'SG009-4', 'Tip Laser Millennium T4 Standard T4 - TIP,6mm', 0, 3, '2018-08-06 05:01:56', '2019-11-18 05:39:21', 4, 1),
(403, 'SG009-5', 'Tip Laser Millennium T4 Standard Tsurgical TIP C6,9MM', 0, 1, '2018-08-06 05:02:18', '2019-11-18 05:39:58', 4, 1),
(404, 'SG009-6', 'Tip Laser Waterlase MC6 Pack Surgical TIP MC6', 0, 2, '2018-08-06 05:02:41', '2019-11-18 05:41:29', 4, 1),
(405, 'SG009-7', 'Tip Laser Waterlase G - 6mm', 0, 4, '2018-08-06 05:02:59', '2019-11-18 05:41:51', 4, 1),
(406, 'SG009-8', 'Tip Laser Millennium T4 Standard S=200Um,P=25mm', 0, 3, '2018-08-06 05:03:25', '2019-11-18 05:42:16', 4, 1),
(407, 'SG009-9', 'Tip Laser Millennium T4 Standard S=200Um,P=18mm', 0, 1, '2018-08-06 05:03:44', '2019-11-18 05:42:41', 4, 1),
(408, 'SG009-10', 'Tip Laser Millennium T4 Standard S=200Um,P=22mm', 0, 5, '2018-08-06 05:04:10', '2019-11-18 05:43:18', 4, 1),
(409, 'SG009-11', 'Tip Laser Millennium T4 Standard S=200Um,P=20mm', 0, 2, '2018-08-06 05:04:29', '2019-11-18 05:43:45', 4, 1),
(410, 'SG009-12', 'Tip Laser Waterlase M23 Standard S=320Um,P=25mm', 0, 5, '2018-08-06 05:04:55', '2019-11-18 05:45:20', 4, 1),
(411, 'SG009-13', 'Tip Laser Waterlase MZ4 Standard S=400Um,P=28mm', 0, 4, '2018-08-06 05:05:25', '2019-11-18 05:45:51', 4, 1),
(412, 'SG009-14', 'Tip Laser Waterlase Endolase Root Canal Kit,T4 - TIP,6mm', 0, 20, '2018-08-06 05:05:46', '2019-11-18 05:52:10', 4, 1),
(413, 'SG009-15', 'Tip Laser Waterlase Endolase Root Canal Kit,S=400Um,P=22mm', 0, 2, '2018-08-06 05:06:03', '2019-11-18 05:54:05', 4, 1),
(414, 'SG009-16', 'Tip Laser Waterlase Endolase Root Canal Kit,S=320Um,P=25mm', 0, 2, '2018-08-06 05:06:23', '2019-11-18 05:54:48', 4, 1),
(415, 'SG009-17', 'Tip Laser Waterlase Endolase Root Canal Kit,S=400Um,P=25mm', 0, 2, '2018-08-06 05:06:46', '2019-11-18 05:55:42', 4, 1),
(416, 'SG009-18', 'Tip Laser WaterLase Endolase Root Canal Kit,S=320Um,P=22mm', 0, 2, '2018-08-06 05:07:06', '2019-11-18 05:57:03', 4, 1),
(417, 'SG009-19', 'Tip Laser Waterlase Endolase Root Canal Kit,S=320Um,P=20mm', 0, 1, '2018-08-06 05:07:24', '2019-11-18 05:57:32', 4, 1),
(418, 'SG009-20', 'Tip Laser Waterlase Endolase Root Canal Kit 26-TIP,9mm', 0, 1, '2018-08-06 05:07:44', '2019-11-18 05:59:18', 4, 1),
(419, 'SG 009-21', 'Tip Laser WaterLase Pro Series Endo Fiber Tips Surgical TIP C3,9mm', 0, 1, '2018-08-06 05:08:09', '2018-08-06 05:08:09', 4, 1),
(420, 'SG 009-22', 'Tip Laser Waterlase Pro Series Endo For Canal Access,T4-TIP,6mm', 0, 1, '2018-08-06 05:08:29', '2018-08-06 05:08:29', 4, 1),
(421, 'SG 009-23', 'Tip Laser Waterlase Pro Series Endo Fiber Tips Surgical Tip C6/9mm', 0, 1, '2018-08-06 05:08:48', '2018-08-06 05:08:48', 4, 1),
(422, 'SG 009-24', 'Tip Laser Waterlase Pro Series Endo Fiber Tips S=200Um,P=20mm', 0, 2, '2018-08-06 05:09:22', '2018-08-06 05:09:22', 4, 1),
(423, 'SG 009-25', 'Tip Laser Waterlase G Combo Pack G-4mm', 0, 6, '2018-08-06 05:09:40', '2018-08-06 05:09:40', 4, 1),
(424, 'FL003-48', 'Composite Micerium UD3', 0, 0, '2018-08-06 18:38:33', '2018-08-13 02:45:15', 2, 1),
(425, 'UM005-4', 'Celluloid Strip Stripmat P=10mm', 0, 3, '2018-08-07 02:36:50', '2018-08-07 02:39:07', 6, 1),
(426, 'UM005-5', 'Celluloid Strip Stripmat P=8mm', 0, 4, '2018-08-07 02:39:57', '2018-08-07 02:39:57', 6, 1),
(427, 'UM005-6', 'Celluloid Strip tasma P=10mm', 0, 1, '2018-08-07 02:40:35', '2018-08-07 02:40:35', 6, 1),
(428, 'UM005-7', 'Celluloid Strip tasma P=8mm', 0, 1, '2018-08-07 02:41:04', '2018-08-07 02:41:04', 6, 1),
(429, 'UM019-1', 'Aquacare Bubuk Hijau', 0, 6, '2018-08-07 02:41:49', '2018-10-09 02:15:09', 6, 1),
(430, 'UM019-2', 'Aquacare Bubuk Putih', 0, 4, '2018-08-07 02:42:15', '2018-10-09 02:15:30', 6, 1),
(431, 'UM019-3', 'Aquacare Bubuk Biru', 0, 4, '2018-08-07 02:43:03', '2018-10-09 02:15:56', 6, 1),
(432, 'UM019-4', 'Aquacare Aquasol', 0, 3, '2018-08-07 02:43:39', '2019-06-28 19:14:12', 6, 1),
(433, 'UM026 - 1', 'Croun Renover Osung 3RECDB', 0, 1, '2018-08-07 02:45:50', '2018-08-07 02:45:50', 6, 1),
(434, 'FL004-13', 'Polisher Dia Comp Plus Twist Pink', 0, 24, '2018-08-07 02:49:37', '2019-11-15 17:52:14', 2, 1),
(435, 'FL004-14', 'Polisher Dia Comp Plus Twist Abu - Abu', 0, 24, '2018-08-07 02:50:11', '2019-11-15 17:52:14', 2, 1),
(436, 'FL004-15', 'Polisher Dia Pol Twist Abu - Abu', 0, 4, '2018-08-07 02:50:56', '2019-09-24 04:33:06', 2, 1),
(437, 'FL004-16', 'Polisher Dia Pol Twist Pink', 0, 1, '2018-08-07 02:51:31', '2019-10-03 05:06:46', 2, 1),
(438, 'FL004-17', 'Polisher Dia Cera', 0, 1, '2018-08-07 02:52:02', '2018-08-07 02:52:02', 4, 1),
(439, 'FL004-18', 'Polisher Dia Pro', 0, 1, '2018-08-07 02:52:39', '2018-08-07 02:52:39', 2, 1),
(440, 'FL004-19', 'Polisher Niserium Shiny', 0, 2, '2018-08-07 02:53:16', '2018-08-07 02:53:16', 2, 1),
(441, 'FL004-20', 'Polisher Niserium Shiny Disc biru', 0, 10, '2018-08-07 02:53:59', '2018-08-07 02:53:59', 2, 1),
(442, 'FL004-21', 'Polisher Niserium Shiny Disc Pink', 0, 10, '2018-08-07 02:54:43', '2018-08-07 02:54:43', 2, 1),
(443, 'FL004-22', 'Polisher Niserium Shiny Disc Kuning', 0, 10, '2018-08-07 02:55:18', '2018-08-07 02:55:18', 2, 1),
(444, 'FL004-23', 'Polisher Niserium Shiny Disc Putih', 0, 10, '2018-08-07 02:55:46', '2018-08-07 02:55:46', 2, 1),
(445, 'FL004-24', 'Polisher Niserium Shiny Refill', 0, 10, '2018-08-07 02:56:41', '2018-08-07 02:56:41', 2, 1),
(446, 'FL011 - 1', 'Brush Composite ENA Micerium F', 0, 1, '2018-08-07 02:58:20', '2018-08-07 02:58:20', 2, 1),
(447, 'FL011 - 2', 'Brush Composite ENA Micerium c', 0, 1, '2018-08-07 02:58:49', '2018-08-07 02:58:49', 2, 1),
(448, 'FL011 - 3', 'Brush Composite ENA Micerium M', 0, 2, '2018-08-07 02:59:15', '2018-08-07 02:59:15', 2, 1),
(449, 'FL011 - 4', 'Brush Silicon S2', 0, 4, '2018-08-07 02:59:40', '2018-08-07 02:59:40', 2, 1),
(450, 'FL011 - 5', 'Brush Silicon S4', 0, 1, '2018-08-07 03:00:08', '2018-08-07 03:00:08', 2, 1),
(451, 'FL012 - 1', 'Composite Heater Micerium', 0, 1, '2018-08-07 03:02:06', '2018-08-07 03:02:06', 2, 1),
(452, 'FL013-1', 'LM Ergo Sense Modela', 0, 5, '2018-08-07 03:06:06', '2018-08-07 03:06:06', 2, 1),
(453, 'FL013-2', 'LM Ergo Max Modela', 0, 3, '2018-08-07 03:06:40', '2018-08-07 03:06:40', 2, 1),
(454, 'FL013-3', 'LM Ergo Max Condensa', 0, 7, '2018-08-07 03:09:51', '2019-11-27 19:33:03', 2, 1),
(455, 'FL013-4', 'LM Ergo Max Applica Twist', 0, 4, '2018-08-07 03:10:27', '2019-08-05 05:53:50', 2, 1),
(456, 'SG 010-1', 'Tip Scalar Implant Scorpion', 0, 1, '2018-08-07 03:24:00', '2018-08-07 03:28:33', 4, 1),
(457, 'SG 010-2', 'Tip Scaler Implant Satelec', 0, 1, '2018-08-07 03:24:35', '2018-08-07 03:28:49', 4, 1),
(458, 'SG 010-3', 'Tip Scaler Scorpion Sirona', 0, 3, '2018-08-07 03:25:15', '2018-08-07 03:29:05', 4, 1),
(459, 'LB015-1', 'Malam Merah Miltex', 0, 2, '2018-08-07 03:27:54', '2018-08-07 03:27:54', 5, 1),
(460, 'LB014-1', 'Polisher Lab Dia Pol', 0, 2, '2018-08-07 03:30:33', '2018-08-09 02:04:16', 4, 1),
(461, 'LB014-2', 'Polisher Lab Color Whell Brown', 0, 1, '2018-08-07 03:31:16', '2018-08-07 03:31:16', 5, 1),
(462, 'LB014-3', 'Polisher Lab Color Whell Pink', 0, 1, '2018-08-07 03:31:59', '2018-08-07 03:31:59', 5, 1),
(463, 'LB014-4', 'Polisher lab Mandrel', 0, 1, '2018-08-07 03:32:43', '2018-08-09 02:03:29', 5, 1),
(464, 'LB004-2', 'Vaselin Chemmart', 0, 2, '2018-08-07 03:33:50', '2018-08-07 03:34:15', 5, 1),
(465, 'LB004-3', 'Vaseline  Homebrand', 0, 1, '2018-08-07 03:34:40', '2018-08-07 03:34:40', 5, 1),
(466, 'UM019-5', 'Aquacare bubuk merah', 0, 1, '2018-08-07 04:14:21', '2018-10-09 02:17:26', 6, 1),
(467, 'UM027-1', 'Detatrol Ultra Septodent', 0, 2, '2018-08-08 18:38:38', '2018-08-08 18:38:38', 6, 1),
(468, 'SG002-1', 'Benang Jahit Luxcryl PGA 3/0', 0, 24, '2018-08-08 18:40:34', '2018-08-08 18:43:47', 4, 1),
(469, 'SG002-3', 'Benang Jahit Supramid 6/0', 0, 24, '2018-08-08 18:42:06', '2018-08-08 18:43:17', 4, 1),
(470, 'SG002-4', 'Benang Jahit Luxcryl 910 3/0', 0, 12, '2018-08-08 18:54:51', '2018-08-08 18:54:51', 4, 1),
(471, 'SG002-5', 'Benang Jahit Luxcryl 3/0', 0, 12, '2018-08-08 18:56:16', '2018-08-08 18:56:16', 4, 1),
(472, 'SG002-6', 'Benang Jahit Luxcryl 910 4/0', 0, 12, '2018-08-08 18:59:22', '2018-08-08 18:59:22', 4, 1),
(473, 'SG002-7', 'Benang Jahit Luxamid', 0, 7, '2018-08-08 19:00:35', '2018-08-08 19:00:35', 4, 1),
(474, 'SG002-8', 'Benang Jahit Luxcryl PGA 4/0', 0, 3, '2018-08-08 19:02:24', '2018-08-08 19:02:24', 4, 1),
(475, 'SG002-9', 'Benang Jahit Coreflon Silver 5/0', 0, 72, '2018-08-08 19:03:31', '2018-08-08 19:03:31', 4, 1),
(476, 'FL002-6', 'Glass Ionomer Equia Forte capsul A3', 0, 0, '2018-08-08 19:05:33', '2018-08-24 17:47:50', 2, 1),
(477, 'FL014=1', 'Benang Retraksi Siltrax S=2', 0, 2, '2018-08-08 19:18:15', '2018-08-08 19:18:15', 2, 1),
(478, 'FL014=2', 'Benang Retraksi Siltrax S=1', 0, 4, '2018-08-08 19:19:13', '2018-08-08 19:19:13', 2, 1),
(479, 'FL014=3', 'Benang Retraksi Siltrax S=0', 0, 7, '2018-08-08 19:20:19', '2018-08-08 19:20:19', 2, 1),
(480, 'FL014=4', 'Benang Retraksi Siltrax S=00', 0, 5, '2018-08-08 19:21:15', '2018-08-08 19:21:15', 2, 1),
(481, 'FL014=5', 'Benang Retraksi Siltrax Plus S=1', 0, 1, '2018-08-08 19:22:03', '2018-08-08 19:22:03', 2, 1),
(482, 'FL014=6', 'Benang Retraksi Siltrax EPI S=1', 0, 1, '2018-08-08 19:23:13', '2018-08-08 19:23:13', 2, 1);
INSERT INTO `barangs` (`id`, `kode`, `nama`, `harga_beli`, `stok`, `created_at`, `updated_at`, `category_id`, `penyimpanan_id`) VALUES
(483, 'FL014=7', 'Benang Retraksi Siltrax Plus S=00', 0, 1, '2018-08-08 19:25:25', '2018-08-08 19:25:25', 2, 1),
(484, 'FL014=8', 'Benang Retraksi Siltrax EPI S=00', 0, 1, '2018-08-08 19:26:21', '2018-08-08 19:26:21', 2, 1),
(485, 'FL014=9', 'Benang Retraksi Knitrax S=000', 0, 1, '2018-08-08 19:27:14', '2019-10-03 05:01:09', 2, 1),
(486, 'ED009-2', 'EDTA Soft Prap Spident', 0, 1, '2018-08-08 19:31:44', '2018-08-08 19:31:44', 2, 1),
(487, 'FL008-2', 'ETSA FineEtch 37 Spident', 0, 1, '2018-08-08 19:34:57', '2018-08-08 19:34:57', 2, 1),
(488, 'FL015-1', 'Temporary Filling Cube Temp Blue', 0, 9, '2018-08-08 19:47:01', '2018-08-08 19:47:01', 2, 1),
(489, 'FL015-2', 'Temporary Filling Cube Tamp Yellow', 0, 9, '2018-08-08 19:47:48', '2018-08-08 19:47:48', 2, 1),
(490, 'FL015-3', 'Temporary Filling Ecodent Resin', 0, 15, '2018-08-08 19:49:12', '2018-08-08 19:49:12', 2, 1),
(491, 'FL015-4', 'Temporary Filling TempPutty A1', 0, 3, '2018-08-08 19:51:38', '2019-06-21 18:07:45', 2, 1),
(492, 'FL015-5', 'Temporary Filling Temp Putty A2', 0, 4, '2018-08-08 19:52:33', '2018-08-08 19:52:33', 2, 1),
(493, 'FL015-6', 'Temporary Filling temp It Spident', 0, 0, '2018-08-08 19:53:22', '2019-05-24 00:57:21', 2, 1),
(494, 'FL015-7', 'Temporary Filling Es Folw Spident', 0, 1, '2018-08-08 19:54:07', '2018-08-08 19:54:07', 2, 1),
(495, 'FL016-1', 'Hemostatik Racellet 3', 0, 3, '2018-08-08 19:59:11', '2019-09-24 04:11:19', 2, 1),
(496, 'FL016-2', 'Hemostatik Racellet 2', 0, 1, '2018-08-08 20:11:20', '2018-08-08 20:11:20', 2, 1),
(497, 'FL016-3', 'Hemostatik Epidri 3', 0, 2, '2018-08-08 20:12:07', '2018-08-08 20:12:07', 2, 1),
(498, 'UM028-1', 'Marking Agent HurriView II', 0, 1, '2018-08-08 20:20:27', '2018-08-08 20:20:27', 6, 1),
(499, 'UM028-2', 'Maeking Agent Hydent Stick', 0, 3, '2018-08-08 20:21:21', '2018-08-08 20:21:21', 6, 1),
(500, 'UM028-3', 'Marking Agent Hurri Seal', 0, 3, '2018-08-08 20:22:08', '2018-08-08 20:22:08', 6, 1),
(501, 'FL017-1', 'Desensitizer Hurry Seal', 0, 1, '2018-08-08 20:25:28', '2018-08-08 20:25:28', 2, 1),
(502, 'FL016-4', 'Hemostatik Gel Cord', 0, 1, '2018-08-08 20:27:06', '2018-08-08 20:27:06', 2, 1),
(503, 'UM003-1', 'Butler Sunstar', 0, 11, '2018-08-08 20:28:32', '2019-12-16 18:27:07', 6, 1),
(504, 'UM029-1', 'Dentune Cleaner Kukident', 0, 1, '2018-08-09 01:33:49', '2018-08-09 01:33:49', 6, 1),
(505, 'UM029-2', 'Dentune Cleaner Renew', 0, 13, '2018-08-09 01:34:32', '2018-08-09 01:34:32', 6, 1),
(508, 'FL003-49', 'Composite Ever X Posterior', 0, 0, '2018-08-09 01:39:44', '2018-09-12 01:46:13', 2, 1),
(509, 'SG005-4', 'Syiringe Terumo 276 P=13mm', 0, 51, '2018-08-09 01:41:25', '2018-08-09 01:41:25', 4, 1),
(510, 'SG005-5', 'Syiringe BD 306 P=8mm', 0, 1, '2018-08-09 01:42:25', '2018-08-09 01:42:25', 4, 1),
(511, 'SG005-6', 'Syiringe BD 296 P=12,7mm', 0, 1, '2018-08-09 01:43:02', '2018-08-09 01:43:02', 4, 1),
(512, 'SG005-7', 'Syiringe Endo Coltene Merah', 0, 35, '2018-08-09 01:43:24', '2018-08-09 01:43:24', 4, 1),
(513, 'SG005-8', 'Syiringe Endo Coltene Biru', 0, 47, '2018-08-09 01:43:47', '2018-08-09 01:43:47', 4, 1),
(514, 'SG005-9', 'Syiringe Endo Coltene Kuning', 0, 39, '2018-08-09 01:44:09', '2018-08-09 01:44:09', 4, 1),
(515, 'SG005-10', 'Syiringe Endo TIP', 0, 100, '2018-08-09 01:44:33', '2018-08-09 01:44:33', 4, 1),
(516, 'UM006-1', 'Metal Strip FKG W= 0,03mm T= 6mm', 0, 1, '2018-08-10 01:08:08', '2018-11-16 00:44:53', 4, 1),
(517, 'UM023-2', 'Tray Adhesive GC', 0, 0, '2018-08-10 03:18:01', '2019-05-15 06:05:50', 6, 1),
(518, 'SG002-10', 'Benang Jahit Cytoplast  PTFE 3/0', 0, 5, '2018-08-13 00:36:05', '2018-08-13 00:36:05', 4, 1),
(519, 'SG002-11', 'Benang Jahit Cytoplast PTFE 2/0', 0, 5, '2018-08-13 00:37:28', '2018-08-13 00:37:28', 4, 1),
(520, 'SG002-12', 'Benang Jahit Cytoplast PTFE 4/0', 0, 9, '2018-08-13 00:40:09', '2018-08-13 00:40:09', 4, 1),
(521, 'SG002-13', 'Benang jahit Glycolon 5/0', 0, 4, '2018-08-13 00:41:14', '2018-08-13 00:41:14', 4, 1),
(522, 'SG002-14', 'Benang Jahit Glycolon 6/0', 0, 4, '2018-08-13 00:42:41', '2018-08-13 00:42:41', 4, 1),
(523, 'SG002-15', 'Benang Jahit Resotex Oral 6/0', 0, 4, '2018-08-13 02:26:30', '2018-08-13 02:26:30', 4, 1),
(524, 'SG002-16', 'Benang Jahit Resolon 7/0', 0, 4, '2018-08-13 02:27:53', '2018-08-13 02:27:53', 4, 1),
(525, 'UM008-9', 'Anastesi Gel Precaine', 0, 4, '2018-08-20 03:02:07', '2019-12-05 05:14:12', 6, 1),
(526, 'FL018-1', 'Dentin Conditioner GC', 0, 0, '2018-08-21 17:51:41', '2018-10-03 02:33:11', 2, 1),
(527, 'FL007-3', 'Varnish Equia Coat', 0, 0, '2018-08-21 17:52:30', '2018-10-03 02:38:46', 2, 1),
(528, 'ED007-26', 'Paper Point Dia Dend S=45-80 .04', 0, 5, '2018-09-07 19:40:56', '2019-06-28 18:50:00', 1, 1),
(529, 'SG001-6', 'Surgical Dressing PD', 0, 10, '2018-09-07 19:57:36', '2018-09-07 19:59:23', 4, 1),
(532, 'UM013-7', 'Matriks Garrison SXR100-M', 0, 50, '2018-09-07 20:58:00', '2018-09-07 20:58:00', 6, 1),
(533, 'UM013-8', 'Matriks Garrison SXR150-M', 0, 95, '2018-09-07 20:58:38', '2018-09-07 21:08:36', 6, 1),
(534, 'UM013-9	Matriks Garrison SXR175-M', 'Matriks Garrison SXR175-M', 0, 158, '2018-09-07 21:02:03', '2018-09-07 21:02:03', 6, 1),
(535, 'UM013-10', 'Matriks Garrison SXR300-M', 0, 31, '2018-09-07 21:02:51', '2018-09-07 21:02:51', 6, 1),
(536, 'UM013-11', 'Matriks Garrison FX100-M', 0, 31, '2018-09-07 21:03:43', '2018-11-22 18:46:30', 6, 1),
(537, 'UM013-12', 'Matriks Garrison FX150-M', 0, 70, '2018-09-07 21:04:37', '2019-06-22 02:52:49', 6, 1),
(538, 'UM013-13', 'Matriks Garrison FX175-M', 0, 35, '2018-09-07 21:05:17', '2018-11-22 18:49:20', 6, 1),
(539, 'UM013-14', 'Matriks Garrison FX200-M', 0, 75, '2018-09-07 21:05:53', '2019-06-28 19:18:28', 6, 1),
(540, 'UM013-15', 'Matriks Garrison FX300-M', 0, 8, '2018-09-07 21:06:50', '2018-11-22 18:50:59', 6, 1),
(541, 'UM013-16', 'Matriks Garrison wedge FXYL-M', 0, 96, '2018-09-07 21:07:34', '2018-11-22 18:52:55', 6, 1),
(542, 'ED005-17', 'Gutta Percha Meta Biomed S=40', 0, 1, '2018-09-12 03:23:04', '2018-09-12 03:27:55', 1, 1),
(543, 'UM015', 'Kalung Gigi', 0, 140, '2018-09-26 05:34:11', '2019-12-06 19:46:27', 6, 1),
(544, 'SG002-17', 'Benang Jahit HU - Friedy CATGUT 4/0', 0, 2, '2018-09-26 05:45:50', '2019-11-20 04:10:59', 4, 1),
(545, 'SG002-18', 'Benang Jahit HU - Friedy CATGUT 5/0', 0, 0, '2018-09-26 05:46:18', '2018-09-26 18:42:49', 4, 1),
(546, 'FL008-3', 'ETSA 3M Scotchbond', 0, 1, '2018-09-26 05:47:44', '2018-10-11 05:16:55', 2, 1),
(547, 'OT004-15', 'Wire Damon Pre Torque 0.19 x 25', 0, 0, '2018-09-26 05:49:08', '2019-09-20 05:35:30', 3, 1),
(548, 'FL008-4', 'ETSA Ultradent Porcelain', 0, 0, '2018-10-03 02:05:25', '2018-11-12 01:22:36', 2, 1),
(549, 'UM024-2', 'Opalescence Boost  40%', 0, 3, '2018-10-03 02:16:18', '2019-06-21 19:20:43', 6, 1),
(550, 'LB002-3', 'Cairan Desinfeksi Alprojet (5L)', 0, 1, '2018-10-09 02:32:45', '2019-07-24 05:24:48', 5, 1),
(551, 'FL017-2', 'Desensitizer Spident Desen', 0, 0, '2018-10-09 02:34:04', '2018-10-09 02:42:09', 2, 1),
(552, 'UM009-1', 'Chlor Ethyl', 0, 12, '2018-10-11 04:33:51', '2019-07-09 05:54:29', 6, 1),
(553, 'ED014-1', 'Core Cement Core-It', 0, 3, '2018-10-24 20:24:45', '2018-10-24 20:34:45', 1, 1),
(554, 'ED002-21', 'K-File VDW Assorted 15-40 P=21mm', 0, 1, '2018-11-13 17:18:04', '2018-11-13 17:28:47', 1, 1),
(555, 'ED002-22', 'K-File VDW Assorted 15-40 P=25mm', 0, 1, '2018-11-13 17:18:32', '2018-11-13 17:28:47', 1, 1),
(556, 'ED010-6', 'Ekstirpasi VDW Assorted', 0, 3, '2018-11-13 17:21:31', '2018-11-13 17:28:47', 1, 1),
(557, 'ED005-22', 'Gutta Percha Spident S=20.06', 0, 6, '2018-11-13 17:55:47', '2019-10-03 05:08:12', 1, 1),
(558, 'ED005-23', 'Gutta Percha Spident S=25.06', 0, 4, '2018-11-13 17:56:17', '2019-11-04 03:49:37', 1, 1),
(559, 'ED007-27', 'Paper Point Spident S=40.06', 0, 2, '2018-11-13 18:00:24', '2018-11-13 18:06:11', 1, 1),
(560, 'ED005-24', 'Gutta Percha Spident S=40.06', 0, 2, '2018-11-13 18:00:58', '2018-11-13 18:06:11', 1, 1),
(561, 'ED002-23', 'K-File SybronEndo S=8 P=21', 0, 30, '2018-11-13 18:27:26', '2018-11-13 19:02:22', 1, 1),
(562, 'ED002-24', 'K-File SybronEndo S=10 P=21', 0, 30, '2018-11-13 18:27:53', '2018-11-13 19:02:22', 4, 1),
(563, 'ED002-25', 'K-File SybronEndo S=15 P=21', 0, 30, '2018-11-13 18:29:22', '2018-11-13 19:02:22', 1, 1),
(564, 'ED002-26', 'K-File SybronEndo S=8 P=25', 0, 30, '2018-11-13 18:29:49', '2018-11-13 19:02:22', 1, 1),
(565, 'ED002-27', 'K-File SybronEndo S=10 P=25', 0, 30, '2018-11-13 18:30:16', '2018-11-13 19:02:23', 1, 1),
(566, 'ED002-28', 'K-File SybronEndo S=15 P=25', 0, 42, '2018-11-13 18:30:41', '2018-12-12 19:23:20', 1, 1),
(567, 'ED005-25', 'Gutta Percha TF Adaptive SM1', 0, 0, '2018-11-13 18:41:43', '2018-11-13 18:41:43', 1, 1),
(568, 'ED005-26', 'Gutta Percha TF Adaptive SM2', 0, 0, '2018-11-13 18:42:10', '2019-09-02 05:51:17', 1, 1),
(569, 'ED005-27', 'Gutta Percha TF Adaptive SM3', 0, 2, '2018-11-13 18:42:39', '2019-09-02 05:52:05', 1, 1),
(570, 'ED005-28', 'Gutta Percha TF Adaptive ML1', 0, 1, '2018-11-13 18:43:15', '2018-11-13 19:02:22', 1, 1),
(571, 'ED005-29', 'Gutta Percha TF Adaptive ML2', 0, 0, '2018-11-13 18:50:42', '2018-11-22 18:37:25', 1, 1),
(572, 'ED005-30', 'Gutta Percha TF Adaptive ML3', 0, 0, '2018-11-13 18:51:09', '2019-07-22 06:04:43', 1, 1),
(573, 'SG001-7', 'Surgical Dressing Alvogyl', 0, 2, '2018-11-16 00:32:10', '2019-08-23 02:32:59', 4, 1),
(574, 'UM012-14', 'Bahan Cetak Flexceed Putty 100', 0, 0, '2018-11-30 01:02:48', '2019-11-20 02:06:13', 6, 1),
(575, 'FL019-1', 'Temporary Crown Tempsmart Shade A1', 0, 0, '2018-11-30 01:03:34', '2019-11-20 02:29:32', 2, 1),
(576, 'ED005-31', 'Gutta Percha Spident S=25.04', 0, 0, '2018-12-12 19:07:05', '2019-08-14 22:28:02', 1, 1),
(577, 'ED005-32', 'Gutta Percha Precise S=30', 0, 1, '2018-12-12 19:09:58', '2018-12-12 19:09:58', 1, 1),
(578, 'ED002-29', 'K-File SybronEndo S=20 P=21', 0, 12, '2018-12-12 19:20:59', '2018-12-12 19:23:20', 1, 1),
(579, 'UM010-4', 'Kotak Retainer Kecil', 0, 0, '2019-04-29 21:11:10', '2019-07-05 20:54:25', 6, 1),
(580, 'LB005-9', 'Vacum Retainer Essix 40 pcs', 0, 0, '2019-05-06 05:52:34', '2019-05-25 02:09:00', 5, 1),
(581, 'ED008-3', 'Endo Dressing Sealapex', 345000, 1, '2019-05-16 06:08:48', '2019-05-24 04:49:28', 1, 1),
(582, 'UM023-3', 'Tray Adhesive DMG', 42, 2, '2019-05-22 01:39:48', '2019-09-24 03:55:10', 6, 1),
(583, 'UM016-8', 'Dental Dam Soft Clamp Kerr', 337, 1, '2019-05-22 01:43:13', '2019-05-27 05:16:43', 6, 1),
(584, 'ED008-2', 'Endo Dressing Calcium Hydroxide Kerr Life', 69, 0, '2019-05-22 01:53:08', '2019-07-06 02:11:49', 1, 1),
(585, 'UM012-16', 'Bahan Cetak Take 1 Advance Regular Body', 65.375, 1, '2019-05-22 02:03:22', '2019-11-20 02:07:37', 6, 1),
(586, 'UM012-17', 'Bahan Cetak Take 1 Advance Light Body', 65.375, 1, '2019-05-22 02:04:20', '2019-11-20 02:08:13', 6, 1),
(587, 'UM030-1', 'Handscoon Nano Nitrile Green Size XS', 65000, 14, '2019-05-22 02:17:22', '2019-08-14 23:09:47', 6, 1),
(588, 'UM030-2', 'Handscoon Nano Nitrile Blue Size XS', 65000, 9, '2019-05-22 02:18:12', '2019-07-24 05:35:42', 6, 1),
(589, 'UM030-3', 'Handscoon Nano Nitrile Blue Violet Size XS', 65000, 17, '2019-05-22 02:19:36', '2019-07-24 05:37:02', 6, 1),
(590, 'UM030-4', 'Handscoon TexGrip Nitrile Orange Size S', 65000, 20, '2019-05-22 02:20:45', '2019-05-24 05:36:33', 4, 1),
(591, 'UM017-14', 'Sendok Cetak Asia Dental Anterior', 0, 6, '2019-05-24 04:06:40', '2019-11-18 18:52:48', 6, 1),
(592, 'UM017-15', 'Sendok Cetak Asia Dental Posterior', 0, 4, '2019-05-24 04:09:21', '2019-08-03 04:34:37', 6, 1),
(593, 'UM017-16', 'Sendok Cetak Asia Dental Quadrant', 0, 3, '2019-05-24 04:11:47', '2019-11-04 03:30:22', 6, 1),
(594, 'FL005-7', 'Bonding Optibond FL', 0, 1, '2019-05-24 04:32:07', '2019-12-06 19:39:54', 2, 1),
(595, 'FL005-8', 'Bonding Optibond FL Primer Only', 0, 0, '2019-05-24 04:40:40', '2019-12-06 19:41:56', 2, 1),
(596, 'SG007-3', 'Splinting Construct Kit', 0, 1, '2019-05-24 04:56:20', '2019-07-06 02:10:19', 4, 1),
(597, 'FL004-25', 'Polisher Poli Prodisc', 0, 1, '2019-05-24 05:08:17', '2019-05-24 05:14:04', 2, 1),
(598, 'UM017-17', 'Sendok Cetak Premier Quadrant', 0, 1, '2019-05-25 01:36:18', '2019-05-25 01:45:16', 6, 1),
(599, 'UM031-1', 'Lip and Cheek Retractor Premier Universal', 0, 2, '2019-05-25 01:41:59', '2019-05-25 01:45:16', 6, 1),
(600, 'UM031-2', 'Lip and Cheek Retractor Premier Small', 0, 2, '2019-05-25 01:43:07', '2019-05-25 01:45:16', 6, 1),
(601, 'LB005-10', 'Vacum Retainer Essix 100 pcs', 0, 1, '2019-05-25 02:11:11', '2019-05-25 02:19:40', 5, 1),
(602, 'UM016-9', 'Dental Dam Nic Tone Latex', 0, 4, '2019-05-27 04:46:55', '2019-11-04 03:34:33', 6, 1),
(603, 'UM016-10', 'Dental Dam K-Dam', 0, 5, '2019-05-27 04:47:45', '2019-11-18 18:57:35', 6, 1),
(604, 'LB012-3', 'Gipsum Type II Pro Model Super 5', 0, 2, '2019-05-27 04:50:53', '2019-11-04 04:24:18', 5, 1),
(605, 'LB012-4', 'Gipsum Type III Pro Solid Super Fast Set', 0, 3, '2019-05-27 04:52:22', '2019-09-27 20:51:16', 5, 1),
(606, 'LB012-5', 'Gipsum Type III Pro Solid Super', 0, 4, '2019-05-27 04:55:00', '2019-11-04 04:25:34', 5, 1),
(607, 'UM024-3', 'Opalescence PF 10%', 0, 0, '2019-05-27 05:01:44', '2019-05-27 05:47:35', 6, 1),
(608, 'FL004-26', 'Polisher Dia Pol Twist Biru', 0, 1, '2019-05-27 05:35:29', '2019-06-26 20:10:52', 2, 1),
(609, 'UM008-10', 'Anastesi Gel Prime Strawberry', 0, 1, '2019-05-27 05:37:45', '2019-05-27 05:43:29', 6, 1),
(610, 'UM011-2', 'Biolase Epic Tip E4-9mm', 0, 4, '2019-05-28 04:06:19', '2019-11-18 19:20:26', 6, 1),
(611, 'FL004-27', 'Polisher Dia Comp Plus Occluflex Abu-abu', 0, 15, '2019-05-29 20:03:01', '2019-11-15 17:52:14', 2, 1),
(612, 'FL004-28', 'Polisher Dia Comp Plus Occluflex Pink', 0, 15, '2019-05-29 20:04:02', '2019-11-15 17:52:14', 2, 1),
(613, 'OT004-15', 'Wire Damon NiTi 0.019 x 25 38mm', 0, 0, '2019-06-21 18:59:41', '2019-07-30 02:09:33', 3, 1),
(615, 'UM011-3', 'Biolase Epic Tip E3-4mm', 0, 8, '2019-06-21 19:36:41', '2019-11-18 19:18:29', 6, 1),
(616, 'UM011-4', 'Biolase Epic Tip E4-7mm', 0, 0, '2019-06-21 19:37:41', '2019-11-18 19:17:33', 6, 1),
(617, 'LB006-3', 'Night Guard Soft tray Classic 0.080', 0, 1, '2019-06-21 20:07:44', '2019-06-21 20:09:27', 5, 1),
(618, 'FL002-7', 'Glass Ionomer Equia Forte capsul A2', 0, 1, '2019-06-21 20:12:22', '2019-06-21 20:47:23', 2, 1),
(619, 'UM030-5', 'Handscoon Disposible B XS', 0, 1, '2019-06-21 20:24:50', '2019-06-21 20:27:35', 6, 1),
(620, 'UM030-6', 'Handscoon Disposible B S', 0, 1, '2019-06-21 20:25:19', '2019-06-21 20:27:36', 6, 1),
(621, 'UM030-7', 'Handscoon Colour Safeguard Nitrile XS', 0, 1, '2019-06-21 20:25:53', '2019-06-21 20:27:36', 6, 1),
(622, 'UM030-8', 'Handscoon Colour Safeguard Nitrile S', 0, 1, '2019-06-21 20:26:21', '2019-06-21 20:27:36', 6, 1),
(623, 'SG008-3', 'Periodontal Dressing Standard Coe Pak', 0, 1, '2019-06-21 20:53:21', '2019-06-21 20:59:04', 4, 1),
(624, 'LB009-4', 'Pembungkus Steril 10cm x 200m', 0, 2, '2019-06-21 21:07:16', '2019-06-21 21:08:12', 5, 1),
(625, 'UM032-1', 'Obat Minum Panamax', 0, 7, '2019-06-22 02:23:04', '2019-12-14 01:23:39', 6, 1),
(626, 'SG007-4', 'Splinting Kerr Construct 2mm', 0, 1, '2019-06-22 02:45:54', '2019-06-22 02:52:49', 4, 1),
(627, 'UM014-7', 'Microbrush TPC Black', 0, 30, '2019-06-28 19:32:45', '2019-11-18 18:33:35', 6, 1),
(628, 'UM007-2', 'Dental Floss Oral-B Glide 40m', 0, 0, '2019-07-05 20:42:26', '2019-11-04 04:13:07', 6, 1),
(629, 'FL001-6', 'Cement GC Fuji Plus Capsules', 0, 2, '2019-07-05 21:15:28', '2019-07-07 18:15:37', 2, 1),
(630, 'FL014-10', 'Benang Retraksi Pascal', 0, 0, '2019-07-13 01:22:12', '2019-07-13 02:53:02', 2, 1),
(631, 'FL020-1', 'Articulating Paper Microcopy', 0, 0, '2019-07-13 01:44:37', '2019-07-29 05:20:01', 2, 1),
(632, 'FL020-2', 'Articulating Paper Bausch', 0, 0, '2019-07-13 01:47:37', '2019-07-29 05:20:56', 2, 1),
(633, 'FL020-3', 'Articulating Handle Bausch BK 132', 0, 0, '2019-07-13 01:52:28', '2019-07-29 05:21:46', 2, 1),
(634, 'FL020-4', 'Articulating Handle Bausch BK 145', 0, 0, '2019-07-13 01:54:26', '2019-07-29 05:22:29', 2, 1),
(635, 'UM014-8', 'Microbrush Denbur', 0, 0, '2019-07-13 01:58:00', '2019-07-13 03:09:17', 6, 1),
(636, 'LB016-1', 'Saliva Control Neodrys', 0, 0, '2019-07-13 02:01:30', '2019-07-13 03:06:07', 5, 1),
(637, 'UM033-1', 'Jepitan Tisu Dada Spiral', 0, 0, '2019-07-13 02:07:26', '2019-07-13 03:10:38', 6, 1),
(638, 'UM034-1', 'Pembersih Wadah Saliva Citrizyme', 0, 0, '2019-07-13 02:20:00', '2019-07-13 03:00:37', 6, 1),
(639, 'UM006-2', 'Metal Strip Hahnenkratt W = 0,03mm T= 6mm', 0, 4, '2019-07-17 00:40:26', '2019-08-09 18:04:36', 6, 1),
(640, 'UM006-3', 'Metal Strip Hahnenkratt W = 0,03mm T= 7mm', 0, 4, '2019-07-17 00:40:51', '2019-09-24 04:19:39', 6, 1),
(641, 'UM008-11', 'Anastesi Gel Premier Strawberry', 0, 0, '2019-07-17 00:42:18', '2019-09-27 22:57:17', 6, 1),
(642, 'UM008-12', 'Anastesi Inject Xilonibsa', 0, 0, '2019-07-17 00:46:19', '2019-07-22 05:12:19', 6, 1),
(643, 'UM025-2', 'Tooth Stain Remover OCO', 0, 6, '2019-07-17 00:57:26', '2019-07-17 01:03:08', 6, 1),
(644, 'LB002-4', 'Cairan Desinfeksi BIB Forte', 0, 0, '2019-07-24 05:27:03', '2019-09-02 05:21:54', 5, 1),
(645, 'FL021-1', 'Fiber Post Vita Hijau', 0, 31, '2019-07-29 05:27:26', '2019-07-29 05:59:31', 2, 1),
(646, 'FL021-2', 'Fiber Post Vita Hitam', 0, 29, '2019-07-29 05:28:52', '2019-07-29 05:59:31', 2, 1),
(647, 'OT004-16', 'Wire Damon TMA 0.016 x 025', 0, 2, '2019-08-09 05:00:24', '2019-08-09 05:18:10', 3, 1),
(648, 'LB012-6', 'Gipsum Fuji Rock EP Golden Brown', 0, 9, '2019-08-09 05:03:13', '2019-12-06 19:06:45', 5, 1),
(649, 'FL001-7', 'Cement Variolink Esthetic LC Refill 1x2gr Light +', 0, 0, '2019-08-20 02:42:31', '2019-09-02 05:14:54', 2, 1),
(650, 'FL001-8', 'Cement Variolink Esthetic LC Refill 1x2gr Neutral', 0, 0, '2019-08-20 02:44:17', '2019-09-02 05:16:07', 2, 1),
(651, 'LB008-2', 'Handpiece Cleaner MK Dent Spray', 0, 2, '2019-08-23 02:03:28', '2019-12-06 19:15:44', 5, 1),
(652, 'SG001-8', 'Surgical Dressing Parasorb Cone', 0, 20, '2019-08-23 02:26:19', '2019-11-27 20:11:30', 4, 1),
(653, 'SG006-1', 'Nurse Cap', 0, 7, '2019-09-24 05:32:31', '2019-11-27 20:09:21', 4, 1),
(654, 'FL003-50', 'Composite Tetric N-Flow Bulk Fill IV B', 0, 6, '2019-09-27 20:24:38', '2019-11-27 21:05:01', 2, 1),
(655, 'FL003-51', 'Composite Tetric N-Flow Bulk Fill IV W', 0, 1, '2019-09-27 20:27:51', '2019-10-07 17:43:07', 2, 1),
(656, 'FL003-52', 'Composite Tetric N-Flow Bulk Fill IV A', 0, 5, '2019-10-07 17:12:32', '2019-10-07 18:26:51', 2, 1),
(657, 'ED008-4', 'Endo Dressing Odontocide', 0, 3, '2019-10-10 02:51:45', '2019-10-10 03:07:11', 1, 1),
(658, 'FL003-53', 'Composite Micerium BD3', 0, 1, '2019-11-15 18:00:11', '2019-11-16 01:34:46', 2, 1),
(659, 'FL001-9', 'Cement Bio-Active Translucent', 0, 0, '2019-11-16 01:29:32', '2019-11-20 04:14:46', 2, 1),
(660, 'FL003-54', 'Composite Bio-Active A 3.5', 0, 0, '2019-11-16 01:33:50', '2019-11-20 04:15:43', 2, 1),
(661, 'SG008-4', 'Periodontal Dressing Perio Care', 0, 0, '2019-11-16 01:38:51', '2019-11-20 04:13:38', 4, 1),
(662, 'SG002-19', 'Benang Jahit Medipec 4/0', 0, 4, '2019-11-16 01:47:08', '2019-11-20 04:09:27', 4, 1),
(663, 'SG002-20', 'Benang Jahit Medipec 3/0', 0, 6, '2019-11-16 01:48:48', '2019-11-20 04:10:07', 4, 1),
(664, 'SG011-1', 'Membran Lyoplant Collagen 1,5x3 cm', 0, 21, '2019-11-18 05:19:11', '2019-11-18 05:30:12', 4, 1),
(665, 'SG012-1', 'Bonegraft Regen Oss Powder 0.3 cc', 0, 9, '2019-11-18 05:19:51', '2019-11-18 05:24:42', 4, 1),
(666, 'SG012-2', 'Bonegraft Regen Oss Powder 0.6 cc', 0, 3, '2019-11-18 05:20:29', '2019-11-18 05:24:42', 4, 1),
(667, 'UM016-11', 'Dental Dam Hygenic', 0, 6, '2019-11-18 19:06:23', '2019-11-18 19:29:07', 6, 1),
(668, 'SG008-5', 'Periodontal Dressing PeriAcryl', 0, 0, '2019-11-20 00:57:39', '2019-11-20 01:19:16', 4, 1),
(669, 'ED014-2', 'Core Cement Bio-Active Predicta Core', 0, 0, '2019-11-20 01:01:50', '2019-11-20 01:16:52', 1, 1),
(670, 'SG003-1', 'Bur Operasi Diamond 850/016', 0, 0, '2019-11-20 01:10:06', '2019-11-20 01:20:40', 4, 1),
(671, 'UM012-15', 'Bahan Cetak Tempsmart Catridge A1', 0, 0, '2019-11-20 02:03:19', '2019-11-20 02:06:53', 6, 1),
(672, 'ED005-33', 'Gutta Percha One Step S=35', 0, 0, '2019-11-20 02:52:15', '2019-11-28 01:59:27', 1, 1);

-- --------------------------------------------------------

--
-- Table structure for table `barang_pembelian`
--

CREATE TABLE `barang_pembelian` (
  `id` int(10) UNSIGNED NOT NULL,
  `barang_id` int(10) UNSIGNED NOT NULL,
  `pembelian_id` int(10) UNSIGNED NOT NULL,
  `jumlah` int(11) NOT NULL,
  `harga_satuan` int(11) NOT NULL DEFAULT '0'
) ENGINE=InnoDB DEFAULT CHARSET=utf8mb4 COLLATE=utf8mb4_unicode_ci;

--
-- Dumping data for table `barang_pembelian`
--

INSERT INTO `barang_pembelian` (`id`, `barang_id`, `pembelian_id`, `jumlah`, `harga_satuan`) VALUES
(1, 20, 1, 6, 99000),
(2, 325, 2, 1, 0),
(3, 326, 3, 60, 0),
(4, 327, 3, 60, 0),
(5, 328, 3, 60, 0),
(6, 329, 3, 9, 0),
(7, 330, 3, 1, 0),
(8, 331, 3, 1, 0),
(9, 50, 3, 12, 0),
(10, 334, 3, 7, 0),
(11, 332, 3, 1, 0),
(12, 333, 3, 1, 0),
(13, 112, 4, 1, 0),
(14, 112, 4, 5, 0),
(15, 517, 5, 2, 0),
(16, 516, 6, 6, 57467),
(17, 93, 7, 8, 0),
(18, 62, 8, 100, 46400),
(19, 525, 9, 5, 0),
(20, 36, 10, 1, 1967900),
(21, 109, 10, 1, 1510850),
(22, 527, 10, 1, 919050),
(23, 526, 10, 1, 276100),
(24, 18, 11, 50, 17),
(25, 543, 12, 65, 5),
(26, 79, 13, 2, 0),
(27, 545, 14, 12, 0),
(28, 544, 14, 12, 0),
(29, 546, 15, 2, 188),
(30, 94, 16, 4, 0),
(31, 255, 16, 1, 0),
(32, 266, 16, 2, 0),
(33, 548, 17, 1, 0),
(34, 549, 17, 1, 0),
(35, 84, 18, 30, 0),
(36, 551, 19, 3, 366667),
(37, 550, 20, 1, 0),
(38, 552, 21, 20, 0),
(39, 94, 22, 16, 225840),
(40, 553, 23, 3, 666667),
(41, 85, 23, 10, 95000),
(42, 86, 23, 10, 95000),
(43, 20, 24, 10, 99000),
(44, 190, 25, 12, 0),
(45, 191, 25, 12, 0),
(46, 195, 25, 6, 0),
(47, 196, 25, 6, 0),
(48, 198, 25, 6, 0),
(49, 199, 25, 6, 0),
(50, 201, 25, 6, 0),
(51, 202, 25, 6, 0),
(52, 554, 25, 1, 0),
(53, 555, 25, 1, 0),
(54, 556, 25, 3, 0),
(55, 18, 26, 24, 29833),
(56, 372, 28, 10, 85000),
(57, 377, 28, 10, 85000),
(58, 557, 28, 10, 90000),
(59, 558, 28, 10, 90000),
(60, 559, 28, 2, 0),
(61, 560, 28, 2, 0),
(62, 568, 29, 2, 0),
(63, 569, 29, 3, 0),
(64, 570, 29, 1, 0),
(65, 571, 29, 1, 0),
(66, 572, 29, 1, 0),
(67, 561, 29, 30, 0),
(68, 562, 29, 30, 0),
(69, 563, 29, 30, 0),
(70, 564, 29, 30, 0),
(71, 565, 29, 30, 0),
(72, 566, 29, 30, 0),
(73, 112, 30, 5, 704000),
(74, 573, 30, 2, 473850),
(75, 149, 31, 8, 0),
(76, 148, 31, 4, 230000),
(77, 147, 31, 3, 460000),
(78, 93, 32, 12, 600000),
(79, 28, 33, 1, 1750000),
(80, 27, 33, 2, 450000),
(81, 36, 34, 1, 1955500),
(82, 574, 35, 1, 581500),
(83, 575, 36, 1, 1848000),
(84, 566, 37, 12, 0),
(85, 578, 37, 12, 0),
(86, 351, 38, 3, 0),
(87, 92, 39, 1, 0),
(88, 84, 40, 27, 0),
(89, 11, 40, 28, 0),
(90, 11, 40, 46, 0),
(91, 318, 40, 5, 0),
(92, 96, 40, 9, 0),
(93, 113, 40, 2, 0),
(94, 115, 40, 1, 0),
(95, 119, 40, 2, 0),
(96, 118, 40, 3, 0),
(97, 116, 40, 2, 0),
(98, 121, 40, 1, 0),
(99, 122, 40, 1, 0),
(100, 123, 40, 1, 0),
(101, 124, 40, 2, 0),
(102, 125, 40, 1, 0),
(103, 147, 40, 5, 0),
(104, 148, 40, 2, 0),
(105, 149, 40, 2, 0),
(106, 150, 40, 2, 0),
(107, 151, 40, 2, 0),
(108, 127, 40, 6, 0),
(109, 133, 40, 1, 0),
(110, 134, 40, 1, 0),
(111, 134, 40, 2, 0),
(112, 132, 40, 3, 0),
(113, 136, 40, 2, 0),
(114, 301, 40, 2, 0),
(115, 302, 40, 4, 0),
(116, 305, 40, 2, 0),
(117, 306, 40, 1, 0),
(118, 303, 40, 1, 0),
(119, 303, 40, 1, 0),
(120, 307, 40, 1, 0),
(121, 308, 40, 2, 0),
(122, 304, 40, 1, 0),
(123, 111, 40, 5, 0),
(124, 111, 40, 18, 0),
(125, 111, 40, 3, 0),
(126, 298, 40, 5, 0),
(127, 57, 40, 3, 0),
(128, 58, 40, 10, 0),
(129, 54, 40, 4, 0),
(130, 56, 40, 1, 0),
(131, 34, 40, 1, 0),
(132, 338, 40, 1, 0),
(133, 16, 40, 1, 0),
(134, 230, 40, 1, 0),
(135, 5, 40, 4, 0),
(136, 5, 40, 3, 0),
(137, 37, 40, 2, 0),
(138, 38, 40, 3, 0),
(139, 52, 40, 14, 0),
(140, 53, 40, 14, 0),
(141, 41, 40, 2, 0),
(142, 41, 40, 5, 0),
(143, 42, 40, 2, 0),
(144, 42, 40, 5, 0),
(145, 83, 40, 2, 0),
(146, 83, 40, 6, 0),
(147, 95, 40, 4, 0),
(148, 343, 40, 4, 0),
(149, 94, 40, 11, 0),
(150, 1, 40, 3, 0),
(151, 344, 40, 4, 0),
(152, 350, 40, 4, 0),
(153, 22, 40, 2, 0),
(154, 28, 40, 2, 0),
(155, 304, 40, 1, 0),
(156, 307, 40, 1, 0),
(157, 424, 40, 1, 0),
(158, 139, 40, 5, 0),
(159, 140, 40, 5, 0),
(160, 432, 40, 2, 0),
(161, 464, 40, 2, 0),
(162, 270, 40, 1, 0),
(163, 270, 40, 3, 0),
(164, 270, 40, 6, 0),
(165, 300, 40, 1, 0),
(166, 467, 40, 2, 0),
(167, 468, 40, 24, 0),
(168, 469, 40, 24, 0),
(169, 470, 40, 12, 0),
(170, 471, 40, 12, 0),
(171, 472, 40, 12, 0),
(172, 473, 40, 7, 0),
(173, 474, 40, 1, 0),
(174, 474, 40, 2, 0),
(175, 475, 40, 72, 0),
(176, 476, 40, 1, 0),
(177, 477, 40, 2, 0),
(178, 478, 40, 4, 0),
(179, 479, 40, 7, 0),
(180, 480, 40, 5, 0),
(181, 481, 40, 1, 0),
(182, 482, 40, 1, 0),
(183, 483, 40, 1, 0),
(184, 484, 40, 1, 0),
(185, 485, 40, 4, 0),
(186, 486, 40, 1, 0),
(187, 487, 40, 1, 0),
(188, 488, 40, 9, 0),
(189, 489, 40, 9, 0),
(190, 490, 40, 4, 0),
(191, 491, 40, 4, 0),
(192, 492, 40, 4, 0),
(193, 493, 40, 2, 0),
(194, 494, 40, 1, 0),
(195, 495, 40, 4, 0),
(196, 496, 40, 1, 0),
(197, 497, 40, 2, 0),
(198, 498, 40, 1, 0),
(199, 499, 40, 3, 0),
(200, 500, 40, 3, 0),
(201, 501, 40, 1, 0),
(202, 502, 40, 1, 0),
(203, 504, 40, 1, 0),
(204, 508, 40, 1, 0),
(205, 511, 40, 1, 0),
(206, 518, 40, 5, 0),
(207, 519, 40, 4, 0),
(208, 519, 40, 1, 0),
(209, 520, 40, 9, 0),
(210, 521, 40, 4, 0),
(211, 522, 40, 4, 0),
(212, 523, 40, 4, 0),
(213, 524, 40, 4, 0),
(214, 525, 40, 10, 0),
(215, 529, 40, 10, 0),
(216, 18, 41, 36, 0),
(217, 579, 41, 24, 30),
(218, 580, 41, 1, 0),
(219, 250, 41, 2, 295),
(220, 581, 42, 3, 3450000),
(221, 587, 43, 20, 65000),
(222, 588, 43, 20, 65000),
(223, 589, 43, 20, 65000),
(224, 590, 43, 20, 65000),
(225, 298, 44, 5, 158),
(226, 584, 44, 1, 69),
(227, 583, 44, 1, 337),
(228, 40, 44, 2, 124),
(229, 585, 44, 7, 61),
(230, 586, 44, 1, 65),
(231, 183, 44, 1, 0),
(232, 185, 44, 1, 0),
(233, 591, 45, 4, 0),
(234, 592, 45, 5, 0),
(235, 593, 45, 5, 0),
(236, 39, 46, 3, 0),
(237, 594, 46, 8, 0),
(238, 595, 46, 1, 0),
(239, 596, 46, 2, 0),
(240, 582, 47, 3, 42),
(241, 597, 47, 1, 86),
(242, 94, 48, 3, 1108800),
(243, 598, 49, 1, 0),
(244, 599, 49, 2, 0),
(245, 600, 49, 2, 0),
(246, 601, 50, 1, 3795000),
(247, 18, 50, 24, 29833),
(248, 602, 51, 6, 0),
(249, 603, 51, 4, 0),
(250, 549, 51, 1, 0),
(251, 607, 51, 1, 0),
(252, 303, 51, 2, 0),
(253, 604, 51, 1, 0),
(254, 605, 51, 3, 0),
(255, 606, 51, 2, 0),
(256, 436, 52, 2, 0),
(257, 437, 52, 2, 0),
(258, 608, 52, 2, 0),
(259, 434, 52, 8, 0),
(260, 435, 52, 8, 0),
(261, 609, 52, 1, 0),
(262, 79, 53, 1, 0),
(263, 603, 53, 2, 0),
(264, 611, 53, 8, 0),
(265, 612, 53, 8, 0),
(266, 325, 54, 1, 0),
(267, 263, 55, 1, 1650000),
(268, 613, 55, 1, 1650000),
(269, 261, 56, 3, 0),
(270, 260, 56, 4, 0),
(271, 259, 56, 3, 0),
(273, 93, 57, 12, 0),
(274, 549, 57, 1, 0),
(275, 36, 58, 1, 0),
(276, 615, 59, 10, 0),
(277, 616, 59, 5, 0),
(278, 610, 59, 5, 0),
(279, 79, 60, 3, 0),
(280, 112, 61, 2, 0),
(281, 28, 62, 1, 0),
(282, 27, 62, 1, 0),
(283, 111, 63, 2, 0),
(284, 112, 63, 1, 0),
(285, 617, 64, 1, 0),
(286, 79, 64, 2, 0),
(287, 618, 65, 1, 0),
(288, 619, 66, 1, 0),
(289, 620, 66, 1, 0),
(290, 621, 66, 1, 0),
(291, 622, 66, 1, 0),
(292, 254, 67, 2, 0),
(293, 256, 67, 2, 0),
(294, 257, 67, 1, 0),
(295, 255, 67, 2, 0),
(296, 252, 67, 2, 0),
(297, 299, 67, 1, 0),
(298, 266, 67, 2, 0),
(299, 267, 67, 1, 0),
(300, 239, 67, 1, 0),
(301, 112, 68, 3, 0),
(303, 623, 70, 1, 0),
(304, 109, 70, 1, 0),
(305, 624, 71, 2, 0),
(306, 94, 72, 12, 280533),
(307, 625, 73, 2, 0),
(308, 625, 73, 6, 0),
(309, 626, 73, 1, 0),
(310, 537, 73, 30, 0),
(311, 539, 73, 50, 0),
(312, 71, 73, 2, 0),
(313, 112, 74, 3, 704000),
(314, 20, 75, 8, 0),
(315, 10, 76, 6, 0),
(316, 628, 76, 7, 0),
(317, 543, 78, 10, 0),
(318, 36, 79, 1, 0),
(319, 629, 79, 2, 0),
(320, 36, 79, 1, 0),
(321, 625, 80, 5, 0),
(322, 625, 80, 3, 0),
(323, 625, 80, 2, 0),
(324, 625, 80, 4, 0),
(325, 638, 81, 6, 0),
(326, 636, 81, 7, 0),
(327, 631, 81, 12, 0),
(328, 632, 81, 16, 0),
(329, 633, 81, 3, 0),
(330, 634, 81, 1, 0),
(331, 625, 81, 5, 0),
(332, 637, 81, 7, 0),
(333, 635, 81, 1, 0),
(334, 630, 81, 1, 0),
(335, 11, 82, 9, 0),
(336, 84, 82, 18, 0),
(337, 642, 82, 3, 0),
(338, 641, 82, 6, 0),
(339, 639, 82, 6, 0),
(340, 640, 82, 6, 0),
(341, 643, 82, 6, 0),
(342, 644, 83, 1, 1250000),
(343, 645, 84, 31, 72968),
(344, 646, 84, 29, 83379),
(345, 254, 85, 10, 149000),
(346, 256, 85, 20, 149000),
(347, 255, 85, 20, 149000),
(348, 252, 85, 10, 149000),
(349, 246, 85, 10, 157000),
(350, 244, 85, 5, 157000),
(351, 242, 85, 5, 157000),
(352, 241, 85, 5, 157000),
(353, 243, 85, 5, 157000),
(354, 247, 85, 5, 157000),
(355, 245, 85, 5, 157000),
(356, 93, 86, 12, 600000),
(357, 647, 87, 2, 1567500),
(358, 265, 87, 3, 570000),
(359, 648, 88, 1, 521000),
(360, 20, 89, 5, 99000),
(361, 112, 90, 5, 737000),
(362, 261, 91, 3, 5300000),
(363, 649, 92, 1, 1306000),
(364, 650, 92, 1, 1306000),
(365, 70, 92, 2, 0),
(366, 651, 93, 6, 535500),
(367, 652, 94, 20, 1000000),
(368, 94, 95, 20, 0),
(369, 95, 95, 4, 0),
(370, 604, 96, 7, 0),
(371, 605, 96, 3, 0),
(372, 606, 96, 5, 0),
(373, 112, 97, 3, 737000),
(374, 129, 98, 8, 0),
(375, 132, 98, 4, 0),
(376, 139, 98, 6, 0),
(377, 654, 98, 8, 0),
(378, 655, 98, 2, 0),
(379, 131, 99, 8, 0),
(380, 133, 99, 8, 0),
(381, 134, 99, 8, 0),
(382, 128, 99, 4, 0),
(383, 656, 99, 12, 0),
(384, 10, 103, 12, 0),
(385, 116, 103, 1, 0),
(386, 117, 103, 1, 0),
(387, 118, 103, 1, 0),
(388, 657, 103, 3, 0),
(389, 89, 103, 2, 0),
(390, 83, 103, 6, 0),
(391, 297, 103, 1, 0),
(392, 191, 104, 24, 0),
(393, 196, 104, 24, 0),
(394, 202, 104, 12, 0),
(395, 199, 104, 6, 0),
(396, 648, 105, 9, 521000),
(397, 93, 106, 12, 600000),
(398, 306, 107, 1, 0),
(399, 305, 107, 1, 0),
(400, 303, 107, 1, 0),
(401, 302, 107, 4, 0),
(402, 308, 107, 1, 0),
(403, 434, 107, 7, 0),
(404, 435, 107, 7, 0),
(405, 611, 107, 7, 0),
(406, 612, 107, 7, 0),
(407, 658, 108, 1, 936000),
(408, 18, 109, 60, 0),
(409, 66, 110, 12, 616667),
(410, 661, 111, 1, 0),
(411, 74, 111, 5, 0),
(412, 660, 111, 1, 0),
(413, 660, 111, 4, 0),
(414, 659, 111, 1, 0),
(415, 544, 111, 3, 0),
(416, 662, 111, 5, 0),
(417, 663, 111, 7, 0),
(418, 664, 112, 21, 0),
(419, 665, 112, 6, 0),
(420, 665, 112, 3, 0),
(421, 666, 112, 3, 0),
(422, 11, 113, 4, 0),
(423, 84, 113, 12, 0),
(424, 11, 113, 18, 0),
(425, 669, 114, 1, 0),
(426, 670, 114, 25, 0),
(427, 669, 114, 1, 0),
(428, 214, 115, 1, 763700),
(429, 215, 115, 1, 763700),
(430, 672, 115, 1, 763700),
(431, 543, 116, 200, 5215),
(432, 20, 117, 2, 110000),
(433, 245, 118, 10, 157000),
(434, 247, 118, 10, 157000),
(435, 240, 118, 5, 157000),
(436, 244, 118, 7, 157000),
(437, 246, 118, 2, 157000),
(438, 253, 118, 1, 2682000),
(439, 254, 118, 1, 2235000),
(440, 256, 118, 1, 2235000),
(441, 261, 118, 3, 5300000),
(442, 264, 119, 6, 1275000),
(443, 241, 119, 10, 157000),
(444, 243, 119, 10, 157000),
(445, 285, 119, 10, 289000),
(446, 286, 119, 10, 289000),
(447, 288, 119, 10, 289000),
(448, 252, 120, 1, 2235000),
(449, 255, 120, 1, 2235000),
(450, 190, 121, 18, 0),
(451, 195, 121, 18, 0),
(452, 198, 121, 12, 0),
(453, 201, 121, 12, 0),
(454, 204, 121, 6, 0),
(455, 20, 122, 2, 110000);

-- --------------------------------------------------------

--
-- Table structure for table `bulans`
--

CREATE TABLE `bulans` (
  `id` int(10) UNSIGNED NOT NULL,
  `bulan` date NOT NULL,
  `created_at` timestamp NULL DEFAULT NULL,
  `updated_at` timestamp NULL DEFAULT NULL
) ENGINE=InnoDB DEFAULT CHARSET=utf8mb4 COLLATE=utf8mb4_unicode_ci;

--
-- Dumping data for table `bulans`
--

INSERT INTO `bulans` (`id`, `bulan`, `created_at`, `updated_at`) VALUES
(1, '2018-07-01', '2018-07-20 00:53:50', '2018-07-20 00:53:50'),
(2, '2018-08-01', '2018-08-07 03:50:43', '2018-08-07 03:50:43'),
(3, '2018-10-01', '2018-10-29 18:44:28', '2018-10-29 18:44:28'),
(4, '2018-12-01', '2018-12-29 00:33:27', '2018-12-29 00:33:27'),
(5, '2018-11-01', '2019-01-21 02:08:20', '2019-01-21 02:08:20');

-- --------------------------------------------------------

--
-- Table structure for table `bulan_barang`
--

CREATE TABLE `bulan_barang` (
  `id` int(10) UNSIGNED NOT NULL,
  `bulan_id` int(10) UNSIGNED NOT NULL,
  `barang_id` int(10) UNSIGNED NOT NULL,
  `stok_awal` int(11) NOT NULL,
  `created_at` timestamp NULL DEFAULT NULL,
  `updated_at` timestamp NULL DEFAULT NULL
) ENGINE=InnoDB DEFAULT CHARSET=utf8mb4 COLLATE=utf8mb4_unicode_ci;

--
-- Dumping data for table `bulan_barang`
--

INSERT INTO `bulan_barang` (`id`, `bulan_id`, `barang_id`, `stok_awal`, `created_at`, `updated_at`) VALUES
(1, 1, 1, 0, NULL, NULL),
(2, 1, 2, 0, NULL, NULL),
(3, 1, 3, 0, NULL, NULL),
(5, 1, 5, 0, NULL, NULL),
(6, 1, 6, 0, NULL, NULL),
(7, 1, 7, 0, NULL, NULL),
(8, 1, 8, 0, NULL, NULL),
(10, 1, 10, 0, NULL, NULL),
(11, 1, 11, 100, NULL, NULL),
(12, 1, 12, 0, NULL, NULL),
(13, 1, 13, 0, NULL, NULL),
(14, 1, 14, 0, NULL, NULL),
(15, 1, 15, 0, NULL, NULL),
(16, 1, 16, 0, NULL, NULL),
(17, 1, 17, 0, NULL, NULL),
(18, 1, 18, 0, NULL, NULL),
(19, 1, 19, 0, NULL, NULL),
(20, 1, 20, 0, NULL, NULL),
(21, 1, 21, 0, NULL, NULL),
(22, 1, 22, 0, NULL, NULL),
(23, 1, 23, 0, NULL, NULL),
(24, 1, 24, 0, NULL, NULL),
(25, 1, 25, 0, NULL, NULL),
(26, 1, 27, 0, NULL, NULL),
(27, 1, 28, 0, NULL, NULL),
(28, 1, 29, 0, NULL, NULL),
(29, 1, 30, 0, NULL, NULL),
(30, 1, 31, 0, NULL, NULL),
(31, 1, 32, 0, NULL, NULL),
(32, 1, 33, 0, NULL, NULL),
(33, 1, 34, 0, NULL, NULL),
(34, 1, 35, 0, NULL, NULL),
(35, 1, 36, 0, NULL, NULL),
(36, 1, 37, 0, NULL, NULL),
(37, 1, 38, 0, NULL, NULL),
(38, 1, 39, 0, NULL, NULL),
(39, 1, 40, 0, NULL, NULL),
(40, 1, 41, 0, NULL, NULL),
(41, 1, 42, 0, NULL, NULL),
(42, 1, 43, 0, NULL, NULL),
(43, 1, 44, 0, NULL, NULL),
(44, 1, 45, 0, NULL, NULL),
(45, 1, 46, 0, NULL, NULL),
(46, 1, 47, 0, NULL, NULL),
(47, 1, 48, 0, NULL, NULL),
(48, 1, 49, 0, NULL, NULL),
(49, 1, 50, 0, NULL, NULL),
(50, 1, 51, 0, NULL, NULL),
(51, 1, 52, 0, NULL, NULL),
(52, 1, 53, 0, NULL, NULL),
(53, 1, 54, 0, NULL, NULL),
(54, 1, 55, 0, NULL, NULL),
(55, 1, 56, 0, NULL, NULL),
(56, 1, 57, 0, NULL, NULL),
(57, 1, 58, 0, NULL, NULL),
(58, 1, 59, 0, NULL, NULL),
(59, 1, 60, 0, NULL, NULL),
(60, 1, 61, 0, NULL, NULL),
(61, 1, 62, 0, NULL, NULL),
(62, 1, 63, 0, NULL, NULL),
(63, 1, 64, 0, NULL, NULL),
(64, 1, 65, 0, NULL, NULL),
(65, 1, 66, 0, NULL, NULL),
(66, 1, 67, 0, NULL, NULL),
(67, 1, 68, 0, NULL, NULL),
(68, 1, 69, 0, NULL, NULL),
(69, 1, 70, 0, NULL, NULL),
(70, 1, 71, 0, NULL, NULL),
(71, 1, 72, 0, NULL, NULL),
(72, 1, 73, 0, NULL, NULL),
(73, 1, 74, 0, NULL, NULL),
(74, 1, 75, 0, NULL, NULL),
(75, 1, 76, 0, NULL, NULL),
(76, 1, 77, 0, NULL, NULL),
(77, 1, 78, 0, NULL, NULL),
(78, 1, 79, 23, NULL, NULL),
(79, 1, 80, 0, NULL, NULL),
(80, 1, 81, 0, NULL, NULL),
(81, 1, 82, 0, NULL, NULL),
(82, 1, 83, 0, NULL, NULL),
(83, 1, 84, 0, NULL, NULL),
(84, 1, 85, 0, NULL, NULL),
(85, 1, 86, 0, NULL, NULL),
(86, 1, 87, 0, NULL, NULL),
(87, 1, 88, 0, NULL, NULL),
(88, 1, 89, 7, NULL, NULL),
(90, 1, 91, 0, NULL, NULL),
(91, 1, 92, 0, NULL, NULL),
(92, 1, 93, -7, NULL, NULL),
(93, 1, 94, 0, NULL, NULL),
(94, 1, 95, 0, NULL, NULL),
(95, 1, 96, 0, NULL, NULL),
(96, 1, 97, 0, NULL, NULL),
(97, 1, 98, 0, NULL, NULL),
(98, 1, 99, 0, NULL, NULL),
(99, 1, 100, 0, NULL, NULL),
(100, 1, 101, 0, NULL, NULL),
(101, 1, 102, 0, NULL, NULL),
(102, 1, 103, 0, NULL, NULL),
(103, 1, 104, 0, NULL, NULL),
(104, 1, 105, 0, NULL, NULL),
(105, 1, 106, 0, NULL, NULL),
(106, 1, 107, 0, NULL, NULL),
(107, 1, 108, 0, NULL, NULL),
(108, 1, 109, 0, NULL, NULL),
(109, 1, 110, 0, NULL, NULL),
(110, 1, 111, 0, NULL, NULL),
(111, 1, 112, 0, NULL, NULL),
(112, 1, 113, 0, NULL, NULL),
(113, 1, 114, 0, NULL, NULL),
(114, 1, 115, 0, NULL, NULL),
(115, 1, 116, 0, NULL, NULL),
(116, 1, 117, 0, NULL, NULL),
(117, 1, 118, 0, NULL, NULL),
(118, 1, 119, 0, NULL, NULL),
(119, 1, 120, 0, NULL, NULL),
(120, 1, 121, 0, NULL, NULL),
(121, 1, 122, 0, NULL, NULL),
(122, 1, 123, 0, NULL, NULL),
(123, 1, 124, 0, NULL, NULL),
(124, 1, 125, 0, NULL, NULL),
(125, 1, 126, 0, NULL, NULL),
(126, 1, 127, 0, NULL, NULL),
(127, 1, 128, 0, NULL, NULL),
(128, 1, 129, 0, NULL, NULL),
(129, 1, 130, 0, NULL, NULL),
(130, 1, 131, 0, NULL, NULL),
(131, 1, 132, 0, NULL, NULL),
(132, 1, 133, 0, NULL, NULL),
(133, 1, 134, 0, NULL, NULL),
(134, 1, 135, 0, NULL, NULL),
(135, 1, 136, 0, NULL, NULL),
(136, 1, 137, 0, NULL, NULL),
(137, 1, 138, 0, NULL, NULL),
(138, 1, 139, 0, NULL, NULL),
(139, 1, 140, 0, NULL, NULL),
(140, 1, 141, 0, NULL, NULL),
(141, 1, 142, 0, NULL, NULL),
(142, 1, 143, 0, NULL, NULL),
(143, 1, 144, 0, NULL, NULL),
(144, 1, 145, 0, NULL, NULL),
(145, 1, 146, 0, NULL, NULL),
(146, 1, 147, 0, NULL, NULL),
(147, 1, 148, 0, NULL, NULL),
(148, 1, 149, 0, NULL, NULL),
(149, 1, 150, 0, NULL, NULL),
(150, 1, 151, 0, NULL, NULL),
(151, 1, 152, 0, NULL, NULL),
(152, 1, 153, 0, NULL, NULL),
(153, 1, 154, 0, NULL, NULL),
(154, 1, 155, 0, NULL, NULL),
(155, 1, 156, 0, NULL, NULL),
(156, 1, 157, 0, NULL, NULL),
(157, 1, 158, 0, NULL, NULL),
(158, 1, 159, 0, NULL, NULL),
(159, 1, 160, 0, NULL, NULL),
(160, 1, 161, 0, NULL, NULL),
(161, 1, 162, 0, NULL, NULL),
(162, 1, 163, 0, NULL, NULL),
(163, 1, 164, 0, NULL, NULL),
(164, 1, 165, 0, NULL, NULL),
(165, 1, 166, 0, NULL, NULL),
(166, 1, 167, 0, NULL, NULL),
(167, 1, 168, 0, NULL, NULL),
(168, 1, 169, 0, NULL, NULL),
(169, 1, 170, 0, NULL, NULL),
(170, 1, 171, 0, NULL, NULL),
(171, 1, 172, 0, NULL, NULL),
(172, 1, 173, 0, NULL, NULL),
(173, 1, 174, 0, NULL, NULL),
(174, 1, 175, 0, NULL, NULL),
(175, 1, 176, 0, NULL, NULL),
(176, 1, 177, 0, NULL, NULL),
(177, 1, 178, 0, NULL, NULL),
(178, 1, 179, 0, NULL, NULL),
(179, 1, 180, 0, NULL, NULL),
(180, 1, 181, 0, NULL, NULL),
(181, 1, 182, 0, NULL, NULL),
(182, 1, 183, 0, NULL, NULL),
(183, 1, 184, 0, NULL, NULL),
(184, 1, 185, 0, NULL, NULL),
(185, 1, 186, 0, NULL, NULL),
(186, 1, 187, 0, NULL, NULL),
(187, 1, 188, 0, NULL, NULL),
(188, 1, 189, 0, NULL, NULL),
(189, 1, 190, 0, NULL, NULL),
(190, 1, 191, 0, NULL, NULL),
(191, 1, 192, 0, NULL, NULL),
(192, 1, 193, 0, NULL, NULL),
(193, 1, 194, 0, NULL, NULL),
(194, 1, 195, 0, NULL, NULL),
(195, 1, 196, 0, NULL, NULL),
(196, 1, 197, 0, NULL, NULL),
(197, 1, 198, 0, NULL, NULL),
(198, 1, 199, 0, NULL, NULL),
(199, 1, 200, 0, NULL, NULL),
(200, 1, 201, 0, NULL, NULL),
(201, 1, 202, 0, NULL, NULL),
(202, 1, 203, 0, NULL, NULL),
(203, 1, 204, 0, NULL, NULL),
(204, 1, 205, 0, NULL, NULL),
(205, 1, 206, 0, NULL, NULL),
(206, 1, 207, 0, NULL, NULL),
(207, 1, 208, 0, NULL, NULL),
(208, 1, 209, 0, NULL, NULL),
(209, 1, 210, 0, NULL, NULL),
(210, 1, 211, 0, NULL, NULL),
(211, 1, 212, 0, NULL, NULL),
(212, 1, 213, 0, NULL, NULL),
(213, 1, 214, 0, NULL, NULL),
(214, 1, 215, 0, NULL, NULL),
(215, 1, 216, 0, NULL, NULL),
(216, 1, 217, 0, NULL, NULL),
(217, 1, 218, 0, NULL, NULL),
(218, 1, 219, 0, NULL, NULL),
(219, 1, 220, 0, NULL, NULL),
(220, 1, 221, 0, NULL, NULL),
(221, 1, 222, 0, NULL, NULL),
(222, 1, 223, 0, NULL, NULL),
(223, 1, 224, 0, NULL, NULL),
(224, 1, 225, 0, NULL, NULL),
(225, 1, 226, 0, NULL, NULL),
(226, 1, 227, 0, NULL, NULL),
(227, 1, 228, 0, NULL, NULL),
(228, 1, 229, 0, NULL, NULL),
(229, 1, 230, 0, NULL, NULL),
(230, 1, 231, 0, NULL, NULL),
(231, 1, 232, 0, NULL, NULL),
(232, 1, 233, 0, NULL, NULL),
(233, 1, 234, 0, NULL, NULL),
(234, 1, 235, 0, NULL, NULL),
(235, 1, 236, 0, NULL, NULL),
(236, 1, 237, 0, NULL, NULL),
(237, 1, 238, 0, NULL, NULL),
(238, 1, 239, 0, NULL, NULL),
(239, 1, 240, 0, NULL, NULL),
(240, 1, 241, 0, NULL, NULL),
(241, 1, 242, 0, NULL, NULL),
(242, 1, 243, 0, NULL, NULL),
(243, 1, 244, 0, NULL, NULL),
(244, 1, 245, 0, NULL, NULL),
(245, 1, 246, 0, NULL, NULL),
(246, 1, 247, 0, NULL, NULL),
(247, 1, 248, 0, NULL, NULL),
(248, 1, 249, 0, NULL, NULL),
(249, 1, 250, 0, NULL, NULL),
(250, 1, 251, 0, NULL, NULL),
(251, 1, 252, 0, NULL, NULL),
(252, 1, 253, 0, NULL, NULL),
(253, 1, 254, 0, NULL, NULL),
(254, 1, 255, 0, NULL, NULL),
(255, 1, 256, 0, NULL, NULL),
(256, 1, 257, 0, NULL, NULL),
(257, 1, 258, 0, NULL, NULL),
(258, 1, 259, 0, NULL, NULL),
(259, 1, 260, 0, NULL, NULL),
(260, 1, 261, 0, NULL, NULL),
(261, 1, 262, 0, NULL, NULL),
(262, 1, 263, 0, NULL, NULL),
(263, 1, 264, 0, NULL, NULL),
(264, 1, 265, 0, NULL, NULL),
(265, 1, 266, 0, NULL, NULL),
(266, 1, 267, 0, NULL, NULL),
(267, 1, 268, 0, NULL, NULL),
(268, 1, 269, 0, NULL, NULL),
(269, 1, 270, 0, NULL, NULL),
(270, 1, 271, 0, NULL, NULL),
(271, 1, 272, 0, NULL, NULL),
(272, 1, 273, 0, NULL, NULL),
(273, 1, 274, 0, NULL, NULL),
(274, 1, 275, 0, NULL, NULL),
(275, 1, 276, 0, NULL, NULL),
(276, 1, 277, 0, NULL, NULL),
(277, 1, 278, 0, NULL, NULL),
(278, 1, 279, 0, NULL, NULL),
(279, 1, 280, 0, NULL, NULL),
(280, 1, 281, 0, NULL, NULL),
(281, 1, 282, 0, NULL, NULL),
(282, 1, 283, 0, NULL, NULL),
(283, 1, 284, 0, NULL, NULL),
(284, 1, 285, 0, NULL, NULL),
(285, 1, 286, 0, NULL, NULL),
(286, 1, 287, 0, NULL, NULL),
(287, 1, 288, 0, NULL, NULL),
(288, 1, 289, 0, NULL, NULL),
(289, 1, 290, 0, NULL, NULL),
(290, 1, 291, 0, NULL, NULL),
(291, 1, 292, 0, NULL, NULL),
(292, 1, 293, 0, NULL, NULL),
(293, 1, 294, 0, NULL, NULL),
(294, 1, 295, 0, NULL, NULL),
(295, 1, 296, 0, NULL, NULL),
(296, 1, 297, 0, NULL, NULL),
(297, 1, 298, 0, NULL, NULL),
(298, 1, 299, 0, NULL, NULL),
(299, 1, 300, 0, NULL, NULL),
(300, 1, 301, 0, NULL, NULL),
(301, 1, 302, 0, NULL, NULL),
(302, 1, 303, 0, NULL, NULL),
(303, 1, 304, 0, NULL, NULL),
(304, 1, 305, 0, NULL, NULL),
(305, 1, 306, 0, NULL, NULL),
(306, 1, 307, 0, NULL, NULL),
(307, 1, 308, 0, NULL, NULL),
(308, 1, 309, 0, NULL, NULL),
(309, 1, 310, 0, NULL, NULL),
(310, 1, 311, 0, NULL, NULL),
(311, 1, 312, 0, NULL, NULL),
(312, 1, 313, 13, NULL, NULL),
(313, 1, 314, 3, NULL, NULL),
(314, 1, 315, 5, NULL, NULL),
(315, 1, 316, 2, NULL, NULL),
(316, 1, 317, 1, NULL, NULL),
(317, 1, 318, 5, NULL, NULL),
(318, 1, 319, 26, NULL, NULL),
(319, 1, 320, 26, NULL, NULL),
(320, 1, 321, 0, NULL, NULL),
(321, 1, 322, 0, NULL, NULL),
(322, 1, 323, 0, NULL, NULL),
(323, 1, 324, 0, NULL, NULL),
(324, 1, 325, 0, NULL, NULL),
(325, 1, 326, 60, NULL, NULL),
(326, 1, 327, 101, NULL, NULL),
(327, 1, 328, 118, NULL, NULL),
(328, 1, 329, 11, NULL, NULL),
(329, 1, 330, 0, NULL, NULL),
(330, 1, 331, 0, NULL, NULL),
(331, 1, 332, 0, NULL, NULL),
(332, 1, 333, 0, NULL, NULL),
(333, 1, 334, 0, NULL, NULL),
(334, 1, 335, 5, NULL, NULL),
(335, 1, 336, 2, NULL, NULL),
(336, 1, 337, 2, NULL, NULL),
(337, 1, 338, 1, NULL, NULL),
(338, 1, 339, 0, NULL, NULL),
(339, 1, 340, 0, NULL, NULL),
(340, 1, 341, 10, NULL, NULL),
(341, 1, 342, 1, NULL, NULL),
(342, 1, 343, 4, NULL, NULL),
(343, 1, 344, 4, NULL, NULL),
(344, 1, 345, 3, NULL, NULL),
(345, 1, 346, 1, NULL, NULL),
(346, 1, 347, 2, NULL, NULL),
(347, 1, 348, 2, NULL, NULL),
(348, 1, 349, 1, NULL, NULL),
(349, 1, 350, 4, NULL, NULL),
(350, 1, 351, 3, NULL, NULL),
(351, 2, 1, 2, NULL, NULL),
(352, 2, 2, 0, NULL, NULL),
(353, 2, 3, 0, NULL, NULL),
(355, 2, 5, 7, NULL, NULL),
(356, 2, 6, 0, NULL, NULL),
(357, 2, 7, 0, NULL, NULL),
(358, 2, 8, 0, NULL, NULL),
(360, 2, 10, 0, NULL, NULL),
(361, 2, 11, 74, NULL, NULL),
(362, 2, 12, 0, NULL, NULL),
(363, 2, 13, 0, NULL, NULL),
(364, 2, 14, 0, NULL, NULL),
(365, 2, 15, 0, NULL, NULL),
(366, 2, 16, 1, NULL, NULL),
(367, 2, 17, 0, NULL, NULL),
(368, 2, 18, 0, NULL, NULL),
(369, 2, 19, 0, NULL, NULL),
(370, 2, 20, 5, NULL, NULL),
(371, 2, 21, 0, NULL, NULL),
(372, 2, 22, 2, NULL, NULL),
(373, 2, 23, 0, NULL, NULL),
(374, 2, 24, 0, NULL, NULL),
(375, 2, 25, 0, NULL, NULL),
(376, 2, 27, 0, NULL, NULL),
(377, 2, 28, 2, NULL, NULL),
(378, 2, 29, 0, NULL, NULL),
(379, 2, 30, 0, NULL, NULL),
(380, 2, 31, 0, NULL, NULL),
(381, 2, 32, 0, NULL, NULL),
(382, 2, 33, 0, NULL, NULL),
(383, 2, 34, 1, NULL, NULL),
(384, 2, 35, 0, NULL, NULL),
(385, 2, 36, 0, NULL, NULL),
(386, 2, 37, 2, NULL, NULL),
(387, 2, 38, 3, NULL, NULL),
(388, 2, 39, 0, NULL, NULL),
(389, 2, 40, 0, NULL, NULL),
(390, 2, 41, 7, NULL, NULL),
(391, 2, 42, 7, NULL, NULL),
(392, 2, 43, 23, NULL, NULL),
(393, 2, 44, 22, NULL, NULL),
(394, 2, 45, 24, NULL, NULL),
(395, 2, 46, 0, NULL, NULL),
(396, 2, 47, 0, NULL, NULL),
(397, 2, 48, 0, NULL, NULL),
(398, 2, 49, 0, NULL, NULL),
(399, 2, 50, 12, NULL, NULL),
(400, 2, 51, 0, NULL, NULL),
(401, 2, 52, 14, NULL, NULL),
(402, 2, 53, 14, NULL, NULL),
(403, 2, 54, 4, NULL, NULL),
(404, 2, 55, 0, NULL, NULL),
(405, 2, 56, 1, NULL, NULL),
(406, 2, 57, 2, NULL, NULL),
(407, 2, 58, 10, NULL, NULL),
(408, 2, 59, 0, NULL, NULL),
(409, 2, 60, 0, NULL, NULL),
(410, 2, 61, 7, NULL, NULL),
(411, 2, 62, 0, NULL, NULL),
(412, 2, 63, 0, NULL, NULL),
(413, 2, 64, 0, NULL, NULL),
(414, 2, 65, 0, NULL, NULL),
(415, 2, 66, 7, NULL, NULL),
(416, 2, 67, 0, NULL, NULL),
(417, 2, 68, 0, NULL, NULL),
(418, 2, 69, 0, NULL, NULL),
(419, 2, 70, 0, NULL, NULL),
(420, 2, 71, 0, NULL, NULL),
(421, 2, 72, 0, NULL, NULL),
(422, 2, 73, 6, NULL, NULL),
(423, 2, 74, 0, NULL, NULL),
(424, 2, 75, 0, NULL, NULL),
(425, 2, 76, 0, NULL, NULL),
(426, 2, 77, 0, NULL, NULL),
(427, 2, 78, 0, NULL, NULL),
(428, 2, 79, -23, NULL, NULL),
(429, 2, 80, 0, NULL, NULL),
(430, 2, 81, 0, NULL, NULL),
(431, 2, 82, 0, NULL, NULL),
(432, 2, 83, 0, NULL, NULL),
(433, 2, 84, 24, NULL, NULL),
(434, 2, 85, 3, NULL, NULL),
(435, 2, 86, 4, NULL, NULL),
(436, 2, 87, 2, NULL, NULL),
(437, 2, 88, 3, NULL, NULL),
(438, 2, 89, 7, NULL, NULL),
(440, 2, 91, 0, NULL, NULL),
(441, 2, 92, 1, NULL, NULL),
(442, 2, 93, 0, NULL, NULL),
(443, 2, 94, 9, NULL, NULL),
(444, 2, 95, 4, NULL, NULL),
(445, 2, 96, 9, NULL, NULL),
(446, 2, 97, 0, NULL, NULL),
(447, 2, 98, 0, NULL, NULL),
(448, 2, 99, 0, NULL, NULL),
(449, 2, 100, 0, NULL, NULL),
(450, 2, 101, 0, NULL, NULL),
(451, 2, 102, 0, NULL, NULL),
(452, 2, 103, 0, NULL, NULL),
(453, 2, 104, 0, NULL, NULL),
(454, 2, 105, 6, NULL, NULL),
(455, 2, 106, 0, NULL, NULL),
(456, 2, 107, 0, NULL, NULL),
(457, 2, 108, 0, NULL, NULL),
(458, 2, 109, 0, NULL, NULL),
(459, 2, 110, 0, NULL, NULL),
(460, 2, 111, 25, NULL, NULL),
(461, 2, 112, 0, NULL, NULL),
(462, 2, 113, 2, NULL, NULL),
(463, 2, 114, 0, NULL, NULL),
(464, 2, 115, 1, NULL, NULL),
(465, 2, 116, 2, NULL, NULL),
(466, 2, 117, 0, NULL, NULL),
(467, 2, 118, 3, NULL, NULL),
(468, 2, 119, 2, NULL, NULL),
(469, 2, 120, 0, NULL, NULL),
(470, 2, 121, 1, NULL, NULL),
(471, 2, 122, 1, NULL, NULL),
(472, 2, 123, 1, NULL, NULL),
(473, 2, 124, 2, NULL, NULL),
(474, 2, 125, 1, NULL, NULL),
(475, 2, 126, 0, NULL, NULL),
(476, 2, 127, 6, NULL, NULL),
(477, 2, 128, 0, NULL, NULL),
(478, 2, 129, 0, NULL, NULL),
(479, 2, 130, 0, NULL, NULL),
(480, 2, 131, 0, NULL, NULL),
(481, 2, 132, 3, NULL, NULL),
(482, 2, 133, 1, NULL, NULL),
(483, 2, 134, 3, NULL, NULL),
(484, 2, 135, 0, NULL, NULL),
(485, 2, 136, 2, NULL, NULL),
(486, 2, 137, 0, NULL, NULL),
(487, 2, 138, 0, NULL, NULL),
(488, 2, 139, 5, NULL, NULL),
(489, 2, 140, 5, NULL, NULL),
(490, 2, 141, 0, NULL, NULL),
(491, 2, 142, 0, NULL, NULL),
(492, 2, 143, 0, NULL, NULL),
(493, 2, 144, 0, NULL, NULL),
(494, 2, 145, 0, NULL, NULL),
(495, 2, 146, 0, NULL, NULL),
(496, 2, 147, 5, NULL, NULL),
(497, 2, 148, 2, NULL, NULL),
(498, 2, 149, 2, NULL, NULL),
(499, 2, 150, 2, NULL, NULL),
(500, 2, 151, 2, NULL, NULL),
(501, 2, 152, 0, NULL, NULL),
(502, 2, 153, 0, NULL, NULL),
(503, 2, 154, 0, NULL, NULL),
(504, 2, 155, 0, NULL, NULL),
(505, 2, 156, 0, NULL, NULL),
(506, 2, 157, 0, NULL, NULL),
(507, 2, 158, 0, NULL, NULL),
(508, 2, 159, 0, NULL, NULL),
(509, 2, 160, 0, NULL, NULL),
(510, 2, 161, 0, NULL, NULL),
(511, 2, 162, 0, NULL, NULL),
(512, 2, 163, 0, NULL, NULL),
(513, 2, 164, 0, NULL, NULL),
(514, 2, 165, 0, NULL, NULL),
(515, 2, 166, 0, NULL, NULL),
(516, 2, 167, 0, NULL, NULL),
(517, 2, 168, 0, NULL, NULL),
(518, 2, 169, 0, NULL, NULL),
(519, 2, 170, 0, NULL, NULL),
(520, 2, 171, 0, NULL, NULL),
(521, 2, 172, 0, NULL, NULL),
(522, 2, 173, 0, NULL, NULL),
(523, 2, 174, 0, NULL, NULL),
(524, 2, 175, 0, NULL, NULL),
(525, 2, 176, 0, NULL, NULL),
(526, 2, 177, 0, NULL, NULL),
(527, 2, 178, 0, NULL, NULL),
(528, 2, 179, 0, NULL, NULL),
(529, 2, 180, 0, NULL, NULL),
(530, 2, 181, 0, NULL, NULL),
(531, 2, 182, 0, NULL, NULL),
(532, 2, 183, 0, NULL, NULL),
(533, 2, 184, 0, NULL, NULL),
(534, 2, 185, 0, NULL, NULL),
(535, 2, 186, 0, NULL, NULL),
(536, 2, 187, 0, NULL, NULL),
(537, 2, 188, 0, NULL, NULL),
(538, 2, 189, 0, NULL, NULL),
(539, 2, 190, 5, NULL, NULL),
(540, 2, 191, 4, NULL, NULL),
(541, 2, 192, 6, NULL, NULL),
(542, 2, 193, 0, NULL, NULL),
(543, 2, 194, 0, NULL, NULL),
(544, 2, 195, 9, NULL, NULL),
(545, 2, 196, 11, NULL, NULL),
(546, 2, 197, 6, NULL, NULL),
(547, 2, 198, 11, NULL, NULL),
(548, 2, 199, 10, NULL, NULL),
(549, 2, 200, 6, NULL, NULL),
(550, 2, 201, 5, NULL, NULL),
(551, 2, 202, 5, NULL, NULL),
(552, 2, 203, 6, NULL, NULL),
(553, 2, 204, 3, NULL, NULL),
(554, 2, 205, 0, NULL, NULL),
(555, 2, 206, 2, NULL, NULL),
(556, 2, 207, 0, NULL, NULL),
(557, 2, 208, 2, NULL, NULL),
(558, 2, 209, 0, NULL, NULL),
(559, 2, 210, 2, NULL, NULL),
(560, 2, 211, 0, NULL, NULL),
(561, 2, 212, 0, NULL, NULL),
(562, 2, 213, 0, NULL, NULL),
(563, 2, 214, 0, NULL, NULL),
(564, 2, 215, 0, NULL, NULL),
(565, 2, 216, 0, NULL, NULL),
(566, 2, 217, 0, NULL, NULL),
(567, 2, 218, 0, NULL, NULL),
(568, 2, 219, 0, NULL, NULL),
(569, 2, 220, 0, NULL, NULL),
(570, 2, 221, 0, NULL, NULL),
(571, 2, 222, 0, NULL, NULL),
(572, 2, 223, 0, NULL, NULL),
(573, 2, 224, 0, NULL, NULL),
(574, 2, 225, 0, NULL, NULL),
(575, 2, 226, 0, NULL, NULL),
(576, 2, 227, 0, NULL, NULL),
(577, 2, 228, 0, NULL, NULL),
(578, 2, 229, 0, NULL, NULL),
(579, 2, 230, 1, NULL, NULL),
(580, 2, 231, 0, NULL, NULL),
(581, 2, 232, 0, NULL, NULL),
(582, 2, 233, 0, NULL, NULL),
(583, 2, 234, 0, NULL, NULL),
(584, 2, 235, 0, NULL, NULL),
(585, 2, 236, 0, NULL, NULL),
(586, 2, 237, 0, NULL, NULL),
(587, 2, 238, 0, NULL, NULL),
(588, 2, 239, 1, NULL, NULL),
(589, 2, 240, 0, NULL, NULL),
(590, 2, 241, 20, NULL, NULL),
(591, 2, 242, 0, NULL, NULL),
(592, 2, 243, 20, NULL, NULL),
(593, 2, 244, 0, NULL, NULL),
(594, 2, 245, 20, NULL, NULL),
(595, 2, 246, 0, NULL, NULL),
(596, 2, 247, 20, NULL, NULL),
(597, 2, 248, 1, NULL, NULL),
(598, 2, 249, 0, NULL, NULL),
(599, 2, 250, 5, NULL, NULL),
(600, 2, 251, 7, NULL, NULL),
(601, 2, 252, 4, NULL, NULL),
(602, 2, 253, 2, NULL, NULL),
(603, 2, 254, 4, NULL, NULL),
(604, 2, 255, 4, NULL, NULL),
(605, 2, 256, 2, NULL, NULL),
(606, 2, 257, 0, NULL, NULL),
(607, 2, 258, 0, NULL, NULL),
(608, 2, 259, 9, NULL, NULL),
(609, 2, 260, 6, NULL, NULL),
(610, 2, 261, 5, NULL, NULL),
(611, 2, 262, 0, NULL, NULL),
(612, 2, 263, 1, NULL, NULL),
(613, 2, 264, 7, NULL, NULL),
(614, 2, 265, 3, NULL, NULL),
(615, 2, 266, 3, NULL, NULL),
(616, 2, 267, 5, NULL, NULL),
(617, 2, 268, 0, NULL, NULL),
(618, 2, 269, 1, NULL, NULL),
(619, 2, 270, 10, NULL, NULL),
(620, 2, 271, 0, NULL, NULL),
(621, 2, 272, 0, NULL, NULL),
(622, 2, 273, 15, NULL, NULL),
(623, 2, 274, 1, NULL, NULL),
(624, 2, 275, 5, NULL, NULL),
(625, 2, 276, 0, NULL, NULL),
(626, 2, 277, 0, NULL, NULL),
(627, 2, 278, 0, NULL, NULL),
(628, 2, 279, 0, NULL, NULL),
(629, 2, 280, 0, NULL, NULL),
(630, 2, 281, 0, NULL, NULL),
(631, 2, 282, 0, NULL, NULL),
(632, 2, 283, 0, NULL, NULL),
(633, 2, 284, 0, NULL, NULL),
(634, 2, 285, 20, NULL, NULL),
(635, 2, 286, 30, NULL, NULL),
(636, 2, 287, 30, NULL, NULL),
(637, 2, 288, 30, NULL, NULL),
(638, 2, 289, 30, NULL, NULL),
(639, 2, 290, 10, NULL, NULL),
(640, 2, 291, 30, NULL, NULL),
(641, 2, 292, 0, NULL, NULL),
(642, 2, 293, 10, NULL, NULL),
(643, 2, 294, 0, NULL, NULL),
(644, 2, 295, 20, NULL, NULL),
(645, 2, 296, 0, NULL, NULL),
(646, 2, 297, 0, NULL, NULL),
(647, 2, 298, 5, NULL, NULL),
(648, 2, 299, 1, NULL, NULL),
(649, 2, 300, 1, NULL, NULL),
(650, 2, 301, 0, NULL, NULL),
(651, 2, 302, 4, NULL, NULL),
(652, 2, 303, 2, NULL, NULL),
(653, 2, 304, 2, NULL, NULL),
(654, 2, 305, 2, NULL, NULL),
(655, 2, 306, 1, NULL, NULL),
(656, 2, 307, 2, NULL, NULL),
(657, 2, 308, 2, NULL, NULL),
(658, 2, 309, 0, NULL, NULL),
(659, 2, 310, 0, NULL, NULL),
(660, 2, 311, 0, NULL, NULL),
(661, 2, 312, 0, NULL, NULL),
(662, 2, 313, 11, NULL, NULL),
(663, 2, 314, 3, NULL, NULL),
(664, 2, 315, 5, NULL, NULL),
(665, 2, 316, 2, NULL, NULL),
(666, 2, 317, 1, NULL, NULL),
(667, 2, 318, 5, NULL, NULL),
(668, 2, 319, 25, NULL, NULL),
(669, 2, 320, 25, NULL, NULL),
(670, 2, 321, 0, NULL, NULL),
(671, 2, 322, 0, NULL, NULL),
(672, 2, 323, 0, NULL, NULL),
(673, 2, 324, 0, NULL, NULL),
(674, 2, 325, 0, NULL, NULL),
(675, 2, 326, 120, NULL, NULL),
(676, 2, 327, 161, NULL, NULL),
(677, 2, 328, 178, NULL, NULL),
(678, 2, 329, 20, NULL, NULL),
(679, 2, 330, 0, NULL, NULL),
(680, 2, 331, 0, NULL, NULL),
(681, 2, 332, 1, NULL, NULL),
(682, 2, 333, 1, NULL, NULL),
(683, 2, 334, 7, NULL, NULL),
(684, 2, 335, 5, NULL, NULL),
(685, 2, 336, 1, NULL, NULL),
(686, 2, 337, 2, NULL, NULL),
(687, 2, 338, 1, NULL, NULL),
(688, 2, 339, 0, NULL, NULL),
(689, 2, 340, 0, NULL, NULL),
(690, 2, 341, 10, NULL, NULL),
(691, 2, 342, 1, NULL, NULL),
(692, 2, 343, 4, NULL, NULL),
(693, 2, 344, 4, NULL, NULL),
(694, 2, 345, 3, NULL, NULL),
(695, 2, 346, 2, NULL, NULL),
(696, 2, 347, 2, NULL, NULL),
(697, 2, 348, 2, NULL, NULL),
(698, 2, 349, 1, NULL, NULL),
(699, 2, 350, 4, NULL, NULL),
(700, 2, 351, 3, NULL, NULL),
(701, 2, 352, 40, NULL, NULL),
(702, 2, 354, 10, NULL, NULL),
(703, 2, 355, 5, NULL, NULL),
(704, 2, 356, 1, NULL, NULL),
(705, 2, 357, 3, NULL, NULL),
(706, 2, 358, 1, NULL, NULL),
(708, 2, 360, 1, NULL, NULL),
(710, 2, 362, 1, NULL, NULL),
(711, 2, 363, 5, NULL, NULL),
(712, 2, 364, 6, NULL, NULL),
(713, 2, 365, 1, NULL, NULL),
(714, 2, 366, 1, NULL, NULL),
(716, 2, 368, 8, NULL, NULL),
(717, 2, 369, 4, NULL, NULL),
(718, 2, 370, 8, NULL, NULL),
(719, 2, 371, 6, NULL, NULL),
(720, 2, 372, 2, NULL, NULL),
(721, 2, 373, 13, NULL, NULL),
(722, 2, 374, 7, NULL, NULL),
(723, 2, 375, 4, NULL, NULL),
(724, 2, 376, 2, NULL, NULL),
(725, 2, 377, 2, NULL, NULL),
(726, 2, 378, 2, NULL, NULL),
(727, 2, 379, 4, NULL, NULL),
(728, 2, 380, 3, NULL, NULL),
(729, 2, 381, 3, NULL, NULL),
(730, 2, 382, 1, NULL, NULL),
(731, 2, 383, 1, NULL, NULL),
(732, 2, 384, 1, NULL, NULL),
(733, 2, 385, 1, NULL, NULL),
(734, 2, 386, 40, NULL, NULL),
(735, 2, 387, 40, NULL, NULL),
(736, 2, 388, 182, NULL, NULL),
(737, 2, 389, 141, NULL, NULL),
(738, 2, 390, 40, NULL, NULL),
(739, 2, 391, 309, NULL, NULL),
(740, 2, 392, 25, NULL, NULL),
(741, 2, 393, 20, NULL, NULL),
(742, 2, 394, 14, NULL, NULL),
(743, 2, 395, 15, NULL, NULL),
(744, 2, 396, 20, NULL, NULL),
(745, 2, 397, 49, NULL, NULL),
(746, 2, 398, 47, NULL, NULL),
(747, 2, 399, 2, NULL, NULL),
(748, 2, 400, 2, NULL, NULL),
(749, 2, 401, 1, NULL, NULL),
(750, 2, 402, 3, NULL, NULL),
(751, 2, 403, 1, NULL, NULL),
(752, 2, 404, 2, NULL, NULL),
(753, 2, 405, 4, NULL, NULL),
(754, 2, 406, 3, NULL, NULL),
(755, 2, 407, 1, NULL, NULL),
(756, 2, 408, 5, NULL, NULL),
(757, 2, 409, 2, NULL, NULL),
(758, 2, 410, 5, NULL, NULL),
(759, 2, 411, 4, NULL, NULL),
(760, 2, 412, 20, NULL, NULL),
(761, 2, 413, 2, NULL, NULL),
(762, 2, 414, 2, NULL, NULL),
(763, 2, 415, 2, NULL, NULL),
(764, 2, 416, 2, NULL, NULL),
(765, 2, 417, 1, NULL, NULL),
(766, 2, 418, 1, NULL, NULL),
(767, 2, 419, 1, NULL, NULL),
(768, 2, 420, 1, NULL, NULL),
(769, 2, 421, 1, NULL, NULL),
(770, 2, 422, 2, NULL, NULL),
(771, 2, 423, 6, NULL, NULL),
(772, 2, 424, 1, NULL, NULL),
(773, 2, 425, 3, NULL, NULL),
(774, 2, 426, 4, NULL, NULL),
(775, 2, 427, 1, NULL, NULL),
(776, 2, 428, 1, NULL, NULL),
(777, 2, 429, 4, NULL, NULL),
(778, 2, 430, 4, NULL, NULL),
(779, 2, 431, 4, NULL, NULL),
(780, 2, 432, 2, NULL, NULL),
(781, 2, 433, 1, NULL, NULL),
(782, 2, 434, 12, NULL, NULL),
(783, 2, 435, 12, NULL, NULL),
(784, 2, 436, 7, NULL, NULL),
(785, 2, 437, 4, NULL, NULL),
(786, 2, 438, 1, NULL, NULL),
(787, 2, 439, 1, NULL, NULL),
(788, 2, 440, 2, NULL, NULL),
(789, 2, 441, 10, NULL, NULL),
(790, 2, 442, 10, NULL, NULL),
(791, 2, 443, 10, NULL, NULL),
(792, 2, 444, 10, NULL, NULL),
(793, 2, 445, 10, NULL, NULL),
(794, 2, 446, 1, NULL, NULL),
(795, 2, 447, 1, NULL, NULL),
(796, 2, 448, 2, NULL, NULL),
(797, 2, 449, 4, NULL, NULL),
(798, 2, 450, 1, NULL, NULL),
(799, 2, 451, 1, NULL, NULL),
(800, 2, 452, 5, NULL, NULL),
(801, 2, 453, 3, NULL, NULL),
(802, 2, 454, 8, NULL, NULL),
(803, 2, 455, 5, NULL, NULL),
(804, 2, 456, 1, NULL, NULL),
(805, 2, 457, 1, NULL, NULL),
(806, 2, 458, 3, NULL, NULL),
(807, 2, 459, 2, NULL, NULL),
(808, 2, 460, 2, NULL, NULL),
(809, 2, 461, 1, NULL, NULL),
(810, 2, 462, 1, NULL, NULL),
(811, 2, 463, 1, NULL, NULL),
(812, 2, 464, 2, NULL, NULL),
(813, 2, 465, 1, NULL, NULL),
(814, 2, 466, 1, NULL, NULL),
(815, 2, 467, 2, NULL, NULL),
(816, 2, 468, 24, NULL, NULL),
(817, 2, 469, 24, NULL, NULL),
(818, 2, 470, 12, NULL, NULL),
(819, 2, 471, 12, NULL, NULL),
(820, 2, 472, 12, NULL, NULL),
(821, 2, 473, 7, NULL, NULL),
(822, 2, 474, 3, NULL, NULL),
(823, 2, 475, 72, NULL, NULL),
(824, 2, 476, 1, NULL, NULL),
(825, 2, 477, 2, NULL, NULL),
(826, 2, 478, 4, NULL, NULL),
(827, 2, 479, 7, NULL, NULL),
(828, 2, 480, 5, NULL, NULL),
(829, 2, 481, 1, NULL, NULL),
(830, 2, 482, 1, NULL, NULL),
(831, 2, 483, 1, NULL, NULL),
(832, 2, 484, 1, NULL, NULL),
(833, 2, 485, 3, NULL, NULL),
(834, 2, 486, 1, NULL, NULL),
(835, 2, 487, 1, NULL, NULL),
(836, 2, 488, 9, NULL, NULL),
(837, 2, 489, 9, NULL, NULL),
(838, 2, 490, 15, NULL, NULL),
(839, 2, 491, 4, NULL, NULL),
(840, 2, 492, 4, NULL, NULL),
(841, 2, 493, 2, NULL, NULL),
(842, 2, 494, 1, NULL, NULL),
(843, 2, 495, 4, NULL, NULL),
(844, 2, 496, 1, NULL, NULL),
(845, 2, 497, 2, NULL, NULL),
(846, 2, 498, 1, NULL, NULL),
(847, 2, 499, 3, NULL, NULL),
(848, 2, 500, 3, NULL, NULL),
(849, 2, 501, 1, NULL, NULL),
(850, 2, 502, 1, NULL, NULL),
(851, 2, 503, 25, NULL, NULL),
(852, 2, 504, 1, NULL, NULL),
(853, 2, 505, 13, NULL, NULL),
(856, 2, 508, 1, NULL, NULL),
(857, 2, 509, 51, NULL, NULL),
(858, 2, 510, 1, NULL, NULL),
(859, 2, 511, 1, NULL, NULL),
(860, 2, 512, 35, NULL, NULL),
(861, 2, 513, 47, NULL, NULL),
(862, 2, 514, 39, NULL, NULL),
(863, 2, 515, 100, NULL, NULL),
(864, 2, 516, 0, NULL, NULL),
(865, 2, 517, 0, NULL, NULL),
(866, 2, 518, 5, NULL, NULL),
(867, 2, 519, 5, NULL, NULL),
(868, 2, 520, 9, NULL, NULL),
(869, 2, 521, 4, NULL, NULL),
(870, 2, 522, 4, NULL, NULL),
(871, 2, 523, 4, NULL, NULL),
(872, 2, 524, 4, NULL, NULL),
(873, 2, 525, 0, NULL, NULL),
(874, 2, 526, 0, NULL, NULL),
(875, 2, 527, 0, NULL, NULL),
(876, 3, 1, 1, NULL, NULL),
(877, 3, 2, 0, NULL, NULL),
(878, 3, 3, 0, NULL, NULL),
(879, 3, 5, 7, NULL, NULL),
(880, 3, 6, 0, NULL, NULL),
(881, 3, 7, 0, NULL, NULL),
(882, 3, 8, 0, NULL, NULL),
(883, 3, 10, 0, NULL, NULL),
(884, 3, 11, 47, NULL, NULL),
(885, 3, 12, 0, NULL, NULL),
(886, 3, 13, 0, NULL, NULL),
(887, 3, 14, 0, NULL, NULL),
(888, 3, 15, 0, NULL, NULL),
(889, 3, 16, 1, NULL, NULL),
(890, 3, 17, 0, NULL, NULL),
(891, 3, 18, 34, NULL, NULL),
(892, 3, 19, 0, NULL, NULL),
(893, 3, 20, 9, NULL, NULL),
(894, 3, 21, 0, NULL, NULL),
(895, 3, 22, 0, NULL, NULL),
(896, 3, 23, 0, NULL, NULL),
(897, 3, 24, 0, NULL, NULL),
(898, 3, 25, 0, NULL, NULL),
(899, 3, 27, 0, NULL, NULL),
(900, 3, 28, 1, NULL, NULL),
(901, 3, 29, 0, NULL, NULL),
(902, 3, 30, 0, NULL, NULL),
(903, 3, 31, 0, NULL, NULL),
(904, 3, 32, 0, NULL, NULL),
(905, 3, 33, 0, NULL, NULL),
(906, 3, 34, 1, NULL, NULL),
(907, 3, 35, 0, NULL, NULL),
(908, 3, 36, 0, NULL, NULL),
(909, 3, 37, 2, NULL, NULL),
(910, 3, 38, 3, NULL, NULL),
(911, 3, 39, 0, NULL, NULL),
(912, 3, 40, 0, NULL, NULL),
(913, 3, 41, 7, NULL, NULL),
(914, 3, 42, 6, NULL, NULL),
(915, 3, 43, 23, NULL, NULL),
(916, 3, 44, 22, NULL, NULL),
(917, 3, 45, 24, NULL, NULL),
(918, 3, 46, 0, NULL, NULL),
(919, 3, 47, 0, NULL, NULL),
(920, 3, 48, 0, NULL, NULL),
(921, 3, 49, 0, NULL, NULL),
(922, 3, 50, 11, NULL, NULL),
(923, 3, 51, 0, NULL, NULL),
(924, 3, 52, 14, NULL, NULL),
(925, 3, 53, 14, NULL, NULL),
(926, 3, 54, 2, NULL, NULL),
(927, 3, 55, 0, NULL, NULL),
(928, 3, 56, 1, NULL, NULL),
(929, 3, 57, 0, NULL, NULL),
(930, 3, 58, 10, NULL, NULL),
(931, 3, 59, 0, NULL, NULL),
(932, 3, 60, 0, NULL, NULL),
(933, 3, 61, 6, NULL, NULL),
(934, 3, 62, 0, NULL, NULL),
(935, 3, 63, 0, NULL, NULL),
(936, 3, 64, 0, NULL, NULL),
(937, 3, 65, 0, NULL, NULL),
(938, 3, 66, 6, NULL, NULL),
(939, 3, 67, 0, NULL, NULL),
(940, 3, 68, 0, NULL, NULL),
(941, 3, 69, 0, NULL, NULL),
(942, 3, 70, 0, NULL, NULL),
(943, 3, 71, 0, NULL, NULL),
(944, 3, 72, 1, NULL, NULL),
(945, 3, 73, 6, NULL, NULL),
(946, 3, 74, 0, NULL, NULL),
(947, 3, 75, 0, NULL, NULL),
(948, 3, 76, 0, NULL, NULL),
(949, 3, 77, 0, NULL, NULL),
(950, 3, 78, 0, NULL, NULL),
(951, 3, 79, 2, NULL, NULL),
(952, 3, 80, 0, NULL, NULL),
(953, 3, 81, 0, NULL, NULL),
(954, 3, 82, 0, NULL, NULL),
(955, 3, 83, 8, NULL, NULL),
(956, 3, 84, 49, NULL, NULL),
(957, 3, 85, 12, NULL, NULL),
(958, 3, 86, 14, NULL, NULL),
(959, 3, 87, 2, NULL, NULL),
(960, 3, 88, 3, NULL, NULL),
(961, 3, 89, 8, NULL, NULL),
(962, 3, 91, 0, NULL, NULL),
(963, 3, 92, 1, NULL, NULL),
(964, 3, 93, 5, NULL, NULL),
(965, 3, 94, 14, NULL, NULL),
(966, 3, 95, 2, NULL, NULL),
(967, 3, 96, 9, NULL, NULL),
(968, 3, 97, 0, NULL, NULL),
(969, 3, 98, 0, NULL, NULL),
(970, 3, 99, 0, NULL, NULL),
(971, 3, 100, 0, NULL, NULL),
(972, 3, 101, 0, NULL, NULL),
(973, 3, 102, 0, NULL, NULL),
(974, 3, 103, 0, NULL, NULL),
(975, 3, 104, 0, NULL, NULL),
(976, 3, 105, 5, NULL, NULL),
(977, 3, 106, 0, NULL, NULL),
(978, 3, 107, 0, NULL, NULL),
(979, 3, 108, 0, NULL, NULL),
(980, 3, 109, 0, NULL, NULL),
(981, 3, 110, 0, NULL, NULL),
(982, 3, 111, 21, NULL, NULL),
(983, 3, 112, 2, NULL, NULL),
(984, 3, 113, 2, NULL, NULL),
(985, 3, 114, 0, NULL, NULL),
(986, 3, 115, 0, NULL, NULL),
(987, 3, 116, 2, NULL, NULL),
(988, 3, 117, 0, NULL, NULL),
(989, 3, 118, 3, NULL, NULL),
(990, 3, 119, 2, NULL, NULL),
(991, 3, 120, 0, NULL, NULL),
(992, 3, 121, 1, NULL, NULL),
(993, 3, 122, 1, NULL, NULL),
(994, 3, 123, 1, NULL, NULL),
(995, 3, 124, 2, NULL, NULL),
(996, 3, 125, 0, NULL, NULL),
(997, 3, 126, 0, NULL, NULL),
(998, 3, 127, 5, NULL, NULL),
(999, 3, 128, 0, NULL, NULL),
(1000, 3, 129, 0, NULL, NULL),
(1001, 3, 130, 0, NULL, NULL),
(1002, 3, 131, 0, NULL, NULL),
(1003, 3, 132, 3, NULL, NULL),
(1004, 3, 133, 0, NULL, NULL),
(1005, 3, 134, 3, NULL, NULL),
(1006, 3, 135, 0, NULL, NULL),
(1007, 3, 136, 1, NULL, NULL),
(1008, 3, 137, 0, NULL, NULL),
(1009, 3, 138, 0, NULL, NULL),
(1010, 3, 139, 3, NULL, NULL),
(1011, 3, 140, 4, NULL, NULL),
(1012, 3, 141, 0, NULL, NULL),
(1013, 3, 142, 0, NULL, NULL),
(1014, 3, 143, 0, NULL, NULL),
(1015, 3, 144, 0, NULL, NULL),
(1016, 3, 145, 0, NULL, NULL),
(1017, 3, 146, 0, NULL, NULL),
(1018, 3, 147, 4, NULL, NULL),
(1019, 3, 148, 0, NULL, NULL),
(1020, 3, 149, 0, NULL, NULL),
(1021, 3, 150, 1, NULL, NULL),
(1022, 3, 151, 1, NULL, NULL),
(1023, 3, 152, 0, NULL, NULL),
(1024, 3, 153, 0, NULL, NULL),
(1025, 3, 154, 0, NULL, NULL),
(1026, 3, 155, 0, NULL, NULL),
(1027, 3, 156, 0, NULL, NULL),
(1028, 3, 157, 0, NULL, NULL),
(1029, 3, 158, 0, NULL, NULL),
(1030, 3, 159, 0, NULL, NULL),
(1031, 3, 160, 0, NULL, NULL),
(1032, 3, 161, 0, NULL, NULL),
(1033, 3, 162, 0, NULL, NULL),
(1034, 3, 163, 0, NULL, NULL),
(1035, 3, 164, 0, NULL, NULL),
(1036, 3, 165, 0, NULL, NULL),
(1037, 3, 166, 0, NULL, NULL),
(1038, 3, 167, 0, NULL, NULL),
(1039, 3, 168, 0, NULL, NULL),
(1040, 3, 169, 0, NULL, NULL),
(1041, 3, 170, 0, NULL, NULL),
(1042, 3, 171, 0, NULL, NULL),
(1043, 3, 172, 0, NULL, NULL),
(1044, 3, 173, 0, NULL, NULL),
(1045, 3, 174, 0, NULL, NULL),
(1046, 3, 175, 0, NULL, NULL),
(1047, 3, 176, 0, NULL, NULL),
(1048, 3, 177, 0, NULL, NULL),
(1049, 3, 178, 0, NULL, NULL),
(1050, 3, 179, 0, NULL, NULL),
(1051, 3, 180, 0, NULL, NULL),
(1052, 3, 181, 0, NULL, NULL),
(1053, 3, 182, 0, NULL, NULL),
(1054, 3, 183, 0, NULL, NULL),
(1055, 3, 184, 0, NULL, NULL),
(1056, 3, 185, 0, NULL, NULL),
(1057, 3, 186, 0, NULL, NULL),
(1058, 3, 187, 0, NULL, NULL),
(1059, 3, 188, 0, NULL, NULL),
(1060, 3, 189, 0, NULL, NULL),
(1061, 3, 190, 2, NULL, NULL),
(1062, 3, 191, 2, NULL, NULL),
(1063, 3, 192, 6, NULL, NULL),
(1064, 3, 193, 0, NULL, NULL),
(1065, 3, 194, 0, NULL, NULL),
(1066, 3, 195, 6, NULL, NULL),
(1067, 3, 196, 9, NULL, NULL),
(1068, 3, 197, 6, NULL, NULL),
(1069, 3, 198, 9, NULL, NULL),
(1070, 3, 199, 9, NULL, NULL),
(1071, 3, 200, 6, NULL, NULL),
(1072, 3, 201, 3, NULL, NULL),
(1073, 3, 202, 4, NULL, NULL),
(1074, 3, 203, 6, NULL, NULL),
(1075, 3, 204, 3, NULL, NULL),
(1076, 3, 205, 0, NULL, NULL),
(1077, 3, 206, 2, NULL, NULL),
(1078, 3, 207, 0, NULL, NULL),
(1079, 3, 208, 2, NULL, NULL),
(1080, 3, 209, 0, NULL, NULL),
(1081, 3, 210, 2, NULL, NULL),
(1082, 3, 211, 0, NULL, NULL),
(1083, 3, 212, 4, NULL, NULL),
(1084, 3, 213, 1, NULL, NULL),
(1085, 3, 214, 0, NULL, NULL),
(1086, 3, 215, 0, NULL, NULL),
(1087, 3, 216, 1, NULL, NULL),
(1088, 3, 217, 0, NULL, NULL),
(1089, 3, 218, 0, NULL, NULL),
(1090, 3, 219, 0, NULL, NULL),
(1091, 3, 220, 0, NULL, NULL),
(1092, 3, 221, 0, NULL, NULL),
(1093, 3, 222, 0, NULL, NULL),
(1094, 3, 223, 0, NULL, NULL),
(1095, 3, 224, 0, NULL, NULL),
(1096, 3, 225, 10, NULL, NULL),
(1097, 3, 226, 9, NULL, NULL),
(1098, 3, 227, 10, NULL, NULL),
(1099, 3, 228, 11, NULL, NULL),
(1100, 3, 229, 0, NULL, NULL),
(1101, 3, 230, 1, NULL, NULL),
(1102, 3, 231, 0, NULL, NULL),
(1103, 3, 232, 0, NULL, NULL),
(1104, 3, 233, 0, NULL, NULL),
(1105, 3, 234, 0, NULL, NULL),
(1106, 3, 235, 0, NULL, NULL),
(1107, 3, 236, 0, NULL, NULL),
(1108, 3, 237, 0, NULL, NULL),
(1109, 3, 238, 0, NULL, NULL),
(1110, 3, 239, 0, NULL, NULL),
(1111, 3, 240, 0, NULL, NULL),
(1112, 3, 241, 10, NULL, NULL),
(1113, 3, 242, 0, NULL, NULL),
(1114, 3, 243, 10, NULL, NULL),
(1115, 3, 244, 0, NULL, NULL),
(1116, 3, 245, 10, NULL, NULL),
(1117, 3, 246, 0, NULL, NULL),
(1118, 3, 247, 10, NULL, NULL),
(1119, 3, 248, 1, NULL, NULL),
(1120, 3, 249, 0, NULL, NULL),
(1121, 3, 250, 5, NULL, NULL),
(1122, 3, 251, 7, NULL, NULL),
(1123, 3, 252, 3, NULL, NULL),
(1124, 3, 253, 1, NULL, NULL),
(1125, 3, 254, 2, NULL, NULL),
(1126, 3, 255, 3, NULL, NULL),
(1127, 3, 256, 2, NULL, NULL),
(1128, 3, 257, 0, NULL, NULL),
(1129, 3, 258, 0, NULL, NULL),
(1130, 3, 259, 9, NULL, NULL),
(1131, 3, 260, 4, NULL, NULL),
(1132, 3, 261, 4, NULL, NULL),
(1133, 3, 262, 0, NULL, NULL),
(1134, 3, 263, 1, NULL, NULL),
(1135, 3, 264, 7, NULL, NULL),
(1136, 3, 265, 3, NULL, NULL),
(1137, 3, 266, 4, NULL, NULL),
(1138, 3, 267, 5, NULL, NULL),
(1139, 3, 268, 0, NULL, NULL),
(1140, 3, 269, 1, NULL, NULL),
(1141, 3, 270, 9, NULL, NULL),
(1142, 3, 271, 0, NULL, NULL),
(1143, 3, 272, 0, NULL, NULL),
(1144, 3, 273, 15, NULL, NULL),
(1145, 3, 274, 1, NULL, NULL),
(1146, 3, 275, 4, NULL, NULL),
(1147, 3, 276, 0, NULL, NULL),
(1148, 3, 277, 0, NULL, NULL),
(1149, 3, 278, 0, NULL, NULL),
(1150, 3, 279, 0, NULL, NULL),
(1151, 3, 280, 0, NULL, NULL),
(1152, 3, 281, 0, NULL, NULL),
(1153, 3, 282, 0, NULL, NULL),
(1154, 3, 283, 0, NULL, NULL),
(1155, 3, 284, 0, NULL, NULL),
(1156, 3, 285, 30, NULL, NULL),
(1157, 3, 286, 30, NULL, NULL),
(1158, 3, 287, 30, NULL, NULL),
(1159, 3, 288, 30, NULL, NULL),
(1160, 3, 289, 20, NULL, NULL),
(1161, 3, 290, 0, NULL, NULL),
(1162, 3, 291, 20, NULL, NULL),
(1163, 3, 292, 0, NULL, NULL),
(1164, 3, 293, 0, NULL, NULL),
(1165, 3, 294, 0, NULL, NULL),
(1166, 3, 295, 10, NULL, NULL),
(1167, 3, 296, 0, NULL, NULL),
(1168, 3, 297, 0, NULL, NULL),
(1169, 3, 298, 2, NULL, NULL),
(1170, 3, 299, 1, NULL, NULL),
(1171, 3, 300, 1, NULL, NULL),
(1172, 3, 301, 0, NULL, NULL),
(1173, 3, 302, 4, NULL, NULL),
(1174, 3, 303, 2, NULL, NULL),
(1175, 3, 304, 2, NULL, NULL),
(1176, 3, 305, 2, NULL, NULL),
(1177, 3, 306, 1, NULL, NULL),
(1178, 3, 307, 2, NULL, NULL),
(1179, 3, 308, 2, NULL, NULL),
(1180, 3, 309, 4, NULL, NULL),
(1181, 3, 310, 0, NULL, NULL),
(1182, 3, 311, 0, NULL, NULL),
(1183, 3, 312, 6, NULL, NULL),
(1184, 3, 313, 6, NULL, NULL),
(1185, 3, 314, 3, NULL, NULL),
(1186, 3, 315, 5, NULL, NULL),
(1187, 3, 316, 1, NULL, NULL),
(1188, 3, 317, 0, NULL, NULL),
(1189, 3, 318, 5, NULL, NULL),
(1190, 3, 319, 22, NULL, NULL),
(1191, 3, 320, 21, NULL, NULL),
(1192, 3, 321, 24, NULL, NULL),
(1193, 3, 322, 25, NULL, NULL),
(1194, 3, 323, 0, NULL, NULL),
(1195, 3, 324, 0, NULL, NULL),
(1196, 3, 325, 0, NULL, NULL),
(1197, 3, 326, 120, NULL, NULL),
(1198, 3, 327, 161, NULL, NULL),
(1199, 3, 328, 178, NULL, NULL),
(1200, 3, 329, 19, NULL, NULL),
(1201, 3, 330, 0, NULL, NULL),
(1202, 3, 331, 0, NULL, NULL),
(1203, 3, 332, 1, NULL, NULL),
(1204, 3, 333, 1, NULL, NULL),
(1205, 3, 334, 5, NULL, NULL),
(1206, 3, 335, 5, NULL, NULL),
(1207, 3, 336, 1, NULL, NULL),
(1208, 3, 337, 2, NULL, NULL),
(1209, 3, 338, 1, NULL, NULL),
(1210, 3, 339, 0, NULL, NULL),
(1211, 3, 340, 0, NULL, NULL),
(1212, 3, 341, 10, NULL, NULL),
(1213, 3, 342, 1, NULL, NULL),
(1214, 3, 343, 3, NULL, NULL),
(1215, 3, 344, 4, NULL, NULL),
(1216, 3, 345, 3, NULL, NULL),
(1217, 3, 346, 2, NULL, NULL),
(1218, 3, 347, 2, NULL, NULL),
(1219, 3, 348, 2, NULL, NULL),
(1220, 3, 349, 1, NULL, NULL),
(1221, 3, 350, 4, NULL, NULL),
(1222, 3, 351, 3, NULL, NULL),
(1223, 3, 352, 40, NULL, NULL),
(1224, 3, 354, 10, NULL, NULL),
(1225, 3, 355, 5, NULL, NULL),
(1226, 3, 356, 1, NULL, NULL),
(1227, 3, 357, 3, NULL, NULL),
(1228, 3, 358, 1, NULL, NULL),
(1229, 3, 360, 1, NULL, NULL),
(1231, 3, 362, 1, NULL, NULL),
(1232, 3, 363, 5, NULL, NULL),
(1233, 3, 364, 6, NULL, NULL),
(1234, 3, 365, 1, NULL, NULL),
(1235, 3, 366, 1, NULL, NULL),
(1236, 3, 368, 8, NULL, NULL),
(1237, 3, 369, 4, NULL, NULL),
(1238, 3, 370, 7, NULL, NULL),
(1239, 3, 371, 6, NULL, NULL),
(1240, 3, 372, 2, NULL, NULL),
(1241, 3, 373, 13, NULL, NULL),
(1242, 3, 374, 7, NULL, NULL),
(1243, 3, 375, 4, NULL, NULL),
(1244, 3, 376, 2, NULL, NULL),
(1245, 3, 377, 1, NULL, NULL),
(1246, 3, 378, 2, NULL, NULL),
(1247, 3, 379, 4, NULL, NULL),
(1248, 3, 380, 3, NULL, NULL),
(1249, 3, 381, 3, NULL, NULL),
(1250, 3, 382, 1, NULL, NULL),
(1251, 3, 383, 1, NULL, NULL),
(1252, 3, 384, 0, NULL, NULL),
(1253, 3, 385, 1, NULL, NULL),
(1254, 3, 386, 40, NULL, NULL),
(1255, 3, 387, 40, NULL, NULL),
(1256, 3, 388, 182, NULL, NULL),
(1257, 3, 389, 141, NULL, NULL),
(1258, 3, 390, 40, NULL, NULL),
(1259, 3, 391, 289, NULL, NULL),
(1260, 3, 392, 25, NULL, NULL),
(1261, 3, 393, 15, NULL, NULL),
(1262, 3, 394, 14, NULL, NULL),
(1263, 3, 395, 15, NULL, NULL),
(1264, 3, 396, 15, NULL, NULL),
(1265, 3, 397, 49, NULL, NULL),
(1266, 3, 398, 42, NULL, NULL),
(1267, 3, 399, 2, NULL, NULL),
(1268, 3, 400, 2, NULL, NULL),
(1269, 3, 401, 1, NULL, NULL),
(1270, 3, 402, 3, NULL, NULL),
(1271, 3, 403, 1, NULL, NULL),
(1272, 3, 404, 2, NULL, NULL),
(1273, 3, 405, 4, NULL, NULL),
(1274, 3, 406, 3, NULL, NULL),
(1275, 3, 407, 1, NULL, NULL),
(1276, 3, 408, 5, NULL, NULL),
(1277, 3, 409, 2, NULL, NULL),
(1278, 3, 410, 5, NULL, NULL),
(1279, 3, 411, 4, NULL, NULL),
(1280, 3, 412, 20, NULL, NULL),
(1281, 3, 413, 2, NULL, NULL),
(1282, 3, 414, 2, NULL, NULL),
(1283, 3, 415, 2, NULL, NULL),
(1284, 3, 416, 2, NULL, NULL),
(1285, 3, 417, 1, NULL, NULL),
(1286, 3, 418, 1, NULL, NULL),
(1287, 3, 419, 1, NULL, NULL),
(1288, 3, 420, 1, NULL, NULL),
(1289, 3, 421, 1, NULL, NULL),
(1290, 3, 422, 2, NULL, NULL),
(1291, 3, 423, 6, NULL, NULL),
(1292, 3, 424, 0, NULL, NULL),
(1293, 3, 425, 3, NULL, NULL),
(1294, 3, 426, 4, NULL, NULL),
(1295, 3, 427, 1, NULL, NULL),
(1296, 3, 428, 1, NULL, NULL),
(1297, 3, 429, 6, NULL, NULL),
(1298, 3, 430, 4, NULL, NULL),
(1299, 3, 431, 4, NULL, NULL),
(1300, 3, 432, 5, NULL, NULL),
(1301, 3, 433, 1, NULL, NULL),
(1302, 3, 434, 12, NULL, NULL),
(1303, 3, 435, 12, NULL, NULL),
(1304, 3, 436, 7, NULL, NULL),
(1305, 3, 437, 4, NULL, NULL),
(1306, 3, 438, 1, NULL, NULL),
(1307, 3, 439, 1, NULL, NULL),
(1308, 3, 440, 2, NULL, NULL),
(1309, 3, 441, 10, NULL, NULL),
(1310, 3, 442, 10, NULL, NULL),
(1311, 3, 443, 10, NULL, NULL),
(1312, 3, 444, 10, NULL, NULL),
(1313, 3, 445, 10, NULL, NULL),
(1314, 3, 446, 1, NULL, NULL),
(1315, 3, 447, 1, NULL, NULL),
(1316, 3, 448, 2, NULL, NULL),
(1317, 3, 449, 4, NULL, NULL),
(1318, 3, 450, 1, NULL, NULL),
(1319, 3, 451, 1, NULL, NULL),
(1320, 3, 452, 5, NULL, NULL),
(1321, 3, 453, 3, NULL, NULL),
(1322, 3, 454, 8, NULL, NULL),
(1323, 3, 455, 5, NULL, NULL),
(1324, 3, 456, 1, NULL, NULL),
(1325, 3, 457, 1, NULL, NULL),
(1326, 3, 458, 3, NULL, NULL),
(1327, 3, 459, 2, NULL, NULL),
(1328, 3, 460, 2, NULL, NULL),
(1329, 3, 461, 1, NULL, NULL),
(1330, 3, 462, 1, NULL, NULL),
(1331, 3, 463, 1, NULL, NULL),
(1332, 3, 464, 2, NULL, NULL),
(1333, 3, 465, 1, NULL, NULL),
(1334, 3, 466, 1, NULL, NULL),
(1335, 3, 467, 2, NULL, NULL),
(1336, 3, 468, 24, NULL, NULL),
(1337, 3, 469, 24, NULL, NULL),
(1338, 3, 470, 12, NULL, NULL),
(1339, 3, 471, 12, NULL, NULL),
(1340, 3, 472, 12, NULL, NULL),
(1341, 3, 473, 7, NULL, NULL),
(1342, 3, 474, 3, NULL, NULL),
(1343, 3, 475, 72, NULL, NULL),
(1344, 3, 476, 0, NULL, NULL),
(1345, 3, 477, 2, NULL, NULL),
(1346, 3, 478, 4, NULL, NULL),
(1347, 3, 479, 7, NULL, NULL),
(1348, 3, 480, 5, NULL, NULL),
(1349, 3, 481, 1, NULL, NULL),
(1350, 3, 482, 1, NULL, NULL),
(1351, 3, 483, 1, NULL, NULL),
(1352, 3, 484, 1, NULL, NULL),
(1353, 3, 485, 3, NULL, NULL),
(1354, 3, 486, 1, NULL, NULL),
(1355, 3, 487, 1, NULL, NULL),
(1356, 3, 488, 9, NULL, NULL),
(1357, 3, 489, 9, NULL, NULL),
(1358, 3, 490, 15, NULL, NULL),
(1359, 3, 491, 4, NULL, NULL),
(1360, 3, 492, 4, NULL, NULL),
(1361, 3, 493, 2, NULL, NULL),
(1362, 3, 494, 1, NULL, NULL),
(1363, 3, 495, 4, NULL, NULL),
(1364, 3, 496, 1, NULL, NULL),
(1365, 3, 497, 2, NULL, NULL),
(1366, 3, 498, 1, NULL, NULL),
(1367, 3, 499, 3, NULL, NULL),
(1368, 3, 500, 3, NULL, NULL),
(1369, 3, 501, 1, NULL, NULL),
(1370, 3, 502, 1, NULL, NULL),
(1371, 3, 503, 22, NULL, NULL),
(1372, 3, 504, 1, NULL, NULL),
(1373, 3, 505, 13, NULL, NULL),
(1374, 3, 508, 0, NULL, NULL),
(1375, 3, 509, 51, NULL, NULL),
(1376, 3, 510, 1, NULL, NULL),
(1377, 3, 511, 1, NULL, NULL),
(1378, 3, 512, 35, NULL, NULL),
(1379, 3, 513, 47, NULL, NULL),
(1380, 3, 514, 39, NULL, NULL),
(1381, 3, 515, 100, NULL, NULL),
(1382, 3, 516, 5, NULL, NULL),
(1383, 3, 517, 2, NULL, NULL),
(1384, 3, 518, 5, NULL, NULL),
(1385, 3, 519, 5, NULL, NULL),
(1386, 3, 520, 9, NULL, NULL),
(1387, 4, 1, 1, NULL, NULL),
(1388, 4, 2, 0, NULL, NULL),
(1389, 4, 3, 0, NULL, NULL),
(1390, 4, 5, 7, NULL, NULL),
(1391, 4, 6, 0, NULL, NULL),
(1392, 4, 7, 0, NULL, NULL),
(1393, 4, 8, 0, NULL, NULL),
(1394, 4, 10, 0, NULL, NULL),
(1395, 4, 11, 41, NULL, NULL),
(1396, 4, 12, 0, NULL, NULL),
(1397, 4, 13, 0, NULL, NULL),
(1398, 4, 14, 0, NULL, NULL),
(1399, 4, 15, 0, NULL, NULL),
(1400, 4, 16, 1, NULL, NULL),
(1401, 4, 17, 0, NULL, NULL),
(1402, 4, 18, 12, NULL, NULL),
(1403, 4, 19, 0, NULL, NULL),
(1404, 4, 20, 9, NULL, NULL),
(1405, 4, 21, 0, NULL, NULL),
(1406, 4, 22, 0, NULL, NULL),
(1407, 4, 23, 0, NULL, NULL),
(1408, 4, 24, 0, NULL, NULL),
(1409, 4, 25, 0, NULL, NULL),
(1410, 4, 27, 2, NULL, NULL),
(1411, 4, 28, 1, NULL, NULL),
(1412, 4, 29, 0, NULL, NULL),
(1413, 4, 30, 0, NULL, NULL),
(1414, 4, 31, 0, NULL, NULL),
(1415, 4, 32, 0, NULL, NULL),
(1416, 4, 33, 0, NULL, NULL),
(1417, 4, 34, 1, NULL, NULL),
(1418, 4, 35, 0, NULL, NULL),
(1419, 4, 36, 2, NULL, NULL),
(1420, 4, 37, 2, NULL, NULL),
(1421, 4, 38, 3, NULL, NULL),
(1422, 4, 39, 0, NULL, NULL),
(1423, 4, 40, 0, NULL, NULL),
(1424, 4, 41, 7, NULL, NULL),
(1425, 4, 42, 6, NULL, NULL),
(1426, 4, 43, 23, NULL, NULL),
(1427, 4, 44, 22, NULL, NULL),
(1428, 4, 45, 24, NULL, NULL),
(1429, 4, 46, 0, NULL, NULL),
(1430, 4, 47, 0, NULL, NULL),
(1431, 4, 48, 0, NULL, NULL),
(1432, 4, 49, 0, NULL, NULL),
(1433, 4, 50, 11, NULL, NULL),
(1434, 4, 51, 0, NULL, NULL),
(1435, 4, 52, 7, NULL, NULL),
(1436, 4, 53, 14, NULL, NULL),
(1437, 4, 54, 2, NULL, NULL),
(1438, 4, 55, 0, NULL, NULL),
(1439, 4, 56, 1, NULL, NULL),
(1440, 4, 57, 0, NULL, NULL),
(1441, 4, 58, 2, NULL, NULL),
(1442, 4, 59, 0, NULL, NULL),
(1443, 4, 60, 0, NULL, NULL),
(1444, 4, 61, 6, NULL, NULL),
(1445, 4, 62, 0, NULL, NULL),
(1446, 4, 63, 0, NULL, NULL),
(1447, 4, 64, 0, NULL, NULL),
(1448, 4, 65, 0, NULL, NULL),
(1449, 4, 66, 6, NULL, NULL),
(1450, 4, 67, 0, NULL, NULL),
(1451, 4, 68, 0, NULL, NULL),
(1452, 4, 69, 0, NULL, NULL),
(1453, 4, 70, 0, NULL, NULL),
(1454, 4, 71, 0, NULL, NULL),
(1455, 4, 72, 1, NULL, NULL),
(1456, 4, 73, 6, NULL, NULL),
(1457, 4, 74, 0, NULL, NULL),
(1458, 4, 75, 0, NULL, NULL),
(1459, 4, 76, 0, NULL, NULL),
(1460, 4, 77, 0, NULL, NULL),
(1461, 4, 78, 0, NULL, NULL),
(1462, 4, 79, 2, NULL, NULL),
(1463, 4, 80, 0, NULL, NULL),
(1464, 4, 81, 0, NULL, NULL),
(1465, 4, 82, 0, NULL, NULL),
(1466, 4, 83, 8, NULL, NULL),
(1467, 4, 84, 43, NULL, NULL),
(1468, 4, 85, 9, NULL, NULL),
(1469, 4, 86, 14, NULL, NULL),
(1470, 4, 87, 2, NULL, NULL),
(1471, 4, 88, 3, NULL, NULL),
(1472, 4, 89, 8, NULL, NULL),
(1473, 4, 91, 0, NULL, NULL),
(1474, 4, 92, 2, NULL, NULL),
(1475, 4, 93, 12, NULL, NULL),
(1476, 4, 94, 8, NULL, NULL),
(1477, 4, 95, 2, NULL, NULL),
(1478, 4, 96, 9, NULL, NULL),
(1479, 4, 97, 0, NULL, NULL),
(1480, 4, 98, 0, NULL, NULL),
(1481, 4, 99, 0, NULL, NULL),
(1482, 4, 100, 0, NULL, NULL),
(1483, 4, 101, 0, NULL, NULL),
(1484, 4, 102, 0, NULL, NULL),
(1485, 4, 103, 0, NULL, NULL),
(1486, 4, 104, 0, NULL, NULL),
(1487, 4, 105, 5, NULL, NULL),
(1488, 4, 106, 0, NULL, NULL),
(1489, 4, 107, 0, NULL, NULL),
(1490, 4, 108, 0, NULL, NULL),
(1491, 4, 109, 0, NULL, NULL),
(1492, 4, 110, 0, NULL, NULL),
(1493, 4, 111, 19, NULL, NULL),
(1494, 4, 112, 5, NULL, NULL),
(1495, 4, 113, 2, NULL, NULL),
(1496, 4, 114, 0, NULL, NULL),
(1497, 4, 115, 0, NULL, NULL),
(1498, 4, 116, 2, NULL, NULL),
(1499, 4, 117, 0, NULL, NULL),
(1500, 4, 118, 3, NULL, NULL),
(1501, 4, 119, 2, NULL, NULL),
(1502, 4, 120, 0, NULL, NULL),
(1503, 4, 121, 1, NULL, NULL),
(1504, 4, 122, 1, NULL, NULL),
(1505, 4, 123, 1, NULL, NULL),
(1506, 4, 124, 2, NULL, NULL),
(1507, 4, 125, 0, NULL, NULL),
(1508, 4, 126, 0, NULL, NULL),
(1509, 4, 127, 5, NULL, NULL),
(1510, 4, 128, 0, NULL, NULL),
(1511, 4, 129, 0, NULL, NULL),
(1512, 4, 130, 0, NULL, NULL),
(1513, 4, 131, 0, NULL, NULL),
(1514, 4, 132, 3, NULL, NULL),
(1515, 4, 133, 0, NULL, NULL),
(1516, 4, 134, 3, NULL, NULL),
(1517, 4, 135, 0, NULL, NULL),
(1518, 4, 136, 1, NULL, NULL),
(1519, 4, 137, 0, NULL, NULL),
(1520, 4, 138, 0, NULL, NULL),
(1521, 4, 139, 3, NULL, NULL),
(1522, 4, 140, 4, NULL, NULL),
(1523, 4, 141, 0, NULL, NULL),
(1524, 4, 142, 0, NULL, NULL),
(1525, 4, 143, 0, NULL, NULL),
(1526, 4, 144, 0, NULL, NULL),
(1527, 4, 145, 0, NULL, NULL),
(1528, 4, 146, 0, NULL, NULL),
(1529, 4, 147, 7, NULL, NULL),
(1530, 4, 148, 4, NULL, NULL),
(1531, 4, 149, 8, NULL, NULL),
(1532, 4, 150, 1, NULL, NULL),
(1533, 4, 151, 1, NULL, NULL),
(1534, 4, 152, 0, NULL, NULL),
(1535, 4, 153, 0, NULL, NULL),
(1536, 4, 154, 0, NULL, NULL),
(1537, 4, 155, 0, NULL, NULL),
(1538, 4, 156, 0, NULL, NULL),
(1539, 4, 157, 0, NULL, NULL),
(1540, 4, 158, 0, NULL, NULL),
(1541, 4, 159, 0, NULL, NULL),
(1542, 4, 160, 0, NULL, NULL),
(1543, 4, 161, 0, NULL, NULL),
(1544, 4, 162, 0, NULL, NULL),
(1545, 4, 163, 0, NULL, NULL),
(1546, 4, 164, 0, NULL, NULL),
(1547, 4, 165, 0, NULL, NULL),
(1548, 4, 166, 0, NULL, NULL),
(1549, 4, 167, 0, NULL, NULL),
(1550, 4, 168, 0, NULL, NULL),
(1551, 4, 169, 0, NULL, NULL),
(1552, 4, 170, 0, NULL, NULL),
(1553, 4, 171, 0, NULL, NULL),
(1554, 4, 172, 0, NULL, NULL),
(1555, 4, 173, 0, NULL, NULL),
(1556, 4, 174, 0, NULL, NULL),
(1557, 4, 175, 0, NULL, NULL),
(1558, 4, 176, 0, NULL, NULL),
(1559, 4, 177, 0, NULL, NULL),
(1560, 4, 178, 0, NULL, NULL),
(1561, 4, 179, 0, NULL, NULL),
(1562, 4, 180, 0, NULL, NULL),
(1563, 4, 181, 0, NULL, NULL),
(1564, 4, 182, 0, NULL, NULL),
(1565, 4, 183, 0, NULL, NULL),
(1566, 4, 184, 0, NULL, NULL),
(1567, 4, 185, 0, NULL, NULL),
(1568, 4, 186, 0, NULL, NULL),
(1569, 4, 187, 0, NULL, NULL),
(1570, 4, 188, 0, NULL, NULL),
(1571, 4, 189, 0, NULL, NULL),
(1572, 4, 190, 10, NULL, NULL),
(1573, 4, 191, 10, NULL, NULL),
(1574, 4, 192, 6, NULL, NULL),
(1575, 4, 193, 0, NULL, NULL),
(1576, 4, 194, 0, NULL, NULL),
(1577, 4, 195, 10, NULL, NULL),
(1578, 4, 196, 12, NULL, NULL),
(1579, 4, 197, 6, NULL, NULL),
(1580, 4, 198, 13, NULL, NULL),
(1581, 4, 199, 12, NULL, NULL),
(1582, 4, 200, 6, NULL, NULL),
(1583, 4, 201, 8, NULL, NULL),
(1584, 4, 202, 8, NULL, NULL),
(1585, 4, 203, 6, NULL, NULL),
(1586, 4, 204, 3, NULL, NULL),
(1587, 4, 205, 0, NULL, NULL),
(1588, 4, 206, 2, NULL, NULL),
(1589, 4, 207, 0, NULL, NULL),
(1590, 4, 208, 2, NULL, NULL),
(1591, 4, 209, 0, NULL, NULL),
(1592, 4, 210, 2, NULL, NULL),
(1593, 4, 211, 0, NULL, NULL),
(1594, 4, 212, 4, NULL, NULL),
(1595, 4, 213, 1, NULL, NULL),
(1596, 4, 214, 0, NULL, NULL),
(1597, 4, 215, 0, NULL, NULL),
(1598, 4, 216, 1, NULL, NULL),
(1599, 4, 217, 0, NULL, NULL),
(1600, 4, 218, 0, NULL, NULL),
(1601, 4, 219, 0, NULL, NULL),
(1602, 4, 220, 0, NULL, NULL),
(1603, 4, 221, 0, NULL, NULL),
(1604, 4, 222, 0, NULL, NULL),
(1605, 4, 223, 0, NULL, NULL),
(1606, 4, 224, 0, NULL, NULL),
(1607, 4, 225, 10, NULL, NULL),
(1608, 4, 226, 9, NULL, NULL),
(1609, 4, 227, 10, NULL, NULL),
(1610, 4, 228, 11, NULL, NULL),
(1611, 4, 229, 0, NULL, NULL),
(1612, 4, 230, 1, NULL, NULL),
(1613, 4, 231, 0, NULL, NULL),
(1614, 4, 232, 0, NULL, NULL),
(1615, 4, 233, 0, NULL, NULL),
(1616, 4, 234, 0, NULL, NULL),
(1617, 4, 235, 0, NULL, NULL),
(1618, 4, 236, 0, NULL, NULL),
(1619, 4, 237, 0, NULL, NULL),
(1620, 4, 238, 0, NULL, NULL),
(1621, 4, 239, 0, NULL, NULL),
(1622, 4, 240, 5, NULL, NULL),
(1623, 4, 241, 20, NULL, NULL),
(1624, 4, 242, 5, NULL, NULL),
(1625, 4, 243, 20, NULL, NULL),
(1626, 4, 244, 5, NULL, NULL),
(1627, 4, 245, 20, NULL, NULL),
(1628, 4, 246, 5, NULL, NULL),
(1629, 4, 247, 20, NULL, NULL),
(1630, 4, 248, 1, NULL, NULL),
(1631, 4, 249, 0, NULL, NULL),
(1632, 4, 250, 3, NULL, NULL),
(1633, 4, 251, 7, NULL, NULL),
(1634, 4, 252, 2, NULL, NULL),
(1635, 4, 253, 2, NULL, NULL),
(1636, 4, 254, 1, NULL, NULL),
(1637, 4, 255, 2, NULL, NULL),
(1638, 4, 256, 1, NULL, NULL),
(1639, 4, 257, 0, NULL, NULL),
(1640, 4, 258, 0, NULL, NULL),
(1641, 4, 259, 4, NULL, NULL),
(1642, 4, 260, 0, NULL, NULL),
(1643, 4, 261, 2, NULL, NULL),
(1644, 4, 262, 0, NULL, NULL),
(1645, 4, 263, 0, NULL, NULL),
(1646, 4, 264, 6, NULL, NULL),
(1647, 4, 265, 3, NULL, NULL),
(1648, 4, 266, 4, NULL, NULL),
(1649, 4, 267, 5, NULL, NULL),
(1650, 4, 268, 0, NULL, NULL),
(1651, 4, 269, 1, NULL, NULL),
(1652, 4, 270, 9, NULL, NULL),
(1653, 4, 271, 0, NULL, NULL),
(1654, 4, 272, 0, NULL, NULL),
(1655, 4, 273, 15, NULL, NULL),
(1656, 4, 274, 1, NULL, NULL),
(1657, 4, 275, 4, NULL, NULL),
(1658, 4, 276, 0, NULL, NULL),
(1659, 4, 277, 0, NULL, NULL),
(1660, 4, 278, 0, NULL, NULL),
(1661, 4, 279, 0, NULL, NULL),
(1662, 4, 280, 0, NULL, NULL),
(1663, 4, 281, 0, NULL, NULL),
(1664, 4, 282, 0, NULL, NULL),
(1665, 4, 283, 0, NULL, NULL),
(1666, 4, 284, 0, NULL, NULL),
(1667, 4, 285, 30, NULL, NULL),
(1668, 4, 286, 20, NULL, NULL),
(1669, 4, 287, 30, NULL, NULL),
(1670, 4, 288, 20, NULL, NULL),
(1671, 4, 289, 20, NULL, NULL),
(1672, 4, 290, 0, NULL, NULL),
(1673, 4, 291, 20, NULL, NULL),
(1674, 4, 292, 0, NULL, NULL),
(1675, 4, 293, 0, NULL, NULL),
(1676, 4, 294, 0, NULL, NULL),
(1677, 4, 295, 10, NULL, NULL),
(1678, 4, 296, 0, NULL, NULL),
(1679, 4, 297, 0, NULL, NULL),
(1680, 4, 298, 0, NULL, NULL),
(1681, 4, 299, 1, NULL, NULL),
(1682, 4, 300, 1, NULL, NULL),
(1683, 4, 301, 0, NULL, NULL),
(1684, 4, 302, 4, NULL, NULL),
(1685, 4, 303, 2, NULL, NULL),
(1686, 4, 304, 2, NULL, NULL),
(1687, 4, 305, 2, NULL, NULL),
(1688, 4, 306, 1, NULL, NULL),
(1689, 4, 307, 2, NULL, NULL),
(1690, 4, 308, 2, NULL, NULL),
(1691, 4, 309, 3, NULL, NULL),
(1692, 4, 310, 0, NULL, NULL),
(1693, 4, 311, 0, NULL, NULL),
(1694, 4, 312, 6, NULL, NULL),
(1695, 4, 313, 5, NULL, NULL),
(1696, 4, 314, 3, NULL, NULL),
(1697, 4, 315, 5, NULL, NULL),
(1698, 4, 316, 1, NULL, NULL),
(1699, 4, 317, 0, NULL, NULL),
(1700, 4, 318, 5, NULL, NULL),
(1701, 4, 319, 19, NULL, NULL),
(1702, 4, 320, 20, NULL, NULL),
(1703, 4, 321, 22, NULL, NULL),
(1704, 4, 322, 25, NULL, NULL),
(1705, 4, 323, 0, NULL, NULL),
(1706, 4, 324, 0, NULL, NULL),
(1707, 4, 325, 0, NULL, NULL),
(1708, 4, 326, 114, NULL, NULL),
(1709, 4, 327, 155, NULL, NULL),
(1710, 4, 328, 175, NULL, NULL),
(1711, 4, 329, 19, NULL, NULL),
(1712, 4, 330, 0, NULL, NULL),
(1713, 4, 331, 0, NULL, NULL),
(1714, 4, 332, 1, NULL, NULL),
(1715, 4, 333, 1, NULL, NULL),
(1716, 4, 334, 4, NULL, NULL),
(1717, 4, 335, 5, NULL, NULL),
(1718, 4, 336, 1, NULL, NULL),
(1719, 4, 337, 2, NULL, NULL),
(1720, 4, 338, 1, NULL, NULL),
(1721, 4, 339, 0, NULL, NULL),
(1722, 4, 340, 0, NULL, NULL),
(1723, 4, 341, 10, NULL, NULL),
(1724, 4, 342, 1, NULL, NULL),
(1725, 4, 343, 3, NULL, NULL),
(1726, 4, 344, 4, NULL, NULL),
(1727, 4, 345, 3, NULL, NULL),
(1728, 4, 346, 2, NULL, NULL),
(1729, 4, 347, 2, NULL, NULL),
(1730, 4, 348, 2, NULL, NULL),
(1731, 4, 349, 1, NULL, NULL),
(1732, 4, 350, 4, NULL, NULL),
(1733, 4, 351, 6, NULL, NULL),
(1734, 4, 352, 40, NULL, NULL),
(1735, 4, 354, 10, NULL, NULL),
(1736, 4, 355, 5, NULL, NULL),
(1737, 4, 356, 2, NULL, NULL),
(1738, 4, 357, 3, NULL, NULL),
(1739, 4, 358, 2, NULL, NULL),
(1740, 4, 360, 1, NULL, NULL),
(1741, 4, 362, 1, NULL, NULL),
(1742, 4, 363, 5, NULL, NULL),
(1743, 4, 364, 6, NULL, NULL),
(1744, 4, 365, 1, NULL, NULL),
(1745, 4, 366, 1, NULL, NULL),
(1746, 4, 368, 8, NULL, NULL),
(1747, 4, 369, 4, NULL, NULL),
(1748, 4, 370, 7, NULL, NULL),
(1749, 4, 371, 6, NULL, NULL),
(1750, 4, 372, 12, NULL, NULL),
(1751, 4, 373, 13, NULL, NULL),
(1752, 4, 374, 7, NULL, NULL),
(1753, 4, 375, 4, NULL, NULL),
(1754, 4, 376, 2, NULL, NULL),
(1755, 4, 377, 11, NULL, NULL),
(1756, 4, 378, 2, NULL, NULL),
(1757, 4, 379, 4, NULL, NULL),
(1758, 4, 380, 2, NULL, NULL),
(1759, 4, 381, 3, NULL, NULL),
(1760, 4, 382, 1, NULL, NULL),
(1761, 4, 383, 1, NULL, NULL),
(1762, 4, 384, 0, NULL, NULL),
(1763, 4, 385, 1, NULL, NULL),
(1764, 4, 386, 40, NULL, NULL),
(1765, 4, 387, 40, NULL, NULL),
(1766, 4, 388, 182, NULL, NULL),
(1767, 4, 389, 120, NULL, NULL),
(1768, 4, 390, 40, NULL, NULL),
(1769, 4, 391, 259, NULL, NULL),
(1770, 4, 392, 25, NULL, NULL),
(1771, 4, 393, 15, NULL, NULL),
(1772, 4, 394, 14, NULL, NULL),
(1773, 4, 395, 15, NULL, NULL),
(1774, 4, 396, 15, NULL, NULL),
(1775, 4, 397, 49, NULL, NULL);
INSERT INTO `bulan_barang` (`id`, `bulan_id`, `barang_id`, `stok_awal`, `created_at`, `updated_at`) VALUES
(1776, 4, 398, 42, NULL, NULL),
(1777, 4, 399, 2, NULL, NULL),
(1778, 4, 400, 2, NULL, NULL),
(1779, 4, 401, 1, NULL, NULL),
(1780, 4, 402, 3, NULL, NULL),
(1781, 4, 403, 1, NULL, NULL),
(1782, 4, 404, 2, NULL, NULL),
(1783, 4, 405, 4, NULL, NULL),
(1784, 4, 406, 3, NULL, NULL),
(1785, 4, 407, 1, NULL, NULL),
(1786, 4, 408, 5, NULL, NULL),
(1787, 4, 409, 2, NULL, NULL),
(1788, 4, 410, 5, NULL, NULL),
(1789, 4, 411, 4, NULL, NULL),
(1790, 4, 412, 20, NULL, NULL),
(1791, 4, 413, 2, NULL, NULL),
(1792, 4, 414, 2, NULL, NULL),
(1793, 4, 415, 2, NULL, NULL),
(1794, 4, 416, 2, NULL, NULL),
(1795, 4, 417, 1, NULL, NULL),
(1796, 4, 418, 1, NULL, NULL),
(1797, 4, 419, 1, NULL, NULL),
(1798, 4, 420, 1, NULL, NULL),
(1799, 4, 421, 1, NULL, NULL),
(1800, 4, 422, 2, NULL, NULL),
(1801, 4, 423, 6, NULL, NULL),
(1802, 4, 424, 0, NULL, NULL),
(1803, 4, 425, 3, NULL, NULL),
(1804, 4, 426, 4, NULL, NULL),
(1805, 4, 427, 1, NULL, NULL),
(1806, 4, 428, 1, NULL, NULL),
(1807, 4, 429, 6, NULL, NULL),
(1808, 4, 430, 4, NULL, NULL),
(1809, 4, 431, 4, NULL, NULL),
(1810, 4, 432, 5, NULL, NULL),
(1811, 4, 433, 1, NULL, NULL),
(1812, 4, 434, 11, NULL, NULL),
(1813, 4, 435, 11, NULL, NULL),
(1814, 4, 436, 7, NULL, NULL),
(1815, 4, 437, 4, NULL, NULL),
(1816, 4, 438, 1, NULL, NULL),
(1817, 4, 439, 1, NULL, NULL),
(1818, 4, 440, 2, NULL, NULL),
(1819, 4, 441, 10, NULL, NULL),
(1820, 4, 442, 10, NULL, NULL),
(1821, 4, 443, 10, NULL, NULL),
(1822, 4, 444, 10, NULL, NULL),
(1823, 4, 445, 10, NULL, NULL),
(1824, 4, 446, 1, NULL, NULL),
(1825, 4, 447, 1, NULL, NULL),
(1826, 4, 448, 2, NULL, NULL),
(1827, 4, 449, 4, NULL, NULL),
(1828, 4, 450, 1, NULL, NULL),
(1829, 4, 451, 1, NULL, NULL),
(1830, 4, 452, 5, NULL, NULL),
(1831, 4, 453, 3, NULL, NULL),
(1832, 4, 454, 8, NULL, NULL),
(1833, 4, 455, 5, NULL, NULL),
(1834, 4, 456, 1, NULL, NULL),
(1835, 4, 457, 1, NULL, NULL),
(1836, 4, 458, 3, NULL, NULL),
(1837, 4, 459, 2, NULL, NULL),
(1838, 4, 460, 2, NULL, NULL),
(1839, 4, 461, 1, NULL, NULL),
(1840, 4, 462, 1, NULL, NULL),
(1841, 4, 463, 1, NULL, NULL),
(1842, 4, 464, 2, NULL, NULL),
(1843, 4, 465, 1, NULL, NULL),
(1844, 4, 466, 1, NULL, NULL),
(1845, 4, 467, 2, NULL, NULL),
(1846, 4, 468, 24, NULL, NULL),
(1847, 4, 469, 24, NULL, NULL),
(1848, 4, 470, 12, NULL, NULL),
(1849, 4, 471, 12, NULL, NULL),
(1850, 4, 472, 12, NULL, NULL),
(1851, 4, 473, 7, NULL, NULL),
(1852, 4, 474, 3, NULL, NULL),
(1853, 4, 475, 72, NULL, NULL),
(1854, 4, 476, 0, NULL, NULL),
(1855, 4, 477, 2, NULL, NULL),
(1856, 4, 478, 4, NULL, NULL),
(1857, 4, 479, 7, NULL, NULL),
(1858, 4, 480, 5, NULL, NULL),
(1859, 4, 481, 1, NULL, NULL),
(1860, 4, 482, 1, NULL, NULL),
(1861, 4, 483, 1, NULL, NULL),
(1862, 4, 484, 1, NULL, NULL),
(1863, 4, 485, 3, NULL, NULL),
(1864, 4, 486, 1, NULL, NULL),
(1865, 4, 487, 1, NULL, NULL),
(1866, 4, 488, 9, NULL, NULL),
(1867, 4, 489, 9, NULL, NULL),
(1868, 4, 490, 15, NULL, NULL),
(1869, 4, 491, 4, NULL, NULL),
(1870, 4, 492, 4, NULL, NULL),
(1871, 4, 493, 2, NULL, NULL),
(1872, 4, 494, 1, NULL, NULL),
(1873, 4, 495, 4, NULL, NULL),
(1874, 4, 496, 1, NULL, NULL),
(1875, 4, 497, 2, NULL, NULL),
(1876, 4, 498, 1, NULL, NULL),
(1877, 4, 499, 3, NULL, NULL),
(1878, 4, 500, 3, NULL, NULL),
(1879, 4, 501, 1, NULL, NULL),
(1880, 4, 502, 1, NULL, NULL),
(1881, 4, 503, 20, NULL, NULL),
(1882, 4, 504, 1, NULL, NULL),
(1883, 4, 505, 13, NULL, NULL),
(1884, 4, 508, 0, NULL, NULL),
(1885, 4, 509, 51, NULL, NULL),
(1886, 4, 510, 1, NULL, NULL),
(1887, 4, 511, 1, NULL, NULL),
(1888, 4, 512, 35, NULL, NULL),
(1889, 4, 513, 47, NULL, NULL),
(1890, 4, 514, 39, NULL, NULL),
(1891, 4, 515, 100, NULL, NULL),
(1892, 4, 516, 1, NULL, NULL),
(1893, 4, 517, 2, NULL, NULL),
(1894, 4, 518, 5, NULL, NULL),
(1895, 4, 519, 5, NULL, NULL),
(1896, 4, 520, 9, NULL, NULL),
(1897, 4, 521, 4, NULL, NULL),
(1898, 4, 522, 4, NULL, NULL),
(1899, 4, 523, 4, NULL, NULL),
(1900, 4, 524, 4, NULL, NULL),
(1901, 4, 525, 9, NULL, NULL),
(1902, 4, 526, 0, NULL, NULL),
(1903, 4, 527, 0, NULL, NULL),
(1904, 4, 528, 6, NULL, NULL),
(1905, 4, 529, 10, NULL, NULL),
(1906, 4, 532, 50, NULL, NULL),
(1907, 4, 533, 95, NULL, NULL),
(1908, 4, 534, 158, NULL, NULL),
(1909, 4, 535, 31, NULL, NULL),
(1910, 4, 536, 31, NULL, NULL),
(1911, 4, 537, 40, NULL, NULL),
(1912, 4, 538, 35, NULL, NULL),
(1913, 4, 539, 30, NULL, NULL),
(1914, 4, 540, 8, NULL, NULL),
(1915, 4, 541, 96, NULL, NULL),
(1916, 4, 542, 1, NULL, NULL),
(1917, 4, 543, 30, NULL, NULL),
(1918, 4, 544, 0, NULL, NULL),
(1919, 4, 545, 0, NULL, NULL),
(1920, 4, 546, 1, NULL, NULL),
(1921, 4, 547, 0, NULL, NULL),
(1922, 4, 548, 0, NULL, NULL),
(1923, 4, 549, 1, NULL, NULL),
(1924, 4, 550, 1, NULL, NULL),
(1925, 4, 551, 0, NULL, NULL),
(1926, 4, 552, 16, NULL, NULL),
(1927, 4, 553, 3, NULL, NULL),
(1928, 4, 554, 1, NULL, NULL),
(1929, 4, 555, 1, NULL, NULL),
(1930, 4, 556, 3, NULL, NULL),
(1931, 4, 557, 9, NULL, NULL),
(1932, 4, 558, 9, NULL, NULL),
(1933, 4, 559, 2, NULL, NULL),
(1934, 4, 560, 2, NULL, NULL),
(1935, 4, 561, 30, NULL, NULL),
(1936, 4, 562, 30, NULL, NULL),
(1937, 4, 563, 30, NULL, NULL),
(1938, 4, 564, 30, NULL, NULL),
(1939, 4, 565, 30, NULL, NULL),
(1940, 4, 566, 42, NULL, NULL),
(1941, 4, 567, 0, NULL, NULL),
(1942, 4, 568, 1, NULL, NULL),
(1943, 4, 569, 3, NULL, NULL),
(1944, 4, 570, 1, NULL, NULL),
(1945, 4, 571, 0, NULL, NULL),
(1946, 4, 572, 1, NULL, NULL),
(1947, 4, 573, 2, NULL, NULL),
(1948, 4, 574, 0, NULL, NULL),
(1949, 4, 575, 0, NULL, NULL),
(1950, 4, 576, 2, NULL, NULL),
(1951, 4, 577, 1, NULL, NULL),
(1952, 4, 578, 12, NULL, NULL),
(1953, 5, 1, 1, NULL, NULL),
(1954, 5, 2, 0, NULL, NULL),
(1955, 5, 3, 0, NULL, NULL),
(1956, 5, 5, 7, NULL, NULL),
(1957, 5, 6, 0, NULL, NULL),
(1958, 5, 7, 0, NULL, NULL),
(1959, 5, 8, 0, NULL, NULL),
(1960, 5, 10, 0, NULL, NULL),
(1961, 5, 11, 41, NULL, NULL),
(1962, 5, 12, 0, NULL, NULL),
(1963, 5, 13, 0, NULL, NULL),
(1964, 5, 14, 0, NULL, NULL),
(1965, 5, 15, 0, NULL, NULL),
(1966, 5, 16, 1, NULL, NULL),
(1967, 5, 17, 0, NULL, NULL),
(1968, 5, 18, 12, NULL, NULL),
(1969, 5, 19, 0, NULL, NULL),
(1970, 5, 20, 9, NULL, NULL),
(1971, 5, 21, 0, NULL, NULL),
(1972, 5, 22, 0, NULL, NULL),
(1973, 5, 23, 0, NULL, NULL),
(1974, 5, 24, 0, NULL, NULL),
(1975, 5, 25, 0, NULL, NULL),
(1976, 5, 27, 2, NULL, NULL),
(1977, 5, 28, 1, NULL, NULL),
(1978, 5, 29, 0, NULL, NULL),
(1979, 5, 30, 0, NULL, NULL),
(1980, 5, 31, 0, NULL, NULL),
(1981, 5, 32, 0, NULL, NULL),
(1982, 5, 33, 0, NULL, NULL),
(1983, 5, 34, 1, NULL, NULL),
(1984, 5, 35, 0, NULL, NULL),
(1985, 5, 36, 1, NULL, NULL),
(1986, 5, 37, 2, NULL, NULL),
(1987, 5, 38, 3, NULL, NULL),
(1988, 5, 39, 0, NULL, NULL),
(1989, 5, 40, 0, NULL, NULL),
(1990, 5, 41, 7, NULL, NULL),
(1991, 5, 42, 6, NULL, NULL),
(1992, 5, 43, 23, NULL, NULL),
(1993, 5, 44, 22, NULL, NULL),
(1994, 5, 45, 24, NULL, NULL),
(1995, 5, 46, 0, NULL, NULL),
(1996, 5, 47, 0, NULL, NULL),
(1997, 5, 48, 0, NULL, NULL),
(1998, 5, 49, 0, NULL, NULL),
(1999, 5, 50, 11, NULL, NULL),
(2000, 5, 51, 0, NULL, NULL),
(2001, 5, 52, 7, NULL, NULL),
(2002, 5, 53, 14, NULL, NULL),
(2003, 5, 54, 2, NULL, NULL),
(2004, 5, 55, 0, NULL, NULL),
(2005, 5, 56, 0, NULL, NULL),
(2006, 5, 57, 0, NULL, NULL),
(2007, 5, 58, 2, NULL, NULL),
(2008, 5, 59, 0, NULL, NULL),
(2009, 5, 60, 0, NULL, NULL),
(2010, 5, 61, 6, NULL, NULL),
(2011, 5, 62, 0, NULL, NULL),
(2012, 5, 63, 0, NULL, NULL),
(2013, 5, 64, 0, NULL, NULL),
(2014, 5, 65, 0, NULL, NULL),
(2015, 5, 66, 6, NULL, NULL),
(2016, 5, 67, 0, NULL, NULL),
(2017, 5, 68, 0, NULL, NULL),
(2018, 5, 69, 0, NULL, NULL),
(2019, 5, 70, 0, NULL, NULL),
(2020, 5, 71, 0, NULL, NULL),
(2021, 5, 72, 1, NULL, NULL),
(2022, 5, 73, 6, NULL, NULL),
(2023, 5, 74, 0, NULL, NULL),
(2024, 5, 75, 0, NULL, NULL),
(2025, 5, 76, 0, NULL, NULL),
(2026, 5, 77, 0, NULL, NULL),
(2027, 5, 78, 0, NULL, NULL),
(2028, 5, 79, 2, NULL, NULL),
(2029, 5, 80, 0, NULL, NULL),
(2030, 5, 81, 0, NULL, NULL),
(2031, 5, 82, 0, NULL, NULL),
(2032, 5, 83, 8, NULL, NULL),
(2033, 5, 84, 39, NULL, NULL),
(2034, 5, 85, 8, NULL, NULL),
(2035, 5, 86, 14, NULL, NULL),
(2036, 5, 87, 2, NULL, NULL),
(2037, 5, 88, 3, NULL, NULL),
(2038, 5, 89, 8, NULL, NULL),
(2039, 5, 91, 0, NULL, NULL),
(2040, 5, 92, 2, NULL, NULL),
(2041, 5, 93, 10, NULL, NULL),
(2042, 5, 94, 8, NULL, NULL),
(2043, 5, 95, 2, NULL, NULL),
(2044, 5, 96, 9, NULL, NULL),
(2045, 5, 97, 0, NULL, NULL),
(2046, 5, 98, 0, NULL, NULL),
(2047, 5, 99, 0, NULL, NULL),
(2048, 5, 100, 0, NULL, NULL),
(2049, 5, 101, 0, NULL, NULL),
(2050, 5, 102, 0, NULL, NULL),
(2051, 5, 103, 0, NULL, NULL),
(2052, 5, 104, 0, NULL, NULL),
(2053, 5, 105, 5, NULL, NULL),
(2054, 5, 106, 0, NULL, NULL),
(2055, 5, 107, 0, NULL, NULL),
(2056, 5, 108, 0, NULL, NULL),
(2057, 5, 109, 0, NULL, NULL),
(2058, 5, 110, 0, NULL, NULL),
(2059, 5, 111, 18, NULL, NULL),
(2060, 5, 112, 4, NULL, NULL),
(2061, 5, 113, 2, NULL, NULL),
(2062, 5, 114, 0, NULL, NULL),
(2063, 5, 115, 0, NULL, NULL),
(2064, 5, 116, 2, NULL, NULL),
(2065, 5, 117, 0, NULL, NULL),
(2066, 5, 118, 3, NULL, NULL),
(2067, 5, 119, 2, NULL, NULL),
(2068, 5, 120, 0, NULL, NULL),
(2069, 5, 121, 1, NULL, NULL),
(2070, 5, 122, 1, NULL, NULL),
(2071, 5, 123, 1, NULL, NULL),
(2072, 5, 124, 2, NULL, NULL),
(2073, 5, 125, 0, NULL, NULL),
(2074, 5, 126, 0, NULL, NULL),
(2075, 5, 127, 5, NULL, NULL),
(2076, 5, 128, 0, NULL, NULL),
(2077, 5, 129, 0, NULL, NULL),
(2078, 5, 130, 0, NULL, NULL),
(2079, 5, 131, 0, NULL, NULL),
(2080, 5, 132, 3, NULL, NULL),
(2081, 5, 133, 0, NULL, NULL),
(2082, 5, 134, 3, NULL, NULL),
(2083, 5, 135, 0, NULL, NULL),
(2084, 5, 136, 1, NULL, NULL),
(2085, 5, 137, 0, NULL, NULL),
(2086, 5, 138, 0, NULL, NULL),
(2087, 5, 139, 3, NULL, NULL),
(2088, 5, 140, 4, NULL, NULL),
(2089, 5, 141, 0, NULL, NULL),
(2090, 5, 142, 0, NULL, NULL),
(2091, 5, 143, 0, NULL, NULL),
(2092, 5, 144, 0, NULL, NULL),
(2093, 5, 145, 0, NULL, NULL),
(2094, 5, 146, 0, NULL, NULL),
(2095, 5, 147, 7, NULL, NULL),
(2096, 5, 148, 4, NULL, NULL),
(2097, 5, 149, 8, NULL, NULL),
(2098, 5, 150, 1, NULL, NULL),
(2099, 5, 151, 1, NULL, NULL),
(2100, 5, 152, 0, NULL, NULL),
(2101, 5, 153, 0, NULL, NULL),
(2102, 5, 154, 0, NULL, NULL),
(2103, 5, 155, 0, NULL, NULL),
(2104, 5, 156, 0, NULL, NULL),
(2105, 5, 157, 0, NULL, NULL),
(2106, 5, 158, 0, NULL, NULL),
(2107, 5, 159, 0, NULL, NULL),
(2108, 5, 160, 0, NULL, NULL),
(2109, 5, 161, 0, NULL, NULL),
(2110, 5, 162, 0, NULL, NULL),
(2111, 5, 163, 0, NULL, NULL),
(2112, 5, 164, 0, NULL, NULL),
(2113, 5, 165, 0, NULL, NULL),
(2114, 5, 166, 0, NULL, NULL),
(2115, 5, 167, 0, NULL, NULL),
(2116, 5, 168, 0, NULL, NULL),
(2117, 5, 169, 0, NULL, NULL),
(2118, 5, 170, 0, NULL, NULL),
(2119, 5, 171, 0, NULL, NULL),
(2120, 5, 172, 0, NULL, NULL),
(2121, 5, 173, 0, NULL, NULL),
(2122, 5, 174, 0, NULL, NULL),
(2123, 5, 175, 0, NULL, NULL),
(2124, 5, 176, 0, NULL, NULL),
(2125, 5, 177, 0, NULL, NULL),
(2126, 5, 178, 0, NULL, NULL),
(2127, 5, 179, 0, NULL, NULL),
(2128, 5, 180, 0, NULL, NULL),
(2129, 5, 181, 0, NULL, NULL),
(2130, 5, 182, 0, NULL, NULL),
(2131, 5, 183, 0, NULL, NULL),
(2132, 5, 184, 0, NULL, NULL),
(2133, 5, 185, 0, NULL, NULL),
(2134, 5, 186, 0, NULL, NULL),
(2135, 5, 187, 0, NULL, NULL),
(2136, 5, 188, 0, NULL, NULL),
(2137, 5, 189, 0, NULL, NULL),
(2138, 5, 190, 9, NULL, NULL),
(2139, 5, 191, 9, NULL, NULL),
(2140, 5, 192, 6, NULL, NULL),
(2141, 5, 193, 0, NULL, NULL),
(2142, 5, 194, 0, NULL, NULL),
(2143, 5, 195, 9, NULL, NULL),
(2144, 5, 196, 12, NULL, NULL),
(2145, 5, 197, 6, NULL, NULL),
(2146, 5, 198, 13, NULL, NULL),
(2147, 5, 199, 12, NULL, NULL),
(2148, 5, 200, 6, NULL, NULL),
(2149, 5, 201, 8, NULL, NULL),
(2150, 5, 202, 8, NULL, NULL),
(2151, 5, 203, 6, NULL, NULL),
(2152, 5, 204, 3, NULL, NULL),
(2153, 5, 205, 0, NULL, NULL),
(2154, 5, 206, 2, NULL, NULL),
(2155, 5, 207, 0, NULL, NULL),
(2156, 5, 208, 2, NULL, NULL),
(2157, 5, 209, 0, NULL, NULL),
(2158, 5, 210, 2, NULL, NULL),
(2159, 5, 211, 0, NULL, NULL),
(2160, 5, 212, 4, NULL, NULL),
(2161, 5, 213, 1, NULL, NULL),
(2162, 5, 214, 0, NULL, NULL),
(2163, 5, 215, 0, NULL, NULL),
(2164, 5, 216, 1, NULL, NULL),
(2165, 5, 217, 0, NULL, NULL),
(2166, 5, 218, 0, NULL, NULL),
(2167, 5, 219, 0, NULL, NULL),
(2168, 5, 220, 0, NULL, NULL),
(2169, 5, 221, 0, NULL, NULL),
(2170, 5, 222, 0, NULL, NULL),
(2171, 5, 223, 0, NULL, NULL),
(2172, 5, 224, 0, NULL, NULL),
(2173, 5, 225, 7, NULL, NULL),
(2174, 5, 226, 9, NULL, NULL),
(2175, 5, 227, 7, NULL, NULL),
(2176, 5, 228, 11, NULL, NULL),
(2177, 5, 229, 0, NULL, NULL),
(2178, 5, 230, 1, NULL, NULL),
(2179, 5, 231, 0, NULL, NULL),
(2180, 5, 232, 0, NULL, NULL),
(2181, 5, 233, 0, NULL, NULL),
(2182, 5, 234, 0, NULL, NULL),
(2183, 5, 235, 0, NULL, NULL),
(2184, 5, 236, 0, NULL, NULL),
(2185, 5, 237, 0, NULL, NULL),
(2186, 5, 238, 0, NULL, NULL),
(2187, 5, 239, 0, NULL, NULL),
(2188, 5, 240, 5, NULL, NULL),
(2189, 5, 241, 20, NULL, NULL),
(2190, 5, 242, 5, NULL, NULL),
(2191, 5, 243, 20, NULL, NULL),
(2192, 5, 244, 5, NULL, NULL),
(2193, 5, 245, 20, NULL, NULL),
(2194, 5, 246, 5, NULL, NULL),
(2195, 5, 247, 20, NULL, NULL),
(2196, 5, 248, 1, NULL, NULL),
(2197, 5, 249, 0, NULL, NULL),
(2198, 5, 250, 3, NULL, NULL),
(2199, 5, 251, 7, NULL, NULL),
(2200, 5, 252, 1, NULL, NULL),
(2201, 5, 253, 2, NULL, NULL),
(2202, 5, 254, 1, NULL, NULL),
(2203, 5, 255, 1, NULL, NULL),
(2204, 5, 256, 1, NULL, NULL),
(2205, 5, 257, 0, NULL, NULL),
(2206, 5, 258, 0, NULL, NULL),
(2207, 5, 259, 3, NULL, NULL),
(2208, 5, 260, 0, NULL, NULL),
(2209, 5, 261, 2, NULL, NULL),
(2210, 5, 262, 0, NULL, NULL),
(2211, 5, 263, 0, NULL, NULL),
(2212, 5, 264, 6, NULL, NULL),
(2213, 5, 265, 3, NULL, NULL),
(2214, 5, 266, 3, NULL, NULL),
(2215, 5, 267, 5, NULL, NULL),
(2216, 5, 268, 0, NULL, NULL),
(2217, 5, 269, 1, NULL, NULL),
(2218, 5, 270, 8, NULL, NULL),
(2219, 5, 271, 0, NULL, NULL),
(2220, 5, 272, 0, NULL, NULL),
(2221, 5, 273, 15, NULL, NULL),
(2222, 5, 274, 1, NULL, NULL),
(2223, 5, 275, 4, NULL, NULL),
(2224, 5, 276, 0, NULL, NULL),
(2225, 5, 277, 0, NULL, NULL),
(2226, 5, 278, 0, NULL, NULL),
(2227, 5, 279, 0, NULL, NULL),
(2228, 5, 280, 0, NULL, NULL),
(2229, 5, 281, 0, NULL, NULL),
(2230, 5, 282, 0, NULL, NULL),
(2231, 5, 283, 0, NULL, NULL),
(2232, 5, 284, 0, NULL, NULL),
(2233, 5, 285, 30, NULL, NULL),
(2234, 5, 286, 20, NULL, NULL),
(2235, 5, 287, 30, NULL, NULL),
(2236, 5, 288, 20, NULL, NULL),
(2237, 5, 289, 20, NULL, NULL),
(2238, 5, 290, 0, NULL, NULL),
(2239, 5, 291, 20, NULL, NULL),
(2240, 5, 292, 0, NULL, NULL),
(2241, 5, 293, 0, NULL, NULL),
(2242, 5, 294, 0, NULL, NULL),
(2243, 5, 295, 10, NULL, NULL),
(2244, 5, 296, 0, NULL, NULL),
(2245, 5, 297, 0, NULL, NULL),
(2246, 5, 298, 0, NULL, NULL),
(2247, 5, 299, 1, NULL, NULL),
(2248, 5, 300, 1, NULL, NULL),
(2249, 5, 301, 0, NULL, NULL),
(2250, 5, 302, 4, NULL, NULL),
(2251, 5, 303, 2, NULL, NULL),
(2252, 5, 304, 2, NULL, NULL),
(2253, 5, 305, 2, NULL, NULL),
(2254, 5, 306, 1, NULL, NULL),
(2255, 5, 307, 2, NULL, NULL),
(2256, 5, 308, 2, NULL, NULL),
(2257, 5, 309, 2, NULL, NULL),
(2258, 5, 310, 0, NULL, NULL),
(2259, 5, 311, 0, NULL, NULL),
(2260, 5, 312, 6, NULL, NULL),
(2261, 5, 313, 1, NULL, NULL),
(2262, 5, 314, 3, NULL, NULL),
(2263, 5, 315, 5, NULL, NULL),
(2264, 5, 316, 1, NULL, NULL),
(2265, 5, 317, 0, NULL, NULL),
(2266, 5, 318, 3, NULL, NULL),
(2267, 5, 319, 16, NULL, NULL),
(2268, 5, 320, 20, NULL, NULL),
(2269, 5, 321, 22, NULL, NULL),
(2270, 5, 322, 25, NULL, NULL),
(2271, 5, 323, 0, NULL, NULL),
(2272, 5, 324, 0, NULL, NULL),
(2273, 5, 325, 0, NULL, NULL),
(2274, 5, 326, 109, NULL, NULL),
(2275, 5, 327, 150, NULL, NULL),
(2276, 5, 328, 175, NULL, NULL),
(2277, 5, 329, 19, NULL, NULL),
(2278, 5, 330, 0, NULL, NULL),
(2279, 5, 331, 0, NULL, NULL),
(2280, 5, 332, 1, NULL, NULL),
(2281, 5, 333, 1, NULL, NULL),
(2282, 5, 334, 4, NULL, NULL),
(2283, 5, 335, 5, NULL, NULL),
(2284, 5, 336, 1, NULL, NULL),
(2285, 5, 337, 2, NULL, NULL),
(2286, 5, 338, 1, NULL, NULL),
(2287, 5, 339, 0, NULL, NULL),
(2288, 5, 340, 0, NULL, NULL),
(2289, 5, 341, 10, NULL, NULL),
(2290, 5, 342, 1, NULL, NULL),
(2291, 5, 343, 3, NULL, NULL),
(2292, 5, 344, 4, NULL, NULL),
(2293, 5, 345, 3, NULL, NULL),
(2294, 5, 346, 2, NULL, NULL),
(2295, 5, 347, 2, NULL, NULL),
(2296, 5, 348, 2, NULL, NULL),
(2297, 5, 349, 1, NULL, NULL),
(2298, 5, 350, 4, NULL, NULL),
(2299, 5, 351, 6, NULL, NULL),
(2300, 5, 352, 40, NULL, NULL),
(2301, 5, 354, 10, NULL, NULL),
(2302, 5, 355, 5, NULL, NULL),
(2303, 5, 356, 2, NULL, NULL),
(2304, 5, 357, 3, NULL, NULL),
(2305, 5, 358, 2, NULL, NULL),
(2306, 5, 360, 1, NULL, NULL),
(2307, 5, 362, 1, NULL, NULL),
(2308, 5, 363, 5, NULL, NULL),
(2309, 5, 364, 6, NULL, NULL),
(2310, 5, 365, 1, NULL, NULL),
(2311, 5, 366, 1, NULL, NULL),
(2312, 5, 368, 8, NULL, NULL),
(2313, 5, 369, 4, NULL, NULL),
(2314, 5, 370, 7, NULL, NULL),
(2315, 5, 371, 6, NULL, NULL),
(2316, 5, 372, 12, NULL, NULL),
(2317, 5, 373, 13, NULL, NULL),
(2318, 5, 374, 7, NULL, NULL),
(2319, 5, 375, 4, NULL, NULL),
(2320, 5, 376, 1, NULL, NULL),
(2321, 5, 377, 11, NULL, NULL),
(2322, 5, 378, 2, NULL, NULL),
(2323, 5, 379, 3, NULL, NULL),
(2324, 5, 380, 1, NULL, NULL),
(2325, 5, 381, 3, NULL, NULL),
(2326, 5, 382, 1, NULL, NULL),
(2327, 5, 383, 1, NULL, NULL),
(2328, 5, 384, 0, NULL, NULL),
(2329, 5, 385, 1, NULL, NULL),
(2330, 5, 386, 40, NULL, NULL),
(2331, 5, 387, 40, NULL, NULL),
(2332, 5, 388, 182, NULL, NULL),
(2333, 5, 389, 120, NULL, NULL),
(2334, 5, 390, 40, NULL, NULL),
(2335, 5, 391, 259, NULL, NULL),
(2336, 5, 392, 25, NULL, NULL),
(2337, 5, 393, 15, NULL, NULL),
(2338, 5, 394, 14, NULL, NULL),
(2339, 5, 395, 15, NULL, NULL),
(2340, 5, 396, 15, NULL, NULL),
(2341, 5, 397, 49, NULL, NULL),
(2342, 5, 398, 42, NULL, NULL),
(2343, 5, 399, 2, NULL, NULL),
(2344, 5, 400, 2, NULL, NULL),
(2345, 5, 401, 1, NULL, NULL),
(2346, 5, 402, 3, NULL, NULL),
(2347, 5, 403, 1, NULL, NULL),
(2348, 5, 404, 2, NULL, NULL),
(2349, 5, 405, 4, NULL, NULL),
(2350, 5, 406, 3, NULL, NULL),
(2351, 5, 407, 1, NULL, NULL),
(2352, 5, 408, 5, NULL, NULL),
(2353, 5, 409, 2, NULL, NULL),
(2354, 5, 410, 5, NULL, NULL),
(2355, 5, 411, 4, NULL, NULL),
(2356, 5, 412, 20, NULL, NULL),
(2357, 5, 413, 2, NULL, NULL),
(2358, 5, 414, 2, NULL, NULL),
(2359, 5, 415, 2, NULL, NULL),
(2360, 5, 416, 2, NULL, NULL),
(2361, 5, 417, 1, NULL, NULL),
(2362, 5, 418, 1, NULL, NULL),
(2363, 5, 419, 1, NULL, NULL),
(2364, 5, 420, 1, NULL, NULL),
(2365, 5, 421, 1, NULL, NULL),
(2366, 5, 422, 2, NULL, NULL),
(2367, 5, 423, 6, NULL, NULL),
(2368, 5, 424, 0, NULL, NULL),
(2369, 5, 425, 3, NULL, NULL),
(2370, 5, 426, 4, NULL, NULL),
(2371, 5, 427, 1, NULL, NULL),
(2372, 5, 428, 1, NULL, NULL),
(2373, 5, 429, 6, NULL, NULL),
(2374, 5, 430, 4, NULL, NULL),
(2375, 5, 431, 4, NULL, NULL),
(2376, 5, 432, 5, NULL, NULL),
(2377, 5, 433, 1, NULL, NULL),
(2378, 5, 434, 11, NULL, NULL),
(2379, 5, 435, 11, NULL, NULL),
(2380, 5, 436, 7, NULL, NULL),
(2381, 5, 437, 4, NULL, NULL),
(2382, 5, 438, 1, NULL, NULL),
(2383, 5, 439, 1, NULL, NULL),
(2384, 5, 440, 2, NULL, NULL),
(2385, 5, 441, 10, NULL, NULL),
(2386, 5, 442, 10, NULL, NULL),
(2387, 5, 443, 10, NULL, NULL),
(2388, 5, 444, 10, NULL, NULL),
(2389, 5, 445, 10, NULL, NULL),
(2390, 5, 446, 1, NULL, NULL),
(2391, 5, 447, 1, NULL, NULL),
(2392, 5, 448, 2, NULL, NULL),
(2393, 5, 449, 4, NULL, NULL),
(2394, 5, 450, 1, NULL, NULL),
(2395, 5, 451, 1, NULL, NULL),
(2396, 5, 452, 5, NULL, NULL),
(2397, 5, 453, 3, NULL, NULL),
(2398, 5, 454, 8, NULL, NULL),
(2399, 5, 455, 5, NULL, NULL),
(2400, 5, 456, 1, NULL, NULL),
(2401, 5, 457, 1, NULL, NULL),
(2402, 5, 458, 3, NULL, NULL),
(2403, 5, 459, 2, NULL, NULL),
(2404, 5, 460, 2, NULL, NULL),
(2405, 5, 461, 1, NULL, NULL),
(2406, 5, 462, 1, NULL, NULL),
(2407, 5, 463, 1, NULL, NULL),
(2408, 5, 464, 2, NULL, NULL),
(2409, 5, 465, 1, NULL, NULL),
(2410, 5, 466, 1, NULL, NULL),
(2411, 5, 467, 2, NULL, NULL),
(2412, 5, 468, 24, NULL, NULL),
(2413, 5, 469, 24, NULL, NULL),
(2414, 5, 470, 12, NULL, NULL),
(2415, 5, 471, 12, NULL, NULL),
(2416, 5, 472, 12, NULL, NULL),
(2417, 5, 473, 7, NULL, NULL),
(2418, 5, 474, 3, NULL, NULL),
(2419, 5, 475, 72, NULL, NULL),
(2420, 5, 476, 0, NULL, NULL),
(2421, 5, 477, 2, NULL, NULL),
(2422, 5, 478, 4, NULL, NULL),
(2423, 5, 479, 7, NULL, NULL),
(2424, 5, 480, 5, NULL, NULL),
(2425, 5, 481, 1, NULL, NULL),
(2426, 5, 482, 1, NULL, NULL),
(2427, 5, 483, 1, NULL, NULL),
(2428, 5, 484, 1, NULL, NULL),
(2429, 5, 485, 3, NULL, NULL),
(2430, 5, 486, 1, NULL, NULL),
(2431, 5, 487, 1, NULL, NULL),
(2432, 5, 488, 9, NULL, NULL),
(2433, 5, 489, 9, NULL, NULL),
(2434, 5, 490, 15, NULL, NULL),
(2435, 5, 491, 4, NULL, NULL),
(2436, 5, 492, 4, NULL, NULL),
(2437, 5, 493, 2, NULL, NULL),
(2438, 5, 494, 1, NULL, NULL),
(2439, 5, 495, 4, NULL, NULL),
(2440, 5, 496, 1, NULL, NULL),
(2441, 5, 497, 2, NULL, NULL),
(2442, 5, 498, 1, NULL, NULL),
(2443, 5, 499, 3, NULL, NULL),
(2444, 5, 500, 3, NULL, NULL),
(2445, 5, 501, 1, NULL, NULL),
(2446, 5, 502, 1, NULL, NULL),
(2447, 5, 503, 20, NULL, NULL),
(2448, 5, 504, 1, NULL, NULL),
(2449, 5, 505, 13, NULL, NULL),
(2450, 5, 508, 0, NULL, NULL),
(2451, 5, 509, 51, NULL, NULL),
(2452, 5, 510, 1, NULL, NULL),
(2453, 5, 511, 1, NULL, NULL),
(2454, 5, 512, 35, NULL, NULL),
(2455, 5, 513, 47, NULL, NULL),
(2456, 5, 514, 39, NULL, NULL),
(2457, 5, 515, 100, NULL, NULL),
(2458, 5, 516, 1, NULL, NULL),
(2459, 5, 517, 2, NULL, NULL),
(2460, 5, 518, 5, NULL, NULL),
(2461, 5, 519, 5, NULL, NULL),
(2462, 5, 520, 9, NULL, NULL),
(2463, 5, 521, 4, NULL, NULL),
(2464, 5, 522, 4, NULL, NULL),
(2465, 5, 523, 4, NULL, NULL),
(2466, 5, 524, 4, NULL, NULL),
(2467, 5, 525, 8, NULL, NULL),
(2468, 5, 526, 0, NULL, NULL),
(2469, 5, 527, 0, NULL, NULL),
(2470, 5, 528, 6, NULL, NULL),
(2471, 5, 529, 10, NULL, NULL),
(2472, 5, 532, 50, NULL, NULL),
(2473, 5, 533, 95, NULL, NULL),
(2474, 5, 534, 158, NULL, NULL),
(2475, 5, 535, 31, NULL, NULL),
(2476, 5, 536, 31, NULL, NULL),
(2477, 5, 537, 40, NULL, NULL),
(2478, 5, 538, 35, NULL, NULL),
(2479, 5, 539, 30, NULL, NULL),
(2480, 5, 540, 8, NULL, NULL),
(2481, 5, 541, 96, NULL, NULL),
(2482, 5, 542, 1, NULL, NULL),
(2483, 5, 543, 15, NULL, NULL),
(2484, 5, 544, 0, NULL, NULL),
(2485, 5, 545, 0, NULL, NULL),
(2486, 5, 546, 1, NULL, NULL),
(2487, 5, 547, 0, NULL, NULL),
(2488, 5, 548, 0, NULL, NULL),
(2489, 5, 549, 1, NULL, NULL),
(2490, 5, 550, 1, NULL, NULL),
(2491, 5, 551, 0, NULL, NULL),
(2492, 5, 552, 16, NULL, NULL),
(2493, 5, 553, 3, NULL, NULL),
(2494, 5, 554, 1, NULL, NULL),
(2495, 5, 555, 1, NULL, NULL),
(2496, 5, 556, 3, NULL, NULL),
(2497, 5, 557, 9, NULL, NULL),
(2498, 5, 558, 9, NULL, NULL),
(2499, 5, 559, 2, NULL, NULL),
(2500, 5, 560, 2, NULL, NULL),
(2501, 5, 561, 30, NULL, NULL),
(2502, 5, 562, 30, NULL, NULL),
(2503, 5, 563, 30, NULL, NULL),
(2504, 5, 564, 30, NULL, NULL),
(2505, 5, 565, 30, NULL, NULL),
(2506, 5, 566, 42, NULL, NULL),
(2507, 5, 567, 0, NULL, NULL),
(2508, 5, 568, 1, NULL, NULL),
(2509, 5, 569, 3, NULL, NULL),
(2510, 5, 570, 1, NULL, NULL),
(2511, 5, 571, 0, NULL, NULL),
(2512, 5, 572, 1, NULL, NULL),
(2513, 5, 573, 2, NULL, NULL),
(2514, 5, 574, 0, NULL, NULL),
(2515, 5, 575, 0, NULL, NULL),
(2516, 5, 576, 2, NULL, NULL),
(2517, 5, 577, 1, NULL, NULL),
(2518, 5, 578, 12, NULL, NULL);

-- --------------------------------------------------------

--
-- Table structure for table `categories`
--

CREATE TABLE `categories` (
  `id` int(10) UNSIGNED NOT NULL,
  `nama` varchar(191) COLLATE utf8mb4_unicode_ci NOT NULL,
  `created_at` timestamp NULL DEFAULT NULL,
  `updated_at` timestamp NULL DEFAULT NULL
) ENGINE=InnoDB DEFAULT CHARSET=utf8mb4 COLLATE=utf8mb4_unicode_ci;

--
-- Dumping data for table `categories`
--

INSERT INTO `categories` (`id`, `nama`, `created_at`, `updated_at`) VALUES
(1, 'Endo', '2018-07-18 18:58:17', '2018-07-18 18:58:17'),
(2, 'Tambalan', '2018-07-18 18:58:34', '2018-07-18 18:58:34'),
(3, 'Orto', '2018-07-18 18:58:42', '2018-07-18 18:58:42'),
(4, 'Bedah', '2018-07-18 18:58:49', '2018-07-18 18:58:49'),
(5, 'Steril/Laboratory', '2018-07-18 18:59:11', '2018-07-18 18:59:11'),
(6, 'Umum', '2018-07-18 19:01:21', '2018-07-18 19:01:21');

-- --------------------------------------------------------

--
-- Table structure for table `dokters`
--

CREATE TABLE `dokters` (
  `id` int(10) UNSIGNED NOT NULL,
  `nama` varchar(191) COLLATE utf8mb4_unicode_ci NOT NULL,
  `created_at` timestamp NULL DEFAULT NULL,
  `updated_at` timestamp NULL DEFAULT NULL
) ENGINE=InnoDB DEFAULT CHARSET=utf8mb4 COLLATE=utf8mb4_unicode_ci;

--
-- Dumping data for table `dokters`
--

INSERT INTO `dokters` (`id`, `nama`, `created_at`, `updated_at`) VALUES
(1, 'DT', '2018-07-18 18:52:29', '2018-07-18 18:52:29'),
(2, 'JT', '2018-07-18 18:52:42', '2018-07-18 18:52:42'),
(3, 'RWP', '2018-07-18 18:52:51', '2018-07-18 18:52:51'),
(4, 'HJ', '2018-07-18 18:53:01', '2018-07-18 18:53:01'),
(5, 'LL', '2018-07-18 18:53:01', '2018-07-18 18:53:34'),
(6, 'ER', '2018-07-18 18:53:11', '2018-07-18 18:53:47'),
(7, 'AK', '2018-07-18 18:53:59', '2018-07-18 18:53:59'),
(8, 'YS', '2018-07-18 18:54:11', '2018-07-18 18:54:11'),
(9, 'OP 1', '2018-07-18 18:54:50', '2018-07-18 18:54:50'),
(10, 'OP 2', '2018-07-18 18:55:12', '2018-07-18 18:55:12'),
(11, 'OP 3/4', '2018-07-18 18:55:27', '2018-07-18 18:55:27'),
(13, 'OP 5', '2018-07-18 18:55:53', '2018-07-18 18:55:53'),
(14, 'OP 6', '2018-07-18 18:56:00', '2018-07-18 18:56:00'),
(15, 'OP 7', '2018-07-18 18:56:13', '2018-07-18 18:56:31'),
(16, 'Lab', '2018-07-20 21:03:20', '2019-01-23 20:33:18'),
(17, 'RS', '2018-07-20 21:03:34', '2019-06-24 02:07:45'),
(18, 'RC', '2018-07-24 21:24:19', '2019-06-24 02:07:22'),
(19, 'MG', '2019-05-13 05:54:04', '2019-06-24 01:51:16'),
(20, 'Retur', '2019-05-27 05:46:21', '2019-05-27 05:46:21'),
(21, 'DA1', '2019-06-21 17:37:14', '2019-06-24 01:53:51'),
(22, 'DA2', '2019-06-21 17:37:27', '2019-06-24 01:54:35'),
(23, 'YA', '2019-06-21 17:37:40', '2019-06-24 01:55:04'),
(24, 'UN', '2019-06-21 17:37:50', '2019-06-24 01:57:28'),
(25, 'RI', '2019-06-21 17:38:02', '2019-06-24 01:58:44'),
(26, 'RN', '2019-06-21 17:38:12', '2019-06-24 02:00:51'),
(27, 'KH', '2019-06-21 17:38:22', '2019-06-24 02:01:28'),
(28, 'ID', '2019-06-21 17:38:54', '2019-06-24 02:02:58'),
(29, 'NN', '2019-06-21 17:39:03', '2019-06-24 02:03:24'),
(30, 'ADM', '2019-07-07 19:19:03', '2019-07-07 19:19:03');

-- --------------------------------------------------------

--
-- Table structure for table `expires`
--

CREATE TABLE `expires` (
  `id` int(10) UNSIGNED NOT NULL,
  `tanggal` date NOT NULL,
  `jumlah` int(11) NOT NULL,
  `sisa` int(11) NOT NULL,
  `created_at` timestamp NULL DEFAULT NULL,
  `updated_at` timestamp NULL DEFAULT NULL,
  `penyimpanan_id` int(10) UNSIGNED NOT NULL,
  `barang_id` int(10) UNSIGNED NOT NULL,
  `pembelian_id` int(10) UNSIGNED DEFAULT NULL,
  `barang_pembelian_id` int(10) UNSIGNED DEFAULT NULL
) ENGINE=InnoDB DEFAULT CHARSET=utf8mb4 COLLATE=utf8mb4_unicode_ci;

--
-- Dumping data for table `expires`
--

INSERT INTO `expires` (`id`, `tanggal`, `jumlah`, `sisa`, `created_at`, `updated_at`, `penyimpanan_id`, `barang_id`, `pembelian_id`, `barang_pembelian_id`) VALUES
(1, '2019-11-01', 6, 0, '2018-07-22 19:41:47', '2018-10-24 20:38:27', 1, 20, 1, NULL),
(2, '2020-01-01', 27, 0, '2018-07-22 19:55:20', '2019-01-22 00:51:29', 1, 84, 40, NULL),
(3, '2019-05-31', 28, 8, '2018-07-22 20:03:54', '2019-06-26 20:08:09', 1, 11, 40, NULL),
(4, '2018-11-30', 46, 13, '2018-07-22 20:03:54', '2019-01-22 00:51:30', 1, 11, 40, NULL),
(5, '2019-02-01', 5, 3, '2018-07-22 20:06:25', '2019-01-22 00:51:30', 1, 318, 40, NULL),
(6, '2019-08-01', 9, 8, '2018-07-22 21:11:24', '2019-05-24 02:05:08', 1, 96, 40, NULL),
(7, '2019-08-31', 1, 0, '2018-07-24 19:07:11', '2018-07-24 21:24:44', 1, 325, 2, NULL),
(8, '2019-11-01', 2, 2, '2018-07-24 19:33:56', '2019-01-22 00:51:30', 1, 113, 40, NULL),
(9, '2018-08-01', 1, 0, '2018-07-24 19:35:28', '2019-01-22 00:51:30', 1, 115, 40, NULL),
(10, '2020-10-22', 2, 1, '2018-07-24 19:36:42', '2019-12-14 01:24:50', 1, 119, 40, NULL),
(11, '2020-12-16', 3, 2, '2018-07-24 19:38:31', '2019-05-24 01:01:33', 1, 118, 40, NULL),
(12, '2021-03-05', 2, 1, '2018-07-24 19:39:39', '2019-05-24 01:00:40', 1, 116, 40, NULL),
(13, '2020-10-17', 1, 0, '2018-07-24 19:40:40', '2019-05-24 01:02:28', 1, 121, 40, NULL),
(14, '2020-02-01', 1, 0, '2018-07-24 19:53:05', '2019-05-24 01:05:13', 1, 122, 40, NULL),
(15, '2020-09-24', 1, 0, '2018-07-24 19:53:45', '2019-05-24 01:06:07', 1, 123, 40, NULL),
(16, '2019-01-22', 2, 2, '2018-07-24 19:54:30', '2019-01-22 00:51:31', 1, 124, 40, NULL),
(17, '2018-06-01', 1, 1, '2018-07-24 19:57:23', '2019-01-22 00:51:31', 1, 125, 40, NULL),
(18, '2019-01-01', 1, 0, '2018-07-24 20:34:06', '2018-07-24 21:25:54', 1, 330, 3, NULL),
(19, '2019-01-01', 1, 0, '2018-07-24 20:34:07', '2018-07-24 21:26:30', 1, 331, 3, NULL),
(20, '2020-03-01', 5, 0, '2018-07-24 20:37:34', '2019-11-27 20:49:59', 1, 147, 40, NULL),
(21, '2021-07-21', 2, 0, '2018-07-24 20:38:52', '2019-01-22 00:51:31', 1, 148, 40, NULL),
(22, '2021-06-02', 2, 0, '2018-07-24 20:39:56', '2019-01-22 00:51:31', 1, 149, 40, NULL),
(23, '2020-04-01', 2, 0, '2018-07-24 20:41:12', '2019-05-24 00:48:10', 1, 150, 40, NULL),
(24, '2019-07-01', 2, 0, '2018-07-24 20:42:26', '2019-05-24 00:49:10', 1, 151, 40, NULL),
(25, '2019-12-01', 6, 5, '2018-07-24 20:44:41', '2019-01-22 00:51:32', 1, 127, 40, NULL),
(26, '2021-06-15', 1, 0, '2018-07-24 20:46:37', '2019-01-22 00:51:32', 1, 133, 40, NULL),
(27, '2019-08-01', 1, 0, '2018-07-24 20:49:11', '2019-05-24 00:50:36', 1, 134, 40, NULL),
(28, '2021-07-02', 2, 0, '2018-07-24 20:49:11', '2019-10-07 18:00:27', 1, 134, 40, NULL),
(29, '2020-07-07', 3, 0, '2018-07-24 20:52:48', '2019-10-07 17:39:18', 1, 132, 40, NULL),
(30, '2021-01-26', 2, 0, '2018-07-24 20:54:20', '2019-05-24 00:36:39', 1, 136, 40, NULL),
(31, '2020-08-01', 2, 2, '2018-07-24 20:57:31', '2019-01-22 00:51:32', 1, 301, 40, NULL),
(32, '2020-08-01', 4, 2, '2018-07-24 21:00:15', '2019-12-14 01:14:49', 1, 302, 40, NULL),
(33, '2021-08-01', 2, 1, '2018-07-24 21:02:06', '2019-05-24 00:53:20', 1, 305, 40, NULL),
(34, '2021-09-01', 1, 0, '2018-07-24 21:03:14', '2019-05-24 00:54:58', 1, 306, 40, NULL),
(35, '2022-03-01', 1, 0, '2018-07-24 21:07:33', '2019-05-24 00:55:48', 1, 303, 40, NULL),
(36, '2022-06-01', 1, 0, '2018-07-24 21:07:33', '2019-12-14 01:16:09', 1, 303, 40, NULL),
(37, '2022-05-01', 1, 1, '2018-07-24 21:13:42', '2019-01-22 00:51:33', 1, 307, 40, NULL),
(38, '2022-08-08', 2, 2, '2018-07-24 21:14:41', '2019-01-22 00:51:33', 1, 308, 40, NULL),
(39, '2021-06-01', 1, 1, '2018-07-24 21:15:20', '2019-01-22 00:51:33', 1, 304, 40, NULL),
(40, '2019-11-01', 5, 0, '2018-07-26 17:25:45', '2019-01-22 00:51:33', 1, 111, 40, NULL),
(41, '2020-01-12', 18, 0, '2018-07-26 17:25:45', '2019-11-27 20:39:19', 1, 111, 40, NULL),
(42, '2020-01-19', 3, 2, '2018-07-26 17:25:45', '2019-11-27 20:47:19', 1, 111, 40, NULL),
(43, '2019-03-29', 5, 0, '2018-07-26 17:30:14', '2019-01-22 00:51:34', 1, 298, 40, NULL),
(44, '2018-10-01', 3, 0, '2018-07-26 17:35:13', '2019-01-22 00:51:34', 1, 57, 40, NULL),
(45, '2019-03-31', 10, 2, '2018-07-26 17:36:30', '2019-01-22 00:51:34', 1, 58, 40, NULL),
(46, '2020-02-01', 4, 2, '2018-07-26 17:38:29', '2019-01-22 00:51:34', 1, 54, 40, NULL),
(47, '2020-05-01', 1, 0, '2018-07-26 17:39:28', '2019-01-22 00:51:34', 1, 56, 40, NULL),
(48, '2020-01-31', 1, 0, '2018-07-26 17:44:06', '2019-06-25 05:30:34', 1, 34, 40, NULL),
(49, '2020-03-31', 1, 0, '2018-07-26 17:45:17', '2019-06-25 04:56:42', 1, 338, 40, NULL),
(50, '2018-09-01', 1, 1, '2018-07-26 17:57:53', '2019-01-22 00:51:34', 1, 16, 40, NULL),
(51, '2018-08-01', 1, 1, '2018-07-26 17:59:08', '2019-01-22 00:51:34', 1, 230, 40, NULL),
(52, '2018-05-17', 4, 4, '2018-07-26 18:02:45', '2019-01-22 00:51:34', 1, 5, 40, NULL),
(53, '2017-12-08', 3, 3, '2018-07-26 18:02:45', '2019-01-22 00:51:35', 1, 5, 40, NULL),
(54, '2013-06-01', 2, 2, '2018-07-26 18:04:29', '2019-01-22 00:51:35', 1, 37, 40, NULL),
(55, '2019-02-01', 3, 3, '2018-07-26 18:05:14', '2019-01-22 00:51:35', 1, 38, 40, NULL),
(56, '2018-08-08', 14, 14, '2018-07-26 18:06:51', '2019-01-22 00:51:35', 1, 52, 40, NULL),
(57, '2019-04-05', 14, 14, '2018-07-26 18:08:02', '2019-01-22 00:51:35', 1, 53, 40, NULL),
(60, '2026-02-01', 2, 2, '2018-07-26 18:15:48', '2019-01-22 00:51:35', 1, 41, 40, NULL),
(61, '2026-05-23', 5, 5, '2018-07-26 18:15:48', '2019-01-22 00:51:35', 1, 41, 40, NULL),
(62, '2026-02-01', 2, 1, '2018-07-26 18:17:01', '2019-01-22 00:51:35', 1, 42, 40, NULL),
(63, '2026-06-14', 5, 5, '2018-07-26 18:17:01', '2019-01-22 00:51:36', 1, 42, 40, NULL),
(64, '2018-10-01', 2, 2, '2018-07-26 18:22:32', '2019-01-22 00:51:36', 1, 83, 40, NULL),
(65, '2019-12-01', 6, 0, '2018-07-26 18:22:32', '2019-06-21 18:00:44', 1, 83, 40, NULL),
(66, '2020-08-28', 4, 0, '2018-07-26 18:27:12', '2019-11-27 20:13:42', 1, 95, 40, NULL),
(67, '2020-09-28', 4, 2, '2018-07-26 18:28:46', '2019-07-31 05:59:58', 1, 343, 40, NULL),
(68, '2020-06-28', 11, 0, '2018-07-26 18:33:38', '2019-01-22 00:51:36', 1, 94, 40, NULL),
(69, '2013-02-25', 3, 3, '2018-07-26 18:34:20', '2019-01-22 00:51:36', 1, 1, 40, NULL),
(70, '2015-04-01', 4, 4, '2018-07-26 18:37:30', '2019-01-22 00:51:36', 1, 344, 40, NULL),
(71, '2019-12-01', 4, 4, '2018-07-26 18:53:21', '2019-01-22 00:51:36', 1, 350, 40, NULL),
(72, '2019-01-01', 2, 0, '2018-07-26 18:57:51', '2019-01-22 00:51:36', 1, 22, 40, NULL),
(73, '2019-12-31', 2, 0, '2018-07-26 18:58:49', '2019-01-22 00:51:37', 1, 28, 40, NULL),
(74, '2018-08-01', 1, 1, '2018-08-06 18:30:18', '2019-01-22 00:51:37', 1, 304, 40, NULL),
(75, '2022-08-01', 1, 1, '2018-08-06 18:34:49', '2019-01-22 00:51:37', 1, 307, 40, NULL),
(76, '2022-08-01', 1, 0, '2018-08-06 18:39:33', '2019-01-22 00:51:37', 1, 424, 40, NULL),
(77, '2019-06-01', 5, 3, '2018-08-06 20:03:09', '2019-01-22 00:51:37', 1, 139, 40, NULL),
(78, '2019-02-01', 5, 4, '2018-08-06 20:04:35', '2019-01-22 00:51:37', 1, 140, 40, NULL),
(79, '2020-06-06', 2, 0, '2018-08-07 02:44:26', '2019-06-24 19:25:49', 1, 432, 40, NULL),
(80, '2017-07-01', 2, 2, '2018-08-07 03:33:50', '2019-01-22 00:51:37', 1, 464, 40, NULL),
(81, '2019-12-05', 1, 0, '2018-08-08 01:35:53', '2019-01-22 00:51:38', 1, 270, 40, NULL),
(82, '2020-10-13', 3, 3, '2018-08-08 01:35:53', '2019-01-22 00:51:38', 1, 270, 40, NULL),
(83, '2020-05-19', 6, 2, '2018-08-08 01:35:53', '2019-11-16 03:16:38', 1, 270, 40, NULL),
(84, '2019-05-04', 1, 1, '2018-08-08 01:56:24', '2019-01-22 00:51:38', 1, 300, 40, NULL),
(85, '2016-08-01', 2, 2, '2018-08-08 18:38:38', '2019-01-22 00:51:38', 1, 467, 40, NULL),
(86, '2017-12-01', 24, 24, '2018-08-08 18:40:34', '2019-01-22 00:51:38', 1, 468, 40, NULL),
(87, '2021-06-01', 24, 24, '2018-08-08 18:42:06', '2019-01-22 00:51:38', 1, 469, 40, NULL),
(88, '2020-08-01', 12, 12, '2018-08-08 18:54:51', '2019-01-22 00:51:38', 1, 470, 40, NULL),
(89, '2020-09-01', 12, 12, '2018-08-08 18:56:16', '2019-01-22 00:51:38', 1, 471, 40, NULL),
(90, '2021-05-01', 12, 12, '2018-08-08 18:59:22', '2019-01-22 00:51:39', 1, 472, 40, NULL),
(91, '2017-10-01', 7, 7, '2018-08-08 19:00:35', '2019-01-22 00:51:39', 1, 473, 40, NULL),
(92, '2017-12-01', 1, 1, '2018-08-08 19:02:24', '2019-01-22 00:51:39', 1, 474, 40, NULL),
(93, '2020-08-01', 2, 2, '2018-08-08 19:02:24', '2019-01-22 00:51:39', 1, 474, 40, NULL),
(94, '2019-02-01', 72, 72, '2018-08-08 19:03:31', '2019-01-22 00:51:39', 1, 475, 40, NULL),
(95, '2019-01-24', 1, 0, '2018-08-08 19:05:33', '2019-01-22 00:51:39', 1, 476, 40, NULL),
(96, '2019-06-01', 2, 2, '2018-08-08 19:18:16', '2019-01-22 00:51:39', 1, 477, 40, NULL),
(97, '2019-06-01', 4, 4, '2018-08-08 19:19:13', '2019-01-22 00:51:39', 1, 478, 40, NULL),
(98, '2019-07-01', 7, 7, '2018-08-08 19:20:19', '2019-01-22 00:51:39', 1, 479, 40, NULL),
(99, '2018-06-01', 5, 5, '2018-08-08 19:21:15', '2019-01-22 00:51:40', 1, 480, 40, NULL),
(100, '2018-08-01', 1, 1, '2018-08-08 19:22:03', '2019-01-22 00:51:40', 1, 481, 40, NULL),
(101, '2019-11-30', 1, 1, '2018-08-08 19:23:13', '2019-01-22 00:51:40', 1, 482, 40, NULL),
(102, '2019-04-01', 1, 1, '2018-08-08 19:25:25', '2019-01-22 00:51:40', 1, 483, 40, NULL),
(103, '2019-03-01', 1, 1, '2018-08-08 19:26:21', '2019-01-22 00:51:40', 1, 484, 40, NULL),
(104, '2020-04-01', 4, 2, '2018-08-08 19:27:14', '2019-10-03 05:01:09', 1, 485, 40, NULL),
(105, '2018-04-01', 1, 1, '2018-08-08 19:31:44', '2019-01-22 00:51:40', 1, 486, 40, NULL),
(106, '2018-03-01', 1, 1, '2018-08-08 19:34:58', '2019-01-22 00:51:41', 1, 487, 40, NULL),
(107, '2018-12-06', 9, 9, '2018-08-08 19:47:01', '2019-01-22 00:51:41', 1, 488, 40, NULL),
(108, '2019-02-13', 9, 9, '2018-08-08 19:47:48', '2019-01-22 00:51:41', 1, 489, 40, NULL),
(109, '2019-02-13', 4, 4, '2018-08-08 19:49:12', '2019-01-22 00:51:41', 1, 490, 40, NULL),
(110, '2019-03-13', 4, 4, '2018-08-08 19:51:38', '2019-01-22 00:51:41', 1, 491, 40, NULL),
(111, '2019-03-12', 4, 4, '2018-08-08 19:52:33', '2019-01-22 00:51:41', 1, 492, 40, NULL),
(112, '2018-04-01', 2, 2, '2018-08-08 19:53:22', '2019-01-22 00:51:41', 1, 493, 40, NULL),
(113, '2016-07-01', 1, 1, '2018-08-08 19:54:07', '2019-01-22 00:51:41', 1, 494, 40, NULL),
(114, '2019-08-01', 4, 4, '2018-08-08 19:59:12', '2019-01-22 00:51:41', 1, 495, 40, NULL),
(115, '2019-09-30', 1, 1, '2018-08-08 20:11:20', '2019-01-22 00:51:42', 1, 496, 40, NULL),
(116, '2019-10-31', 2, 2, '2018-08-08 20:12:07', '2019-01-22 00:51:42', 1, 497, 40, NULL),
(117, '2019-10-01', 1, 1, '2018-08-08 20:20:27', '2019-01-22 00:51:42', 1, 498, 40, NULL),
(118, '2019-12-01', 3, 3, '2018-08-08 20:21:21', '2019-01-22 00:51:42', 1, 499, 40, NULL),
(119, '2019-12-01', 3, 3, '2018-08-08 20:22:09', '2019-01-22 00:51:42', 1, 500, 40, NULL),
(120, '2018-02-01', 1, 1, '2018-08-08 20:25:28', '2019-01-22 00:51:42', 1, 501, 40, NULL),
(121, '2018-04-30', 1, 1, '2018-08-08 20:27:06', '2019-01-22 00:51:42', 1, 502, 40, NULL),
(122, '2019-02-01', 1, 1, '2018-08-09 01:33:49', '2019-01-22 00:51:43', 1, 504, 40, NULL),
(124, '2019-07-11', 1, 0, '2018-08-09 01:39:44', '2019-01-22 00:51:43', 1, 508, 40, NULL),
(125, '2018-06-01', 1, 1, '2018-08-09 01:43:02', '2019-01-22 00:51:43', 1, 511, 40, NULL),
(126, '2021-01-07', 1, 0, '2018-08-10 03:29:52', '2018-08-16 04:28:33', 1, 112, 4, NULL),
(127, '2021-04-03', 5, 0, '2018-08-10 03:29:52', '2018-11-16 00:40:43', 1, 112, 4, NULL),
(129, '2019-05-01', 5, 5, '2018-08-13 00:36:05', '2019-01-22 00:51:43', 1, 518, 40, NULL),
(130, '2017-11-01', 4, 4, '2018-08-13 00:37:28', '2019-01-22 00:51:43', 1, 519, 40, NULL),
(131, '2018-01-01', 1, 1, '2018-08-13 00:37:28', '2019-01-22 00:51:43', 1, 519, 40, NULL),
(132, '2019-05-01', 9, 9, '2018-08-13 00:40:10', '2019-01-22 00:51:43', 1, 520, 40, NULL),
(133, '2022-08-31', 4, 4, '2018-08-13 00:41:14', '2019-01-22 00:51:43', 1, 521, 40, NULL),
(134, '2022-09-30', 4, 4, '2018-08-13 00:42:41', '2019-01-22 00:51:43', 1, 522, 40, NULL),
(135, '2022-09-30', 4, 4, '2018-08-13 02:26:30', '2019-01-22 00:51:43', 1, 523, 40, NULL),
(136, '2022-10-31', 4, 4, '2018-08-13 02:27:53', '2019-01-22 00:51:44', 1, 524, 40, NULL),
(137, '2019-04-01', 5, 0, '2018-08-20 03:03:53', '2018-10-03 03:11:25', 1, 525, 9, NULL),
(138, '2019-10-19', 1, 0, '2018-08-21 18:01:12', '2018-11-15 17:15:36', 1, 36, 10, NULL),
(139, '2020-01-11', 1, 0, '2018-08-21 18:01:12', '2018-08-23 00:28:04', 1, 109, 10, NULL),
(140, '2019-12-05', 1, 0, '2018-08-21 18:01:12', '2018-10-03 02:38:46', 1, 527, 10, NULL),
(141, '2020-02-05', 1, 0, '2018-08-21 18:01:13', '2018-10-03 02:33:11', 1, 526, 10, NULL),
(142, '2020-03-01', 10, 4, '2018-09-07 19:45:44', '2019-12-05 05:14:12', 1, 525, 40, NULL),
(143, '2022-02-01', 10, 10, '2018-09-07 19:57:36', '2019-01-22 00:51:44', 1, 529, 40, NULL),
(144, '2022-06-30', 2, 0, '2018-09-26 18:32:35', '2019-07-11 02:49:07', 1, 79, 13, NULL),
(145, '2020-09-30', 12, 0, '2018-09-26 18:36:38', '2018-09-26 18:42:49', 1, 545, 14, NULL),
(146, '2020-08-01', 12, 0, '2018-09-26 18:36:39', '2018-09-26 18:42:13', 1, 544, 14, NULL),
(147, '2021-02-01', 2, 1, '2018-10-03 00:58:09', '2018-10-11 05:16:55', 1, 546, 15, NULL),
(148, '2021-03-28', 4, 0, '2018-10-03 01:56:13', '2018-10-09 03:28:04', 1, 94, 16, NULL),
(150, '2021-03-28', 2, 0, '2018-10-03 01:56:13', '2018-12-29 01:23:08', 1, 266, 16, NULL),
(151, '2023-01-01', 1, 0, '2018-10-03 02:22:02', '2018-11-12 01:22:36', 1, 548, 17, NULL),
(152, '2020-03-01', 1, 1, '2018-10-03 02:22:03', '2018-10-03 02:22:03', 1, 549, 17, NULL),
(153, '2020-04-01', 3, 0, '2018-10-09 02:41:19', '2018-10-09 02:42:09', 1, 551, 19, NULL),
(154, '2021-03-28', 16, 0, '2018-10-12 02:43:00', '2019-06-21 17:56:05', 1, 94, 22, NULL),
(155, '2020-07-01', 3, 3, '2018-10-24 20:34:44', '2018-10-24 20:34:44', 1, 553, 23, NULL),
(156, '2020-08-01', 10, 0, '2018-10-24 20:34:45', '2019-06-25 05:38:30', 1, 85, 23, NULL),
(157, '2020-12-01', 10, 0, '2018-10-24 20:34:45', '2019-08-09 18:06:16', 1, 86, 23, NULL),
(158, '2020-05-11', 10, 0, '2018-10-24 20:49:55', '2019-05-24 02:13:02', 1, 20, 24, NULL),
(159, '2019-09-30', 2, 0, '2018-11-13 19:02:21', '2019-09-02 05:51:17', 1, 568, 29, NULL),
(160, '2020-10-31', 3, 2, '2018-11-13 19:02:21', '2019-09-02 05:52:05', 1, 569, 29, NULL),
(161, '2019-03-31', 1, 1, '2018-11-13 19:02:22', '2018-11-13 19:02:22', 1, 570, 29, NULL),
(162, '2019-04-30', 1, 0, '2018-11-13 19:02:22', '2018-11-22 18:37:25', 1, 571, 29, NULL),
(163, '2019-04-30', 1, 1, '2018-11-13 19:02:22', '2018-11-13 19:02:22', 1, 572, 29, NULL),
(164, '2021-04-03', 5, 0, '2018-11-16 00:36:47', '2019-06-24 02:22:20', 1, 112, 30, NULL),
(165, '2020-09-30', 2, 2, '2018-11-16 00:36:47', '2018-11-16 00:36:47', 1, 573, 30, NULL),
(166, '2022-07-09', 8, 6, '2018-11-17 01:22:29', '2019-11-27 20:37:07', 1, 149, 31, NULL),
(167, '2022-04-16', 4, 4, '2018-11-17 01:22:29', '2018-11-17 01:22:29', 1, 148, 31, NULL),
(168, '2020-12-09', 3, 2, '2018-11-17 01:22:29', '2019-11-27 20:54:58', 1, 147, 31, NULL),
(170, '2020-04-30', 1, 0, '2018-11-23 17:33:04', '2019-04-29 20:40:28', 1, 28, 33, NULL),
(171, '2020-05-01', 2, 0, '2018-11-23 17:33:04', '2019-05-28 04:26:21', 1, 27, 33, NULL),
(172, '2019-12-07', 1, 0, '2018-11-24 00:18:24', '2018-12-29 01:20:35', 1, 36, 34, NULL),
(173, '2020-09-30', 1, 0, '2018-11-30 02:47:03', '2018-11-30 02:50:31', 1, 574, 35, NULL),
(174, '2020-06-30', 1, 0, '2018-11-30 02:49:13', '2018-11-30 02:51:06', 1, 575, 36, NULL),
(175, '2020-08-01', 3, 1, '2019-05-24 05:03:09', '2019-08-14 22:58:11', 1, 39, 46, NULL),
(176, '2020-04-01', 8, 1, '2019-05-24 05:03:09', '2019-12-06 19:39:54', 1, 594, 46, NULL),
(177, '2020-05-01', 1, 0, '2019-05-24 05:03:09', '2019-12-06 19:41:57', 1, 595, 46, NULL),
(178, '2021-02-01', 2, 1, '2019-05-24 05:03:09', '2019-07-06 02:10:19', 1, 596, 46, NULL),
(179, '2021-03-28', 3, 0, '2019-05-24 05:25:57', '2019-09-27 22:52:21', 1, 94, 48, NULL),
(180, '2020-05-31', 1, 1, '2019-05-27 05:14:30', '2019-05-27 05:14:30', 1, 549, 51, NULL),
(181, '2019-07-31', 1, 0, '2019-05-27 05:14:30', '2019-05-27 05:47:35', 1, 607, 51, NULL),
(182, '2023-08-01', 2, 2, '2019-05-27 05:14:31', '2019-05-27 05:14:31', 1, 303, 51, NULL),
(183, '2021-12-01', 1, 1, '2019-05-27 05:43:29', '2019-05-27 05:43:29', 1, 609, 52, NULL),
(184, '2022-09-30', 1, 0, '2019-05-29 20:07:38', '2019-09-24 05:09:15', 1, 79, 53, NULL),
(185, '2021-03-28', 12, 2, '2019-06-22 00:50:26', '2019-12-06 19:33:55', 1, 94, 72, NULL),
(186, '2019-06-01', 2, 0, '2019-06-22 02:52:49', '2019-06-22 03:00:09', 1, 625, 73, NULL),
(187, '2019-07-01', 6, 4, '2019-06-22 02:52:49', '2019-06-26 19:59:29', 1, 625, 73, NULL),
(188, '2021-01-10', 3, 0, '2019-06-26 19:11:00', '2019-07-09 05:53:23', 1, 112, 74, NULL),
(189, '2020-11-04', 1, 1, '2019-07-07 18:15:37', '2019-07-07 18:15:37', 1, 36, 79, NULL),
(190, '2021-01-13', 2, 2, '2019-07-07 18:15:37', '2019-07-07 18:15:37', 1, 629, 79, NULL),
(191, '2021-03-03', 1, 1, '2019-07-07 18:15:37', '2019-07-07 18:15:37', 1, 36, 79, NULL),
(192, '2020-08-01', 5, 0, '2019-07-12 01:15:40', '2019-12-14 01:13:50', 1, 625, 80, NULL),
(193, '2021-07-01', 3, 1, '2019-07-12 01:15:40', '2019-12-14 01:23:39', 1, 625, 80, NULL),
(194, '2021-08-01', 2, 2, '2019-07-12 01:15:40', '2019-07-12 01:15:40', 1, 625, 80, NULL),
(195, '2022-01-20', 4, 4, '2019-07-12 01:15:41', '2019-07-12 01:15:41', 1, 625, 80, NULL),
(196, '2018-04-04', 6, 6, '2019-07-13 02:37:28', '2019-07-13 02:37:28', 1, 638, 81, NULL),
(197, '2020-01-08', 5, 0, '2019-07-13 02:37:29', '2019-11-04 03:53:16', 1, 625, 81, NULL),
(198, '2020-09-01', 9, 0, '2019-07-17 01:03:08', '2019-09-24 03:39:27', 1, 11, 82, NULL),
(199, '2021-01-01', 18, 0, '2019-07-17 01:03:08', '2019-11-16 03:35:40', 1, 84, 82, NULL),
(200, '2019-12-01', 3, 0, '2019-07-17 01:03:08', '2019-07-22 05:12:19', 1, 642, 82, NULL),
(201, '2021-04-01', 6, 1, '2019-07-17 01:03:08', '2019-09-27 22:57:17', 1, 641, 82, NULL),
(202, '2020-06-30', 1, 0, '2019-07-24 05:30:42', '2019-09-02 05:21:54', 1, 644, 83, NULL),
(203, '2019-02-28', 12, 12, '2019-07-31 05:47:53', '2019-07-31 05:47:53', 1, 93, 86, NULL),
(204, '2020-01-01', 5, 0, '2019-08-09 05:23:32', '2019-11-27 20:05:59', 1, 20, 89, NULL),
(205, '2021-10-01', 5, 0, '2019-08-20 02:21:29', '2019-10-03 03:04:59', 1, 112, 90, NULL),
(206, '2021-08-01', 1, 0, '2019-08-20 02:53:41', '2019-09-02 05:14:54', 1, 649, 92, NULL),
(207, '2020-11-01', 1, 0, '2019-08-20 02:53:41', '2019-09-02 05:16:07', 1, 650, 92, NULL),
(208, '2021-04-01', 2, 1, '2019-08-20 02:53:41', '2019-09-02 05:17:19', 1, 70, 92, NULL),
(209, '2024-05-17', 20, 18, '2019-08-23 02:38:41', '2019-11-27 20:11:30', 1, 652, 94, NULL),
(210, '2022-02-07', 20, 20, '2019-09-27 20:34:44', '2019-09-27 20:34:44', 1, 94, 95, NULL),
(211, '2021-06-28', 4, 4, '2019-09-27 20:34:44', '2019-09-27 20:34:44', 1, 95, 95, NULL),
(212, '2022-01-10', 3, 1, '2019-10-03 03:58:40', '2019-11-27 20:40:21', 1, 112, 97, NULL),
(213, '2022-10-19', 8, 0, '2019-10-03 04:41:46', '2019-10-07 18:24:31', 1, 129, 98, NULL),
(214, '2022-11-25', 4, 2, '2019-10-03 04:41:46', '2019-10-07 18:17:13', 1, 132, 98, NULL),
(215, '2023-04-12', 6, 0, '2019-10-03 04:41:46', '2019-10-07 18:26:10', 1, 139, 98, NULL),
(216, '2020-12-15', 8, 6, '2019-10-03 04:41:46', '2019-11-27 21:05:01', 1, 654, 98, NULL),
(217, '2021-02-12', 2, 1, '2019-10-03 04:41:46', '2019-10-07 17:43:07', 1, 655, 98, NULL),
(218, '2023-05-02', 8, 0, '2019-10-07 17:20:32', '2019-11-04 03:42:18', 1, 131, 99, NULL),
(219, '2023-05-02', 8, 2, '2019-10-07 17:20:32', '2019-11-04 03:38:34', 1, 133, 99, NULL),
(220, '2023-06-10', 8, 4, '2019-10-07 17:20:33', '2019-11-27 21:04:15', 1, 134, 99, NULL),
(221, '2023-03-11', 4, 1, '2019-10-07 17:20:33', '2019-10-07 17:56:14', 1, 128, 99, NULL),
(222, '2021-06-01', 12, 5, '2019-10-07 17:20:33', '2019-10-07 18:26:51', 1, 656, 99, NULL),
(223, '2022-03-24', 1, 1, '2019-10-10 03:07:10', '2019-10-10 03:07:10', 1, 116, 103, NULL),
(224, '2022-11-30', 1, 1, '2019-10-10 03:07:10', '2019-10-10 03:07:10', 1, 117, 103, NULL),
(225, '2022-12-20', 1, 1, '2019-10-10 03:07:10', '2019-10-10 03:07:10', 1, 118, 103, NULL),
(226, '2021-10-31', 3, 3, '2019-10-10 03:07:11', '2019-10-10 03:07:11', 1, 657, 103, NULL),
(227, '2020-09-30', 2, 2, '2019-10-10 03:07:11', '2019-10-10 03:07:11', 1, 89, 103, NULL),
(228, '2022-03-24', 6, 6, '2019-10-10 03:07:11', '2019-10-10 03:07:11', 1, 83, 103, NULL),
(229, '2021-04-10', 1, 1, '2019-10-10 03:07:11', '2019-10-10 03:07:11', 1, 297, 103, NULL),
(230, '2022-06-01', 9, 8, '2019-11-13 23:09:32', '2019-12-06 19:06:46', 1, 648, 105, NULL),
(231, '2022-07-01', 12, 10, '2019-11-13 23:18:12', '2019-12-14 01:26:20', 1, 93, 106, NULL),
(232, '2021-01-29', 1, 0, '2019-11-16 02:01:33', '2019-11-20 04:13:38', 1, 661, 111, NULL),
(233, '2021-07-18', 1, 0, '2019-11-16 02:01:33', '2019-11-20 04:15:43', 1, 660, 111, NULL),
(234, '2021-04-12', 4, 0, '2019-11-16 02:01:33', '2019-11-20 04:15:43', 1, 660, 111, NULL),
(235, '2021-09-09', 1, 0, '2019-11-16 02:01:34', '2019-11-20 04:14:46', 1, 659, 111, NULL),
(236, '2021-11-30', 3, 2, '2019-11-16 02:01:34', '2019-11-20 04:10:59', 1, 544, 111, NULL),
(237, '2022-10-01', 5, 4, '2019-11-16 02:01:34', '2019-11-20 04:09:27', 1, 662, 111, NULL),
(238, '2021-11-01', 7, 6, '2019-11-16 02:01:34', '2019-11-20 04:10:07', 1, 663, 111, NULL),
(239, '2024-01-31', 21, 21, '2019-11-18 05:24:42', '2019-11-18 05:24:42', 1, 664, 112, NULL),
(240, '2022-04-30', 6, 6, '2019-11-18 05:24:42', '2019-11-18 05:24:42', 1, 665, 112, NULL),
(241, '2022-03-27', 3, 3, '2019-11-18 05:24:42', '2019-11-18 05:24:42', 1, 665, 112, NULL),
(242, '2022-04-28', 3, 3, '2019-11-18 05:24:42', '2019-11-18 05:24:42', 1, 666, 112, NULL),
(243, '2020-09-01', 4, 0, '2019-11-18 20:50:10', '2019-11-18 20:56:43', 1, 11, 113, NULL),
(244, '2021-01-01', 12, 6, '2019-11-18 20:50:10', '2019-12-16 18:26:10', 1, 84, 113, NULL),
(245, '2021-05-01', 18, 11, '2019-11-18 20:50:10', '2019-12-16 18:50:15', 1, 11, 113, NULL),
(246, '2021-03-03', 1, 0, '2019-11-20 01:15:42', '2019-11-20 01:16:52', 1, 669, 114, NULL),
(247, '2021-06-30', 1, 0, '2019-11-20 01:15:42', '2019-11-20 01:16:52', 1, 669, 114, NULL),
(248, '2022-01-01', 2, 1, '2019-11-27 20:04:09', '2019-12-14 05:12:58', 1, 20, 117, NULL),
(249, '2019-01-31', 2, 2, '2019-12-14 05:16:39', '2019-12-14 05:16:39', 1, 20, 122, NULL);

-- --------------------------------------------------------

--
-- Table structure for table `expire_pemakaian`
--

CREATE TABLE `expire_pemakaian` (
  `id` int(10) UNSIGNED NOT NULL,
  `expire_id` int(10) UNSIGNED NOT NULL,
  `pemakaian_id` int(10) UNSIGNED NOT NULL,
  `jumlah` int(11) NOT NULL,
  `created_at` timestamp NULL DEFAULT NULL,
  `updated_at` timestamp NULL DEFAULT NULL
) ENGINE=InnoDB DEFAULT CHARSET=utf8mb4 COLLATE=utf8mb4_unicode_ci;

--
-- Dumping data for table `expire_pemakaian`
--

INSERT INTO `expire_pemakaian` (`id`, `expire_id`, `pemakaian_id`, `jumlah`, `created_at`, `updated_at`) VALUES
(1, 1, 7, 1, NULL, NULL),
(2, 7, 9, 1, NULL, NULL),
(3, 18, 10, 1, NULL, NULL),
(4, 19, 11, 1, NULL, NULL),
(5, 68, 22, 2, NULL, NULL),
(6, 4, 28, 1, NULL, NULL),
(7, 40, 32, 1, NULL, NULL),
(8, 44, 36, 1, NULL, NULL),
(9, 9, 38, 1, NULL, NULL),
(10, 4, 41, 1, NULL, NULL),
(11, 4, 43, 1, NULL, NULL),
(12, 26, 45, 1, NULL, NULL),
(13, 43, 46, 1, NULL, NULL),
(14, 4, 50, 1, NULL, NULL),
(15, 44, 53, 1, NULL, NULL),
(16, 46, 54, 1, NULL, NULL),
(17, 72, 58, 2, NULL, NULL),
(18, 1, 59, 1, NULL, NULL),
(19, 76, 60, 1, NULL, NULL),
(20, 21, 61, 1, NULL, NULL),
(21, 22, 62, 1, NULL, NULL),
(22, 68, 63, 2, NULL, NULL),
(23, 81, 65, 1, NULL, NULL),
(24, 66, 66, 2, NULL, NULL),
(25, 4, 69, 1, NULL, NULL),
(26, 126, 70, 1, NULL, NULL),
(27, 40, 71, 1, NULL, NULL),
(28, 21, 74, 1, NULL, NULL),
(29, 22, 75, 1, NULL, NULL),
(30, 23, 76, 1, NULL, NULL),
(31, 24, 77, 1, NULL, NULL),
(32, 30, 78, 1, NULL, NULL),
(33, 4, 81, 1, NULL, NULL),
(34, 127, 82, 1, NULL, NULL),
(35, 40, 83, 1, NULL, NULL),
(36, 26, 84, 1, NULL, NULL),
(37, 40, 89, 1, NULL, NULL),
(38, 68, 92, 2, NULL, NULL),
(39, 139, 93, 1, NULL, NULL),
(40, 4, 94, 1, NULL, NULL),
(41, 95, 95, 1, NULL, NULL),
(42, 20, 96, 1, NULL, NULL),
(43, 25, 97, 1, NULL, NULL),
(44, 62, 98, 1, NULL, NULL),
(45, 137, 116, 1, NULL, NULL),
(46, 4, 117, 1, NULL, NULL),
(48, 68, 121, 2, NULL, NULL),
(49, 137, 129, 1, NULL, NULL),
(50, 44, 130, 1, NULL, NULL),
(51, 46, 131, 1, NULL, NULL),
(52, 137, 134, 1, NULL, NULL),
(53, 124, 138, 1, NULL, NULL),
(54, 137, 146, 1, NULL, NULL),
(55, 43, 149, 1, NULL, NULL),
(56, 146, 151, 12, NULL, NULL),
(57, 145, 152, 12, NULL, NULL),
(59, 150, 155, 1, NULL, NULL),
(60, 141, 160, 1, NULL, NULL),
(61, 79, 161, 1, NULL, NULL),
(62, 140, 162, 1, NULL, NULL),
(63, 77, 164, 1, NULL, NULL),
(64, 78, 165, 1, NULL, NULL),
(65, 137, 166, 1, NULL, NULL),
(66, 153, 167, 3, NULL, NULL),
(68, 148, 169, 4, NULL, NULL),
(69, 77, 174, 1, NULL, NULL),
(70, 147, 176, 1, NULL, NULL),
(73, 73, 179, 1, NULL, NULL),
(74, 127, 183, 1, NULL, NULL),
(75, 4, 188, 1, NULL, NULL),
(76, 127, 190, 1, NULL, NULL),
(77, 40, 191, 1, NULL, NULL),
(82, 43, 198, 1, NULL, NULL),
(83, 4, 199, 1, NULL, NULL),
(84, 4, 200, 1, NULL, NULL),
(85, 4, 201, 1, NULL, NULL),
(86, 4, 202, 1, NULL, NULL),
(87, 1, 203, 4, NULL, NULL),
(88, 158, 204, 1, NULL, NULL),
(89, 67, 207, 1, NULL, NULL),
(90, 68, 208, 2, NULL, NULL),
(91, 68, 217, 1, NULL, NULL),
(92, 154, 217, 1, NULL, NULL),
(93, 156, 222, 1, NULL, NULL),
(94, 156, 224, 1, NULL, NULL),
(95, 151, 227, 1, NULL, NULL),
(97, 41, 240, 1, NULL, NULL),
(98, 41, 242, 1, NULL, NULL),
(99, 4, 248, 2, NULL, NULL),
(100, 43, 249, 1, NULL, NULL),
(101, 4, 251, 2, NULL, NULL),
(103, 138, 153, 1, NULL, NULL),
(104, 127, 264, 1, NULL, NULL),
(105, 127, 265, 1, NULL, NULL),
(109, 4, 273, 2, NULL, NULL),
(110, 142, 275, 1, NULL, NULL),
(111, 159, 278, 1, NULL, NULL),
(112, 162, 279, 1, NULL, NULL),
(113, 156, 288, 1, NULL, NULL),
(114, 154, 289, 2, NULL, NULL),
(115, 73, 290, 1, NULL, NULL),
(116, 173, 291, 1, NULL, NULL),
(117, 174, 292, 1, NULL, NULL),
(119, 154, 299, 2, NULL, NULL),
(120, 45, 303, 2, NULL, NULL),
(121, 45, 304, 6, NULL, NULL),
(122, 43, 307, 1, NULL, NULL),
(123, 142, 314, 1, NULL, NULL),
(124, 5, 317, 1, NULL, NULL),
(125, 41, 331, 1, NULL, NULL),
(126, 164, 332, 1, NULL, NULL),
(127, 5, 333, 1, NULL, NULL),
(128, 156, 338, 1, NULL, NULL),
(129, 172, 341, 1, NULL, NULL),
(130, 150, 344, 1, NULL, NULL),
(133, 83, 353, 1, NULL, NULL),
(134, 47, 354, 1, NULL, NULL),
(138, 3, 367, 2, NULL, NULL),
(139, 154, 368, 2, NULL, NULL),
(140, 170, 369, 1, NULL, NULL),
(143, 65, 382, 2, NULL, NULL),
(144, 142, 384, 1, NULL, NULL),
(146, 154, 387, 2, NULL, NULL),
(147, 154, 393, 2, NULL, NULL),
(148, 30, 397, 1, NULL, NULL),
(149, 20, 398, 1, NULL, NULL),
(150, 23, 399, 1, NULL, NULL),
(151, 24, 400, 1, NULL, NULL),
(152, 27, 401, 1, NULL, NULL),
(153, 33, 402, 1, NULL, NULL),
(154, 34, 403, 1, NULL, NULL),
(155, 35, 404, 1, NULL, NULL),
(156, 12, 406, 1, NULL, NULL),
(157, 11, 407, 1, NULL, NULL),
(158, 13, 408, 1, NULL, NULL),
(159, 14, 409, 1, NULL, NULL),
(160, 15, 410, 1, NULL, NULL),
(161, 32, 411, 1, NULL, NULL),
(162, 29, 412, 1, NULL, NULL),
(163, 20, 413, 1, NULL, NULL),
(164, 158, 414, 1, NULL, NULL),
(165, 158, 415, 1, NULL, NULL),
(166, 6, 416, 1, NULL, NULL),
(167, 158, 417, 1, NULL, NULL),
(168, 158, 418, 1, NULL, NULL),
(169, 158, 419, 1, NULL, NULL),
(170, 158, 420, 1, NULL, NULL),
(171, 158, 421, 1, NULL, NULL),
(172, 158, 422, 1, NULL, NULL),
(173, 158, 423, 1, NULL, NULL),
(174, 181, 425, 1, NULL, NULL),
(175, 144, 427, 1, NULL, NULL),
(176, 157, 428, 1, NULL, NULL),
(178, 154, 430, 1, NULL, NULL),
(179, 157, 431, 1, NULL, NULL),
(180, 175, 432, 1, NULL, NULL),
(181, 171, 433, 2, NULL, NULL),
(182, 154, 438, 2, NULL, NULL),
(183, 65, 439, 2, NULL, NULL),
(184, 154, 451, 2, NULL, NULL),
(186, 65, 454, 2, NULL, NULL),
(187, 186, 469, 1, NULL, NULL),
(188, 186, 470, 1, NULL, NULL),
(189, 41, 479, 1, NULL, NULL),
(190, 164, 480, 1, NULL, NULL),
(191, 156, 482, 1, NULL, NULL),
(192, 3, 483, 2, NULL, NULL),
(193, 157, 484, 1, NULL, NULL),
(194, 164, 489, 1, NULL, NULL),
(195, 41, 490, 1, NULL, NULL),
(196, 164, 493, 1, NULL, NULL),
(197, 156, 494, 1, NULL, NULL),
(198, 157, 495, 1, NULL, NULL),
(199, 3, 498, 1, NULL, NULL),
(200, 41, 499, 1, NULL, NULL),
(201, 164, 500, 1, NULL, NULL),
(202, 41, 513, 1, NULL, NULL),
(203, 3, 523, 1, NULL, NULL),
(204, 83, 375, 1, NULL, NULL),
(206, 156, 525, 1, NULL, NULL),
(207, 3, 526, 3, NULL, NULL),
(208, 156, 538, 1, NULL, NULL),
(209, 79, 539, 1, NULL, NULL),
(210, 49, 548, 1, NULL, NULL),
(211, 142, 550, 1, NULL, NULL),
(212, 3, 552, 1, NULL, NULL),
(213, 156, 553, 1, NULL, NULL),
(214, 3, 554, 2, NULL, NULL),
(215, 157, 558, 1, NULL, NULL),
(216, 3, 570, 1, NULL, NULL),
(217, 48, 572, 1, NULL, NULL),
(218, 156, 574, 1, NULL, NULL),
(219, 157, 575, 1, NULL, NULL),
(220, 3, 576, 1, NULL, NULL),
(221, 157, 577, 1, NULL, NULL),
(222, 3, 590, 2, NULL, NULL),
(223, 142, 592, 1, NULL, NULL),
(224, 187, 593, 1, NULL, NULL),
(225, 3, 595, 2, NULL, NULL),
(226, 83, 599, 1, NULL, NULL),
(227, 187, 602, 1, NULL, NULL),
(228, 188, 604, 1, NULL, NULL),
(229, 41, 605, 1, NULL, NULL),
(230, 3, 607, 2, NULL, NULL),
(231, 41, 612, 1, NULL, NULL),
(232, 157, 629, 1, NULL, NULL),
(233, 41, 637, 1, NULL, NULL),
(234, 157, 642, 1, NULL, NULL),
(236, 178, 656, 1, NULL, NULL),
(237, 188, 670, 1, NULL, NULL),
(238, 41, 671, 1, NULL, NULL),
(239, 41, 695, 1, NULL, NULL),
(240, 188, 696, 1, NULL, NULL),
(241, 144, 711, 1, NULL, NULL),
(242, 192, 715, 1, NULL, NULL),
(243, 192, 716, 1, NULL, NULL),
(244, 197, 718, 1, NULL, NULL),
(245, 197, 719, 1, NULL, NULL),
(246, 179, 732, 1, NULL, NULL),
(247, 179, 737, 1, NULL, NULL),
(248, 198, 738, 1, NULL, NULL),
(249, 200, 739, 1, NULL, NULL),
(250, 200, 740, 1, NULL, NULL),
(251, 200, 741, 1, NULL, NULL),
(253, 201, 750, 1, NULL, NULL),
(254, 199, 752, 1, NULL, NULL),
(256, 199, 758, 1, NULL, NULL),
(257, 67, 764, 1, NULL, NULL),
(258, 198, 765, 1, NULL, NULL),
(259, 157, 782, 1, NULL, NULL),
(260, 198, 783, 1, NULL, NULL),
(261, 199, 784, 1, NULL, NULL),
(262, 199, 791, 1, NULL, NULL),
(264, 41, 801, 1, NULL, NULL),
(265, 199, 803, 1, NULL, NULL),
(266, 201, 807, 1, NULL, NULL),
(267, 175, 808, 1, NULL, NULL),
(268, 198, 812, 1, NULL, NULL),
(269, 197, 817, 1, NULL, NULL),
(270, 206, 818, 1, NULL, NULL),
(271, 207, 819, 1, NULL, NULL),
(272, 208, 820, 1, NULL, NULL),
(273, 202, 823, 1, NULL, NULL),
(274, 204, 824, 1, NULL, NULL),
(275, 198, 828, 1, NULL, NULL),
(276, 199, 829, 1, NULL, NULL),
(277, 205, 830, 1, NULL, NULL),
(278, 197, 831, 1, NULL, NULL),
(279, 198, 834, 1, NULL, NULL),
(280, 159, 835, 1, NULL, NULL),
(281, 160, 836, 1, NULL, NULL),
(282, 41, 837, 1, NULL, NULL),
(283, 41, 848, 1, NULL, NULL),
(284, 205, 849, 1, NULL, NULL),
(285, 199, 850, 1, NULL, NULL),
(286, 201, 853, 1, NULL, NULL),
(287, 205, 856, 1, NULL, NULL),
(288, 198, 859, 1, NULL, NULL),
(289, 198, 860, 1, NULL, NULL),
(290, 199, 861, 1, NULL, NULL),
(291, 176, 862, 1, NULL, NULL),
(292, 198, 863, 1, NULL, NULL),
(293, 41, 865, 1, NULL, NULL),
(296, 201, 873, 1, NULL, NULL),
(297, 205, 874, 1, NULL, NULL),
(298, 41, 875, 1, NULL, NULL),
(300, 199, 883, 1, NULL, NULL),
(301, 104, 884, 1, NULL, NULL),
(302, 184, 885, 1, NULL, NULL),
(303, 204, 887, 1, NULL, NULL),
(304, 66, 890, 1, NULL, NULL),
(305, 179, 891, 1, NULL, NULL),
(306, 185, 892, 2, NULL, NULL),
(307, 185, 893, 2, NULL, NULL),
(308, 201, 894, 1, NULL, NULL),
(309, 199, 895, 1, NULL, NULL),
(310, 199, 896, 1, NULL, NULL),
(311, 205, 879, 1, NULL, NULL),
(312, 199, 898, 1, NULL, NULL),
(313, 104, 900, 1, NULL, NULL),
(314, 213, 902, 1, NULL, NULL),
(315, 199, 903, 1, NULL, NULL),
(316, 29, 909, 1, NULL, NULL),
(317, 216, 910, 1, NULL, NULL),
(318, 185, 912, 2, NULL, NULL),
(319, 204, 913, 1, NULL, NULL),
(320, 221, 914, 1, NULL, NULL),
(321, 213, 915, 1, NULL, NULL),
(322, 218, 916, 1, NULL, NULL),
(323, 29, 917, 1, NULL, NULL),
(324, 219, 918, 1, NULL, NULL),
(325, 222, 919, 1, NULL, NULL),
(326, 217, 920, 1, NULL, NULL),
(327, 221, 921, 1, NULL, NULL),
(329, 213, 922, 1, NULL, NULL),
(330, 218, 923, 1, NULL, NULL),
(331, 219, 924, 1, NULL, NULL),
(332, 28, 925, 1, NULL, NULL),
(333, 215, 926, 1, NULL, NULL),
(334, 222, 927, 1, NULL, NULL),
(335, 221, 928, 1, NULL, NULL),
(336, 213, 929, 1, NULL, NULL),
(337, 218, 930, 1, NULL, NULL),
(338, 219, 931, 1, NULL, NULL),
(339, 28, 932, 1, NULL, NULL),
(340, 215, 933, 1, NULL, NULL),
(341, 222, 934, 1, NULL, NULL),
(342, 213, 935, 1, NULL, NULL),
(343, 218, 936, 1, NULL, NULL),
(344, 214, 937, 1, NULL, NULL),
(345, 219, 938, 1, NULL, NULL),
(346, 220, 939, 1, NULL, NULL),
(347, 215, 940, 1, NULL, NULL),
(348, 222, 941, 1, NULL, NULL),
(349, 213, 942, 1, NULL, NULL),
(350, 218, 943, 1, NULL, NULL),
(351, 214, 944, 1, NULL, NULL),
(352, 219, 945, 1, NULL, NULL),
(353, 220, 946, 1, NULL, NULL),
(354, 215, 947, 1, NULL, NULL),
(355, 222, 948, 1, NULL, NULL),
(356, 218, 949, 1, NULL, NULL),
(357, 213, 950, 1, NULL, NULL),
(358, 215, 951, 1, NULL, NULL),
(359, 222, 952, 1, NULL, NULL),
(360, 213, 953, 1, NULL, NULL),
(361, 218, 954, 1, NULL, NULL),
(362, 215, 955, 1, NULL, NULL),
(363, 222, 956, 1, NULL, NULL),
(364, 209, 959, 1, NULL, NULL),
(365, 204, 961, 1, NULL, NULL),
(366, 219, 963, 1, NULL, NULL),
(367, 220, 964, 1, NULL, NULL),
(368, 218, 965, 1, NULL, NULL),
(369, 199, 966, 1, NULL, NULL),
(370, 197, 969, 1, NULL, NULL),
(371, 199, 978, 1, NULL, NULL),
(372, 212, 982, 1, NULL, NULL),
(373, 199, 983, 1, NULL, NULL),
(374, 185, 990, 1, NULL, NULL),
(375, 192, 1016, 1, NULL, NULL),
(376, 83, 1017, 1, NULL, NULL),
(377, 199, 1018, 1, NULL, NULL),
(378, 192, 1022, 1, NULL, NULL),
(379, 199, 1028, 1, NULL, NULL),
(380, 243, 1046, 1, NULL, NULL),
(381, 243, 1047, 1, NULL, NULL),
(382, 243, 1048, 1, NULL, NULL),
(383, 243, 1049, 1, NULL, NULL),
(384, 245, 1050, 1, NULL, NULL),
(385, 245, 1051, 1, NULL, NULL),
(386, 246, 1052, 1, NULL, NULL),
(387, 247, 1052, 1, NULL, NULL),
(388, 237, 1061, 1, NULL, NULL),
(389, 238, 1062, 1, NULL, NULL),
(390, 236, 1063, 1, NULL, NULL),
(391, 232, 1065, 1, NULL, NULL),
(392, 235, 1066, 1, NULL, NULL),
(393, 234, 1067, 4, NULL, NULL),
(394, 233, 1067, 1, NULL, NULL),
(395, 245, 1068, 1, NULL, NULL),
(396, 244, 1069, 1, NULL, NULL),
(397, 204, 1071, 1, NULL, NULL),
(398, 209, 1074, 1, NULL, NULL),
(399, 66, 1075, 1, NULL, NULL),
(400, 185, 1076, 1, NULL, NULL),
(401, 244, 1077, 1, NULL, NULL),
(402, 245, 1078, 1, NULL, NULL),
(403, 166, 1079, 1, NULL, NULL),
(404, 166, 1082, 1, NULL, NULL),
(405, 20, 1083, 1, NULL, NULL),
(406, 41, 1084, 1, NULL, NULL),
(407, 212, 1085, 1, NULL, NULL),
(408, 245, 1087, 1, NULL, NULL),
(409, 42, 1089, 1, NULL, NULL),
(410, 244, 1090, 1, NULL, NULL),
(411, 20, 1091, 1, NULL, NULL),
(412, 168, 1094, 1, NULL, NULL),
(413, 220, 1095, 1, NULL, NULL),
(414, 216, 1096, 1, NULL, NULL),
(415, 142, 1100, 1, NULL, NULL),
(416, 176, 1101, 2, NULL, NULL),
(417, 230, 1102, 1, NULL, NULL),
(418, 185, 1104, 1, NULL, NULL),
(419, 231, 1108, 1, NULL, NULL),
(420, 185, 1109, 1, NULL, NULL),
(421, 176, 1110, 1, NULL, NULL),
(422, 176, 1111, 1, NULL, NULL),
(423, 176, 1112, 1, NULL, NULL),
(424, 176, 1113, 1, NULL, NULL),
(425, 177, 1114, 1, NULL, NULL),
(428, 192, 1123, 1, NULL, NULL),
(429, 32, 1124, 1, NULL, NULL),
(430, 36, 1125, 1, NULL, NULL),
(431, 193, 1128, 2, NULL, NULL),
(432, 10, 1129, 1, NULL, NULL),
(434, 231, 1130, 1, NULL, NULL),
(435, 248, 1131, 1, NULL, NULL),
(436, 245, 1137, 1, NULL, NULL),
(437, 244, 1139, 1, NULL, NULL),
(438, 244, 1142, 1, NULL, NULL),
(439, 244, 1145, 1, NULL, NULL),
(441, 245, 1153, 1, NULL, NULL);

-- --------------------------------------------------------

--
-- Table structure for table `migrations`
--

CREATE TABLE `migrations` (
  `id` int(10) UNSIGNED NOT NULL,
  `migration` varchar(191) COLLATE utf8mb4_unicode_ci NOT NULL,
  `batch` int(11) NOT NULL
) ENGINE=InnoDB DEFAULT CHARSET=utf8mb4 COLLATE=utf8mb4_unicode_ci;

--
-- Dumping data for table `migrations`
--

INSERT INTO `migrations` (`id`, `migration`, `batch`) VALUES
(1, '2014_10_12_000000_create_users_table', 1),
(2, '2014_10_12_100000_create_password_resets_table', 1),
(3, '2017_12_09_065419_create_barangs_table', 1),
(4, '2017_12_09_065439_create_expires_table', 1),
(5, '2017_12_09_065453_create_dokters_table', 1),
(6, '2017_12_09_070339_create_pemakaians_table', 1),
(7, '2017_12_09_070412_create_suppliers_table', 1),
(8, '2017_12_09_070425_create_pembelians_table', 1),
(9, '2017_12_09_070730_create_barang_pembelian_table', 1),
(10, '2017_12_09_071317_foreign_pembelians_table', 1),
(11, '2017_12_09_071701_foreign_pemakaians_table', 1),
(12, '2017_12_09_080945_create_categories_table', 1),
(13, '2017_12_10_042531_create_penyimpanans_table', 1),
(14, '2017_12_10_133237_foreign_expire_table', 1),
(15, '2018_07_16_070857_create_expire_pemakaian_table', 1),
(16, '2018_07_17_030535_create_bulans_table', 1),
(17, '2018_07_17_030643_create_bulan_barang_table', 1),
(18, '2018_12_09_081030_foreign_barangs_table', 1);

-- --------------------------------------------------------

--
-- Table structure for table `password_resets`
--

CREATE TABLE `password_resets` (
  `email` varchar(191) COLLATE utf8mb4_unicode_ci NOT NULL,
  `token` varchar(191) COLLATE utf8mb4_unicode_ci NOT NULL,
  `created_at` timestamp NULL DEFAULT NULL
) ENGINE=InnoDB DEFAULT CHARSET=utf8mb4 COLLATE=utf8mb4_unicode_ci;

-- --------------------------------------------------------

--
-- Table structure for table `pemakaians`
--

CREATE TABLE `pemakaians` (
  `id` int(10) UNSIGNED NOT NULL,
  `tanggal` date NOT NULL,
  `jumlah` int(11) NOT NULL,
  `created_at` timestamp NULL DEFAULT NULL,
  `updated_at` timestamp NULL DEFAULT NULL,
  `dokter_id` int(10) UNSIGNED NOT NULL,
  `barang_id` int(10) UNSIGNED NOT NULL
) ENGINE=InnoDB DEFAULT CHARSET=utf8mb4 COLLATE=utf8mb4_unicode_ci;

--
-- Dumping data for table `pemakaians`
--

INSERT INTO `pemakaians` (`id`, `tanggal`, `jumlah`, `created_at`, `updated_at`, `dokter_id`, `barang_id`) VALUES
(6, '2018-07-21', 1, '2018-07-20 21:04:34', '2018-07-20 21:04:34', 17, 61),
(7, '2018-07-19', 1, '2018-07-22 19:42:49', '2018-07-22 19:42:49', 17, 20),
(8, '2018-07-25', 1, '2018-07-24 21:23:19', '2018-07-24 21:23:19', 1, 336),
(9, '2018-07-25', 1, '2018-07-24 21:24:44', '2018-07-24 21:24:44', 18, 325),
(10, '2018-07-25', 1, '2018-07-24 21:25:54', '2018-07-24 21:25:54', 16, 330),
(11, '2018-07-25', 1, '2018-07-24 21:26:30', '2018-07-24 21:26:30', 16, 331),
(12, '2018-07-03', 1, '2018-07-27 19:08:32', '2018-07-27 19:08:32', 2, 259),
(14, '2018-07-07', 1, '2018-07-27 19:13:42', '2018-07-27 19:13:42', 13, 250),
(15, '2018-07-07', 1, '2018-07-27 19:15:11', '2018-07-27 19:15:11', 14, 93),
(16, '2018-07-14', 2, '2018-07-27 19:16:10', '2018-07-27 19:16:10', 2, 260),
(17, '2018-07-16', 1, '2018-07-27 19:17:04', '2018-07-27 19:17:04', 2, 261),
(18, '2018-07-16', 1, '2018-07-27 19:17:33', '2018-07-27 19:17:33', 2, 259),
(19, '2018-07-18', 1, '2018-07-27 19:19:36', '2018-07-27 19:19:36', 14, 93),
(20, '2018-07-18', 1, '2018-07-27 20:45:43', '2018-07-27 20:45:43', 2, 273),
(21, '2018-07-18', 1, '2018-07-27 20:46:14', '2018-07-27 20:46:14', 2, 280),
(22, '2018-07-19', 2, '2018-07-27 20:47:55', '2018-07-27 20:47:55', 13, 94),
(23, '2018-07-25', 1, '2018-07-27 20:49:12', '2018-07-27 20:49:12', 2, 84),
(24, '2018-07-26', 1, '2018-07-27 20:50:06', '2018-07-27 20:50:06', 10, 313),
(25, '2018-07-27', 1, '2018-07-27 20:52:45', '2018-07-27 20:52:45', 2, 256),
(26, '2018-07-28', 1, '2018-07-27 20:54:30', '2018-07-27 20:54:30', 14, 1),
(27, '2018-07-21', 1, '2018-08-01 17:28:59', '2018-08-01 17:28:59', 9, 84),
(28, '2018-07-21', 1, '2018-08-01 17:29:29', '2018-08-01 17:29:29', 9, 11),
(29, '2018-07-21', 1, '2018-08-01 17:30:03', '2018-08-01 17:30:03', 9, 313),
(30, '2018-07-21', 1, '2018-08-01 17:31:05', '2018-08-01 17:31:05', 9, 319),
(31, '2018-07-29', 1, '2018-08-01 18:04:15', '2018-08-01 18:04:15', 14, 84),
(32, '2018-07-29', 1, '2018-08-01 18:04:55', '2018-08-01 18:04:55', 14, 111),
(33, '2018-07-29', 1, '2018-08-01 18:07:59', '2018-08-01 18:07:59', 14, 85),
(34, '2018-07-19', 1, '2018-08-01 18:58:27', '2018-08-01 19:02:17', 10, 320),
(35, '2018-07-19', 1, '2018-08-01 19:06:46', '2018-08-01 19:06:46', 10, 84),
(36, '2018-07-30', 1, '2018-08-01 19:15:00', '2018-08-01 19:15:00', 13, 57),
(37, '2018-07-31', 1, '2018-08-08 00:37:10', '2018-08-08 00:37:10', 2, 125),
(38, '2018-07-31', 1, '2018-08-08 00:37:44', '2018-08-08 00:37:44', 2, 115),
(39, '2018-07-05', 1, '2018-08-08 02:17:19', '2018-08-08 02:17:19', 11, 84),
(40, '2018-05-07', 1, '2018-08-08 02:18:33', '2018-08-08 02:18:33', 11, 319),
(41, '2018-07-05', 1, '2018-08-08 02:19:32', '2018-08-08 02:19:32', 11, 11),
(42, '2018-07-05', 1, '2018-08-08 02:21:23', '2018-08-08 02:21:23', 14, 84),
(43, '2018-07-05', 1, '2018-08-08 02:22:24', '2018-08-08 02:22:24', 14, 11),
(44, '2018-07-05', 1, '2018-08-08 02:23:17', '2018-08-08 02:23:17', 14, 319),
(45, '2018-07-12', 1, '2018-08-08 02:31:13', '2018-08-08 02:31:13', 13, 133),
(46, '2018-07-12', 1, '2018-08-08 03:10:27', '2018-08-08 03:10:27', 13, 298),
(47, '2018-07-12', 1, '2018-08-08 03:13:47', '2018-08-08 03:13:47', 13, 253),
(48, '2018-07-12', 1, '2018-08-08 03:15:53', '2018-08-08 03:15:53', 13, 319),
(49, '2018-07-14', 1, '2018-08-08 03:21:29', '2018-08-08 03:21:29', 15, 313),
(50, '2018-07-14', 1, '2018-08-08 03:22:21', '2018-08-08 03:22:21', 15, 11),
(51, '2018-07-14', 1, '2018-08-08 03:24:37', '2018-08-08 03:24:37', 15, 84),
(52, '2018-07-14', 1, '2018-08-08 03:25:28', '2018-08-08 03:25:28', 15, 320),
(53, '2018-07-31', 1, '2018-08-08 03:33:24', '2018-08-08 03:33:24', 14, 57),
(54, '2018-07-31', 1, '2018-08-08 03:34:43', '2018-08-08 03:34:43', 14, 54),
(55, '2018-08-10', 1, '2018-08-10 03:20:25', '2018-08-10 03:20:25', 2, 255),
(56, '2018-08-11', 20, '2018-08-11 06:12:41', '2018-08-11 06:12:41', 14, 391),
(57, '2018-08-11', 1, '2018-08-11 06:13:28', '2018-08-11 06:13:28', 13, 316),
(58, '2018-07-31', 2, '2018-08-13 02:43:30', '2018-08-13 02:43:30', 13, 22),
(59, '2018-08-01', 1, '2018-08-13 02:44:37', '2018-08-13 02:44:37', 17, 20),
(60, '2018-08-07', 1, '2018-08-13 02:45:15', '2018-08-13 02:45:15', 6, 424),
(61, '2018-08-07', 1, '2018-08-13 02:45:59', '2018-08-13 02:45:59', 6, 148),
(62, '2018-08-07', 1, '2018-08-13 02:46:29', '2018-08-13 02:46:29', 6, 149),
(63, '2018-08-07', 2, '2018-08-13 02:47:15', '2018-08-13 02:47:15', 13, 94),
(64, '2018-08-14', 1, '2018-08-14 06:22:45', '2018-08-14 06:22:45', 14, 1),
(65, '2018-08-14', 1, '2018-08-14 06:23:21', '2018-08-14 06:23:21', 13, 270),
(66, '2018-08-15', 2, '2018-08-15 03:17:59', '2018-08-15 03:17:59', 13, 95),
(67, '2018-08-15', 1, '2018-08-15 03:18:31', '2018-08-15 03:18:31', 13, 254),
(68, '2018-08-14', 1, '2018-08-16 04:26:07', '2018-08-16 04:26:07', 14, 84),
(69, '2018-08-14', 1, '2018-08-16 04:26:58', '2018-08-16 04:26:58', 14, 11),
(70, '2018-08-14', 1, '2018-08-16 04:28:33', '2018-08-16 04:28:33', 14, 112),
(71, '2018-08-14', 1, '2018-08-16 04:29:27', '2018-08-16 04:29:27', 14, 111),
(72, '2018-08-14', 1, '2018-08-16 04:32:05', '2018-08-16 04:32:05', 14, 320),
(73, '2018-08-14', 1, '2018-08-16 04:34:15', '2018-08-16 04:34:15', 14, 313),
(74, '2018-08-14', 1, '2018-08-16 04:35:10', '2018-08-16 04:35:10', 14, 148),
(75, '2018-08-14', 1, '2018-08-16 04:36:02', '2018-08-16 04:36:02', 14, 149),
(76, '2018-08-14', 1, '2018-08-16 04:36:46', '2018-08-16 04:36:46', 14, 150),
(77, '2018-08-14', 1, '2018-08-16 04:37:45', '2018-08-16 04:37:45', 14, 151),
(78, '2018-08-14', 1, '2018-08-16 04:38:53', '2018-08-16 04:38:53', 14, 136),
(79, '2018-08-14', 1, '2018-08-16 04:39:57', '2018-08-16 04:39:57', 11, 84),
(80, '2018-08-14', 1, '2018-08-16 04:43:04', '2018-08-16 04:43:04', 11, 313),
(81, '2018-08-14', 1, '2018-08-16 04:43:59', '2018-08-16 04:43:59', 11, 11),
(82, '2018-08-14', 1, '2018-08-16 04:44:45', '2018-08-16 04:44:45', 11, 112),
(83, '2018-08-14', 1, '2018-08-16 04:45:20', '2018-08-16 04:45:20', 11, 111),
(84, '2018-08-14', 1, '2018-08-16 04:48:42', '2018-08-16 04:48:42', 5, 133),
(85, '2018-08-11', 1, '2018-08-16 04:49:53', '2018-08-16 04:49:53', 5, 190),
(86, '2018-08-11', 1, '2018-08-16 04:56:24', '2018-08-16 04:56:24', 5, 195),
(87, '2018-08-11', 1, '2018-08-16 04:57:57', '2018-08-16 04:57:57', 5, 191),
(88, '2018-08-11', 1, '2018-08-16 04:58:35', '2018-08-16 04:58:35', 5, 196),
(89, '2018-07-19', 1, '2018-08-16 05:30:37', '2018-08-16 05:30:37', 10, 111),
(90, '2018-08-14', 1, '2018-08-16 05:32:23', '2018-08-16 05:32:23', 11, 12),
(91, '2018-08-20', 100, '2018-08-20 02:56:38', '2018-08-20 02:56:38', 16, 62),
(92, '2018-08-23', 2, '2018-08-23 00:26:49', '2018-08-23 00:26:49', 13, 94),
(93, '2018-08-23', 1, '2018-08-23 00:28:04', '2018-08-23 00:28:04', 13, 109),
(94, '2018-08-21', 1, '2018-08-24 17:47:15', '2018-08-24 17:47:15', 13, 11),
(95, '2018-08-21', 1, '2018-08-24 17:47:50', '2018-08-24 17:47:50', 13, 476),
(96, '2018-08-21', 1, '2018-08-24 17:48:27', '2018-08-24 17:48:27', 13, 147),
(97, '2018-08-21', 1, '2018-08-24 17:49:00', '2018-08-24 17:49:00', 13, 127),
(98, '2018-08-21', 1, '2018-08-24 17:49:41', '2018-08-24 17:49:41', 13, 42),
(99, '2018-08-21', 1, '2018-08-24 17:50:25', '2018-08-24 17:50:25', 13, 377),
(100, '2018-08-21', 1, '2018-08-24 17:51:14', '2018-08-24 17:51:14', 2, 384),
(101, '2018-08-21', 1, '2018-08-24 17:51:51', '2018-08-24 17:51:51', 13, 329),
(102, '2018-08-21', 1, '2018-08-24 17:54:13', '2018-08-24 17:54:13', 2, 253),
(103, '2018-08-21', 1, '2018-08-24 17:54:43', '2018-08-24 17:54:43', 2, 255),
(104, '2018-08-21', 1, '2018-08-24 17:55:58', '2018-08-24 17:55:58', 16, 317),
(105, '2018-08-21', 1, '2018-08-24 17:56:44', '2018-08-24 17:56:44', 16, 66),
(106, '2018-08-21', 1, '2018-08-24 17:57:33', '2018-08-24 17:57:33', 16, 61),
(107, '2018-08-21', 1, '2018-08-24 17:58:08', '2018-08-24 17:58:08', 16, 105),
(108, '2018-08-21', 1, '2018-08-24 17:59:42', '2018-08-24 17:59:42', 7, 190),
(109, '2018-08-21', 1, '2018-08-24 18:00:02', '2018-08-24 18:00:02', 7, 191),
(110, '2018-08-21', 1, '2018-08-24 18:00:34', '2018-08-24 18:00:34', 7, 195),
(111, '2018-08-21', 1, '2018-08-24 18:01:02', '2018-08-24 18:01:02', 7, 198),
(112, '2018-08-21', 1, '2018-08-24 18:01:25', '2018-08-24 18:01:25', 7, 201),
(113, '2018-08-24', 1, '2018-08-29 17:47:58', '2018-08-29 17:47:58', 10, 516),
(114, '2018-08-25', 1, '2018-08-29 17:50:50', '2018-08-29 17:50:50', 14, 85),
(115, '2018-08-25', 1, '2018-08-29 17:51:36', '2018-08-29 17:51:36', 9, 503),
(116, '2018-08-25', 1, '2018-08-29 17:53:10', '2018-08-29 17:53:10', 9, 525),
(117, '2018-08-25', 1, '2018-08-29 17:53:56', '2018-08-29 17:53:56', 9, 11),
(118, '2018-08-25', 1, '2018-09-04 01:41:44', '2018-09-04 01:41:44', 9, 84),
(119, '2018-08-27', 1, '2018-09-04 02:21:51', '2018-09-04 02:21:51', 14, 93),
(120, '2018-08-28', 1, '2018-09-04 02:22:30', '2018-09-04 02:22:30', 13, 431),
(121, '2018-08-30', 2, '2018-09-04 02:23:13', '2018-09-04 02:23:13', 13, 94),
(122, '2018-08-03', 1, '2018-09-04 02:25:11', '2018-09-04 02:25:11', 13, 275),
(123, '2018-08-25', 1, '2018-09-12 00:47:14', '2018-09-12 00:47:14', 14, 227),
(124, '2018-08-25', 1, '2018-09-12 00:47:44', '2018-09-12 00:47:44', 14, 228),
(126, '2018-08-25', 1, '2018-09-12 00:55:38', '2018-09-12 00:56:23', 14, 225),
(127, '2018-08-25', 1, '2018-09-12 01:00:57', '2018-09-12 01:00:57', 14, 226),
(128, '2018-09-10', 1, '2018-09-12 01:04:59', '2018-09-12 01:04:59', 14, 334),
(129, '2018-09-10', 1, '2018-09-12 01:05:42', '2018-09-12 01:05:42', 14, 525),
(130, '2018-09-10', 1, '2018-09-12 01:06:58', '2018-09-12 01:06:58', 14, 57),
(131, '2018-09-10', 1, '2018-09-12 01:07:37', '2018-09-12 01:07:37', 14, 54),
(132, '2018-09-10', 1, '2018-09-12 01:08:38', '2018-09-12 01:08:38', 14, 370),
(133, '2018-09-03', 1, '2018-09-12 01:11:44', '2018-09-12 01:11:44', 13, 239),
(134, '2018-09-03', 1, '2018-09-12 01:13:39', '2018-09-12 01:13:39', 11, 525),
(135, '2018-09-03', 1, '2018-09-12 01:26:19', '2018-09-12 01:26:19', 13, 84),
(137, '2018-09-03', 1, '2018-09-12 01:39:01', '2018-09-12 01:39:01', 13, 320),
(138, '2018-09-03', 1, '2018-09-12 01:46:12', '2018-09-12 01:46:12', 13, 508),
(139, '2018-09-03', 1, '2018-09-12 01:47:25', '2018-09-12 01:47:25', 13, 190),
(140, '2018-09-03', 1, '2018-09-12 01:48:01', '2018-09-12 01:48:01', 13, 195),
(141, '2018-09-03', 1, '2018-09-12 01:48:43', '2018-09-12 01:48:43', 13, 198),
(142, '2018-09-03', 1, '2018-09-12 01:50:32', '2018-09-12 01:50:32', 13, 201),
(143, '2018-09-03', 1, '2018-09-12 01:51:10', '2018-09-12 01:51:10', 13, 196),
(144, '2018-09-03', 1, '2018-09-12 01:51:42', '2018-09-12 01:51:42', 13, 199),
(145, '2018-09-03', 1, '2018-09-12 01:52:17', '2018-09-12 01:52:17', 13, 202),
(146, '2018-09-03', 1, '2018-09-12 01:53:53', '2018-09-12 01:53:53', 13, 525),
(147, '2018-09-03', 1, '2018-09-12 01:54:59', '2018-09-12 01:54:59', 13, 254),
(148, '2018-09-04', 1, '2018-09-12 02:04:56', '2018-09-12 02:04:56', 3, 309),
(149, '2018-09-04', 1, '2018-09-12 02:05:32', '2018-09-12 02:05:32', 3, 298),
(150, '2018-09-04', 1, '2018-09-12 02:06:15', '2018-09-12 02:06:15', 10, 503),
(151, '2018-08-21', 12, '2018-09-26 18:42:12', '2018-09-26 18:42:12', 14, 544),
(152, '2018-08-21', 12, '2018-09-26 18:42:49', '2018-09-26 18:42:49', 14, 545),
(153, '2018-09-26', 1, '2018-10-03 02:26:12', '2018-11-15 17:15:36', 13, 36),
(154, '2018-09-26', 1, '2018-10-03 02:28:01', '2018-10-03 02:28:01', 13, 256),
(155, '2018-09-26', 1, '2018-10-03 02:28:51', '2018-10-03 02:28:51', 13, 266),
(156, '2018-09-26', 5, '2018-10-03 02:30:17', '2018-10-03 02:30:17', 13, 396),
(157, '2018-09-26', 5, '2018-10-03 02:30:54', '2018-10-03 02:30:54', 13, 398),
(158, '2018-09-26', 5, '2018-10-03 02:31:24', '2018-10-03 02:31:24', 13, 393),
(159, '2018-09-26', 1, '2018-10-03 02:32:14', '2018-10-03 02:32:14', 13, 503),
(160, '2018-09-26', 1, '2018-10-03 02:33:11', '2018-10-03 02:33:11', 13, 526),
(161, '2018-09-26', 1, '2018-10-03 02:35:17', '2018-10-03 02:35:17', 13, 432),
(162, '2018-09-26', 1, '2018-10-03 02:38:45', '2018-10-03 02:38:45', 13, 527),
(163, '2018-09-12', 1, '2018-10-03 02:39:38', '2018-10-03 02:39:38', 15, 84),
(164, '2018-09-12', 1, '2018-10-03 02:41:42', '2018-10-03 02:41:42', 4, 139),
(165, '2018-09-12', 1, '2018-10-03 02:42:16', '2018-10-03 02:42:16', 4, 140),
(166, '2018-09-03', 1, '2018-10-03 03:11:25', '2018-10-03 03:11:25', 11, 525),
(167, '2018-10-09', 3, '2018-10-09 02:42:09', '2018-10-09 02:42:09', 14, 551),
(168, '2018-09-27', 2, '2018-10-09 03:27:26', '2018-10-11 04:52:59', 13, 89),
(169, '2018-10-09', 4, '2018-10-09 03:28:04', '2018-10-09 03:28:04', 13, 94),
(170, '2018-09-19', 1, '2018-10-11 04:45:04', '2018-10-11 04:45:04', 10, 552),
(171, '2018-09-19', 1, '2018-10-11 04:45:38', '2018-10-11 04:45:38', 11, 552),
(172, '2018-09-19', 1, '2018-10-11 04:46:24', '2018-10-11 04:46:24', 13, 552),
(173, '2018-09-19', 1, '2018-10-11 04:47:05', '2018-10-11 04:47:05', 15, 552),
(174, '2018-09-19', 1, '2018-10-11 04:50:58', '2018-10-11 04:50:58', 5, 139),
(175, '2018-09-19', 1, '2018-10-11 04:56:19', '2018-10-11 04:56:19', 2, 252),
(176, '2018-09-25', 1, '2018-10-11 05:16:55', '2018-10-11 05:16:55', 13, 546),
(177, '2018-09-25', 1, '2018-10-11 05:19:56', '2018-10-11 05:19:56', 14, 93),
(178, '2018-10-11', 1, '2018-10-11 05:21:25', '2018-10-11 05:21:25', 14, 93),
(179, '2018-09-28', 1, '2018-10-11 05:22:43', '2018-10-11 05:22:43', 13, 28),
(180, '2018-09-29', 1, '2018-10-11 05:24:01', '2018-10-11 05:24:01', 13, 260),
(181, '2018-10-01', 1, '2018-10-11 05:26:01', '2018-10-11 05:26:01', 11, 320),
(182, '2018-10-01', 1, '2018-10-11 05:27:07', '2018-10-11 05:27:07', 11, 313),
(183, '2018-10-01', 1, '2018-10-11 05:28:05', '2018-10-11 05:28:05', 11, 112),
(184, '2018-10-01', 1, '2018-10-11 05:28:56', '2018-10-11 05:28:56', 11, 84),
(185, '2018-10-01', 1, '2018-10-11 05:29:35', '2018-10-11 05:29:35', 11, 322),
(186, '2018-10-01', 1, '2018-10-11 05:32:56', '2018-10-11 05:32:56', 11, 334),
(187, '2018-10-01', 1, '2018-10-11 05:37:21', '2018-10-11 05:37:21', 9, 84),
(188, '2018-10-10', 1, '2018-10-11 05:37:55', '2018-10-11 05:37:55', 9, 11),
(189, '2018-10-10', 1, '2018-10-11 05:38:24', '2018-10-11 05:38:24', 9, 313),
(190, '2018-10-10', 1, '2018-10-11 05:38:58', '2018-10-11 05:38:58', 9, 112),
(191, '2018-10-10', 1, '2018-10-11 05:39:29', '2018-10-11 05:39:29', 9, 111),
(192, '2018-10-01', 5, '2018-10-24 19:55:45', '2018-10-24 19:55:45', 2, 543),
(193, '2018-10-01', 5, '2018-10-24 19:56:44', '2018-10-24 19:56:44', 3, 543),
(194, '2018-10-01', 5, '2018-10-24 19:57:14', '2018-10-24 19:57:14', 4, 543),
(195, '2018-10-01', 5, '2018-10-24 19:57:49', '2018-10-24 19:57:49', 5, 543),
(196, '2018-10-01', 5, '2018-10-24 19:59:08', '2018-10-24 19:59:08', 6, 543),
(197, '2018-10-01', 1, '2018-10-24 19:59:57', '2018-10-24 19:59:57', 14, 71),
(198, '2018-10-11', 1, '2018-10-24 20:00:40', '2018-10-24 20:03:16', 4, 298),
(199, '2018-10-11', 1, '2018-10-24 20:01:22', '2018-10-24 20:04:17', 10, 11),
(200, '2018-10-11', 1, '2018-10-24 20:01:58', '2018-10-24 20:04:44', 13, 11),
(201, '2018-10-11', 1, '2018-10-24 20:02:28', '2018-10-24 20:05:12', 14, 11),
(202, '2018-10-11', 1, '2018-10-24 20:05:44', '2018-10-24 20:05:44', 15, 11),
(203, '2018-10-01', 4, '2018-10-24 20:38:27', '2018-10-24 20:38:27', 17, 20),
(204, '2018-10-24', 1, '2018-10-24 20:52:02', '2018-10-24 20:52:02', 17, 20),
(205, '2018-10-02', 10, '2018-10-24 21:13:42', '2018-10-24 21:13:42', 13, 18),
(206, '2018-10-19', 6, '2018-10-24 21:16:58', '2018-10-24 21:16:58', 13, 18),
(207, '2018-10-19', 1, '2018-10-24 21:17:37', '2018-10-24 21:17:37', 14, 343),
(208, '2018-10-24', 2, '2018-10-24 21:21:38', '2018-10-24 21:21:38', 13, 94),
(209, '2018-10-27', 10, '2018-10-29 18:29:57', '2018-10-29 18:29:57', 2, 289),
(210, '2018-10-27', 10, '2018-10-29 18:30:26', '2018-10-29 18:30:26', 2, 291),
(211, '2018-10-27', 10, '2018-10-29 18:30:56', '2018-10-29 18:30:56', 2, 293),
(212, '2018-10-27', 10, '2018-10-29 18:31:29', '2018-10-29 18:31:29', 2, 295),
(213, '2018-10-27', 1, '2018-10-29 18:32:41', '2018-10-29 18:32:41', 1, 50),
(214, '2018-10-30', 1, '2018-10-29 18:33:36', '2018-10-29 18:33:36', 13, 260),
(215, '2018-10-30', 1, '2018-10-29 18:34:12', '2018-10-29 18:34:12', 13, 261),
(216, '2018-10-30', 3, '2018-11-12 01:02:29', '2018-11-12 01:11:12', 7, 327),
(217, '2018-10-31', 2, '2018-11-12 01:03:08', '2018-11-12 01:03:08', 13, 94),
(218, '2018-10-12', 1, '2018-11-12 01:06:25', '2018-11-12 01:06:25', 5, 380),
(219, '2018-10-12', 1, '2018-11-12 01:07:06', '2018-11-12 01:07:06', 5, 309),
(220, '2018-10-12', 3, '2018-11-12 01:09:29', '2018-11-12 01:09:29', 5, 326),
(221, '2018-10-12', 3, '2018-11-12 01:10:23', '2018-11-12 01:10:23', 5, 327),
(222, '2018-10-16', 1, '2018-11-12 01:16:08', '2018-11-12 01:16:08', 14, 85),
(223, '2018-10-16', 1, '2018-11-12 01:17:16', '2018-11-12 01:17:16', 14, 503),
(224, '2018-10-18', 1, '2018-11-12 01:19:03', '2018-11-12 01:19:03', 13, 85),
(225, '2018-10-18', 7, '2018-11-12 01:20:58', '2018-11-12 01:20:58', 13, 52),
(226, '2018-10-18', 1, '2018-11-12 01:21:45', '2018-11-12 01:21:45', 13, 84),
(227, '2018-10-18', 1, '2018-11-12 01:22:36', '2018-11-12 01:22:36', 13, 548),
(228, '2018-10-18', 1, '2018-11-12 01:23:13', '2018-11-12 01:23:13', 2, 516),
(229, '2018-10-25', 1, '2018-11-12 01:24:26', '2018-11-12 01:24:26', 1, 319),
(230, '2018-10-30', 1, '2018-11-12 01:28:16', '2018-11-12 01:28:16', 13, 319),
(231, '2018-10-30', 1, '2018-11-12 01:35:48', '2018-11-12 01:35:48', 13, 321),
(232, '2018-10-30', 3, '2018-11-12 01:38:12', '2018-11-12 01:38:12', 2, 326),
(233, '2018-10-30', 3, '2018-11-12 01:40:42', '2018-11-12 01:40:42', 13, 327),
(234, '2018-10-30', 1, '2018-11-12 01:42:53', '2018-11-12 01:42:53', 2, 256),
(235, '2018-10-30', 1, '2018-11-12 01:43:49', '2018-11-12 01:43:49', 2, 255),
(236, '2018-10-30', 1, '2018-11-12 01:45:31', '2018-11-12 01:45:31', 2, 252),
(237, '2018-10-30', 10, '2018-11-12 01:47:05', '2018-11-12 01:47:05', 2, 286),
(238, '2018-11-07', 1, '2018-11-12 01:48:20', '2018-11-12 01:48:20', 4, 319),
(239, '2018-11-07', 1, '2018-11-12 01:49:10', '2018-11-12 01:49:10', 4, 84),
(240, '2018-11-07', 1, '2018-11-12 01:50:11', '2018-11-12 01:50:11', 4, 111),
(241, '2018-11-08', 1, '2018-11-12 01:51:16', '2018-11-12 01:51:16', 3, 516),
(242, '2018-11-08', 1, '2018-11-12 01:53:04', '2018-11-12 01:53:04', 3, 111),
(243, '2018-11-08', 1, '2018-11-12 01:53:45', '2018-11-12 01:53:45', 3, 84),
(244, '2018-11-08', 1, '2018-11-12 01:55:50', '2018-11-12 01:55:50', 3, 320),
(245, '2018-11-08', 1, '2018-11-12 01:56:45', '2018-11-12 01:56:45', 3, 321),
(246, '2018-11-08', 1, '2018-11-12 02:00:22', '2018-11-12 02:00:22', 3, 334),
(247, '2018-11-08', 1, '2018-11-12 02:01:43', '2018-11-12 02:01:43', 3, 313),
(248, '2018-11-08', 2, '2018-11-12 02:02:38', '2018-11-12 02:02:38', 3, 11),
(249, '2018-11-10', 1, '2018-11-12 02:04:19', '2018-11-12 02:04:19', 1, 298),
(250, '2018-11-10', 1, '2018-11-12 02:05:07', '2018-11-12 02:05:07', 14, 84),
(251, '2018-11-10', 2, '2018-11-12 02:06:15', '2018-11-12 02:06:15', 14, 11),
(252, '2018-11-10', 1, '2018-11-12 02:06:46', '2018-11-12 02:06:46', 11, 84),
(253, '2018-11-10', 1, '2018-11-12 02:07:13', '2018-11-12 02:07:13', 11, 503),
(254, '2018-11-05', 1, '2018-11-12 02:08:19', '2018-11-12 02:08:19', 7, 93),
(255, '2018-11-10', 30, '2018-11-12 02:10:31', '2018-11-12 02:10:31', 14, 391),
(256, '2018-11-14', 1, '2018-11-16 00:09:47', '2018-11-16 00:09:47', 5, 516),
(257, '2018-11-14', 5, '2018-11-16 00:10:54', '2018-11-16 00:10:54', 5, 543),
(258, '2018-11-14', 1, '2018-11-16 00:11:54', '2018-11-16 00:11:54', 5, 190),
(259, '2018-11-14', 1, '2018-11-16 00:13:28', '2018-11-16 00:13:28', 5, 191),
(260, '2018-11-14', 1, '2018-11-16 00:14:13', '2018-11-16 00:14:13', 3, 190),
(261, '2018-11-14', 1, '2018-11-16 00:14:56', '2018-11-16 00:14:56', 3, 191),
(262, '2018-11-14', 1, '2018-11-16 00:15:36', '2018-11-16 00:15:36', 5, 195),
(263, '2018-11-14', 1, '2018-11-16 00:16:16', '2018-11-16 00:16:16', 5, 196),
(264, '2018-11-07', 1, '2018-11-16 00:39:55', '2018-11-16 00:39:55', 15, 112),
(265, '2018-11-14', 1, '2018-11-16 00:40:42', '2018-11-16 00:40:42', 3, 112),
(266, '2018-11-15', 12, '2018-11-16 00:44:17', '2018-11-16 00:44:17', 13, 18),
(267, '2018-11-16', 1, '2018-11-16 00:44:53', '2018-11-16 00:44:53', 14, 516),
(268, '2018-10-20', 1, '2018-11-22 18:11:15', '2018-11-22 18:13:45', 14, 93),
(269, '2018-10-15', 1, '2018-11-22 18:19:33', '2018-11-22 18:19:33', 14, 93),
(270, '2018-11-19', 1, '2018-11-22 18:20:20', '2018-11-22 18:20:20', 14, 93),
(271, '2018-11-17', 1, '2018-11-22 18:29:38', '2018-11-22 18:29:38', 13, 253),
(272, '2018-11-17', 1, '2018-11-22 18:30:24', '2018-11-22 18:30:24', 13, 254),
(273, '2018-11-17', 2, '2018-11-22 18:31:02', '2018-11-22 18:31:02', 13, 11),
(274, '2018-11-17', 1, '2018-11-22 18:31:32', '2018-11-22 18:31:32', 13, 84),
(275, '2018-11-17', 1, '2018-11-22 18:32:04', '2018-11-22 18:32:04', 13, 525),
(276, '2018-11-17', 1, '2018-11-22 18:34:00', '2018-11-22 18:34:00', 13, 557),
(277, '2018-11-17', 1, '2018-11-22 18:35:22', '2018-11-22 18:35:22', 13, 558),
(278, '2018-11-19', 1, '2018-11-22 18:36:50', '2018-11-22 18:36:50', 14, 568),
(279, '2018-11-19', 1, '2018-11-22 18:37:25', '2018-11-22 18:37:25', 14, 571),
(280, '2018-11-19', 1, '2018-11-22 18:39:05', '2018-11-22 18:39:05', 14, 434),
(281, '2018-11-19', 1, '2018-11-22 18:39:56', '2018-11-22 18:39:56', 14, 435),
(282, '2018-11-17', 10, '2018-11-22 18:46:30', '2018-11-22 18:46:30', 13, 536),
(283, '2018-11-17', 10, '2018-11-22 18:46:57', '2018-11-22 18:46:57', 13, 537),
(284, '2018-11-17', 10, '2018-11-22 18:49:20', '2018-11-22 18:49:20', 13, 538),
(285, '2018-11-17', 10, '2018-11-22 18:50:16', '2018-11-22 18:50:16', 13, 539),
(286, '2018-11-17', 10, '2018-11-22 18:50:59', '2018-11-22 18:50:59', 13, 540),
(287, '2018-11-17', 10, '2018-11-22 18:52:55', '2018-11-22 18:52:55', 13, 541),
(288, '2018-11-22', 1, '2018-11-22 18:55:38', '2018-11-22 18:55:38', 1, 85),
(289, '2018-11-17', 2, '2018-11-22 19:02:01', '2018-11-22 19:02:01', 13, 94),
(290, '2018-11-17', 1, '2018-11-30 00:32:12', '2018-11-30 00:32:12', 13, 28),
(291, '2018-11-30', 1, '2018-11-30 02:50:31', '2018-11-30 02:50:31', 2, 574),
(292, '2018-11-30', 1, '2018-11-30 02:51:05', '2018-11-30 02:51:05', 2, 575),
(293, '2018-10-01', 1, '2018-12-12 20:27:30', '2018-12-12 20:27:30', 2, 264),
(294, '2018-12-01', 3, '2018-12-12 20:33:40', '2018-12-12 20:33:40', 2, 259),
(295, '2018-12-01', 1, '2018-12-12 20:34:15', '2018-12-12 20:34:15', 2, 261),
(296, '2018-12-01', 2, '2018-12-12 20:34:39', '2018-12-12 20:34:39', 2, 260),
(297, '2018-12-01', 10, '2018-12-12 20:49:45', '2018-12-12 20:49:45', 2, 288),
(298, '2018-12-17', 1, '2018-12-26 00:28:10', '2018-12-26 00:28:10', 14, 93),
(299, '2018-12-17', 2, '2018-12-26 00:28:58', '2018-12-26 00:28:58', 13, 94),
(300, '2018-12-20', 1, '2018-12-26 00:30:08', '2018-12-26 00:30:08', 2, 259),
(301, '2018-12-21', 1, '2018-12-26 00:35:56', '2018-12-26 00:35:56', 2, 260),
(302, '2018-12-21', 1, '2018-12-26 00:36:38', '2018-12-26 00:36:38', 2, 261),
(303, '2018-12-21', 2, '2018-12-26 00:37:31', '2018-12-26 00:37:31', 14, 58),
(304, '2018-12-24', 6, '2018-12-27 02:54:45', '2018-12-27 02:54:45', 14, 58),
(305, '2018-12-24', 21, '2018-12-27 02:56:10', '2018-12-27 02:56:10', 14, 389),
(306, '2018-12-26', 1, '2018-12-27 03:00:38', '2018-12-27 03:00:38', 14, 59),
(307, '2018-12-26', 1, '2018-12-27 03:01:18', '2018-12-27 03:01:18', 6, 298),
(308, '2018-12-26', 5, '2018-12-27 03:01:51', '2018-12-27 03:01:51', 7, 543),
(309, '2018-11-30', 1, '2018-12-27 04:15:18', '2018-12-27 04:15:18', 2, 260),
(310, '2018-11-30', 1, '2018-12-27 04:16:00', '2018-12-27 04:16:00', 2, 259),
(311, '2018-11-30', 1, '2018-12-27 04:16:44', '2018-12-27 04:16:44', 2, 263),
(313, '2018-11-30', 1, '2018-12-27 04:18:46', '2018-12-27 04:18:46', 2, 547),
(314, '2018-12-12', 1, '2018-12-29 00:36:43', '2018-12-29 00:36:43', 15, 525),
(315, '2018-12-12', 1, '2018-12-29 00:38:32', '2018-12-29 00:38:32', 4, 319),
(316, '2018-12-14', 1, '2018-12-29 00:40:14', '2018-12-29 00:40:14', 1, 309),
(317, '2018-12-14', 1, '2018-12-29 00:42:00', '2018-12-29 00:42:00', 9, 318),
(318, '2018-12-14', 1, '2018-12-29 00:42:47', '2018-12-29 00:42:47', 9, 313),
(319, '2018-12-14', 1, '2018-12-29 00:43:55', '2018-12-29 00:43:55', 9, 84),
(320, '2018-12-16', 5, '2018-12-29 00:45:03', '2018-12-29 00:45:03', 4, 543),
(321, '2018-12-16', 1, '2018-12-29 00:46:50', '2018-12-29 00:46:50', 4, 195),
(322, '2018-12-16', 1, '2018-12-29 00:47:58', '2018-12-29 00:47:58', 4, 376),
(323, '2018-12-16', 1, '2018-12-29 00:49:21', '2018-12-29 00:49:21', 4, 379),
(324, '2018-12-16', 1, '2018-12-29 00:50:30', '2018-12-29 00:50:30', 15, 84),
(325, '2018-12-16', 1, '2018-12-29 00:51:33', '2018-12-29 00:51:33', 15, 313),
(326, '2018-12-18', 5, '2018-12-29 00:54:48', '2018-12-29 00:54:48', 5, 543),
(327, '2018-12-18', 1, '2018-12-29 00:55:55', '2018-12-29 00:55:55', 5, 380),
(328, '2018-12-18', 1, '2018-12-29 00:57:03', '2018-12-29 00:57:03', 5, 190),
(329, '2018-12-18', 1, '2018-12-29 00:58:58', '2018-12-29 00:58:58', 5, 191),
(330, '2018-12-27', 1, '2018-12-29 01:02:09', '2018-12-29 01:02:09', 11, 319),
(331, '2018-12-27', 1, '2018-12-29 01:02:51', '2018-12-29 01:02:51', 11, 111),
(332, '2018-12-27', 1, '2018-12-29 01:03:33', '2018-12-29 01:03:33', 11, 112),
(333, '2018-12-27', 1, '2018-12-29 01:05:27', '2018-12-29 01:05:27', 11, 318),
(334, '2018-12-27', 1, '2018-12-29 01:06:04', '2018-12-29 01:06:04', 11, 84),
(335, '2018-12-27', 1, '2018-12-29 01:06:46', '2018-12-29 01:06:46', 11, 313),
(336, '2018-12-22', 1, '2018-12-29 01:07:54', '2018-12-29 01:07:54', 13, 319),
(337, '2018-12-22', 1, '2018-12-29 01:08:38', '2018-12-29 01:08:38', 13, 313),
(338, '2018-12-22', 1, '2018-12-29 01:09:19', '2018-12-29 01:09:19', 13, 85),
(339, '2018-12-22', 5, '2018-12-29 01:15:55', '2018-12-29 01:15:55', 13, 326),
(340, '2018-12-22', 5, '2018-12-29 01:19:05', '2018-12-29 01:19:05', 13, 327),
(341, '2018-12-22', 1, '2018-12-29 01:20:35', '2018-12-29 01:20:35', 13, 36),
(342, '2018-12-22', 1, '2018-12-29 01:21:47', '2018-12-29 01:21:47', 13, 255),
(343, '2018-12-22', 1, '2018-12-29 01:22:35', '2018-12-29 01:22:35', 13, 252),
(344, '2018-12-22', 1, '2018-12-29 01:23:08', '2018-12-29 01:23:08', 13, 266),
(346, '2018-12-31', 1, '2019-01-07 02:41:19', '2019-01-07 02:41:19', 2, 259),
(347, '2019-01-03', 1, '2019-01-07 02:46:11', '2019-01-07 02:46:11', 14, 93),
(348, '2019-01-07', 5, '2019-01-07 04:33:31', '2019-01-07 04:33:31', 7, 543),
(349, '2019-01-10', 3, '2019-01-16 18:59:01', '2019-01-16 18:59:01', 1, 227),
(350, '2019-01-10', 3, '2019-01-16 19:00:41', '2019-01-16 19:00:41', 1, 225),
(351, '2019-01-10', 1, '2019-01-17 01:58:42', '2019-01-17 01:58:42', 13, 93),
(352, '2019-01-10', 1, '2019-01-17 01:59:52', '2019-01-17 01:59:52', 13, 84),
(353, '2019-01-12', 1, '2019-01-17 02:01:39', '2019-01-17 02:01:39', 13, 270),
(354, '2019-01-14', 1, '2019-01-17 02:02:33', '2019-01-17 02:02:33', 14, 56),
(355, '2019-01-20', 1, '2019-01-24 04:29:07', '2019-01-24 04:29:07', 11, 313),
(356, '2019-01-20', 1, '2019-01-24 04:31:46', '2019-01-24 04:31:46', 11, 84),
(357, '2019-01-20', 1, '2019-01-24 04:32:55', '2019-01-24 04:32:55', 11, 319),
(358, '2019-01-10', 1, '2019-01-24 04:34:43', '2019-01-24 04:34:43', 8, 190),
(359, '2019-01-10', 1, '2019-01-24 04:35:33', '2019-01-24 04:35:33', 8, 195),
(360, '2019-01-10', 1, '2019-01-24 04:36:39', '2019-01-24 04:36:39', 8, 198),
(361, '2019-01-10', 1, '2019-01-24 04:37:45', '2019-01-24 04:37:45', 8, 191),
(362, '2019-01-10', 1, '2019-01-24 04:38:32', '2019-01-24 04:38:32', 8, 196),
(363, '2019-01-10', 1, '2019-01-24 04:39:11', '2019-01-24 04:39:11', 8, 199),
(364, '2019-01-18', 1, '2019-04-29 20:36:44', '2019-04-29 20:36:44', 13, 93),
(365, '2019-01-26', 1, '2019-04-29 20:37:22', '2019-04-29 20:37:22', 14, 93),
(366, '2019-02-01', 1, '2019-04-29 20:38:01', '2019-04-29 20:38:01', 14, 93),
(367, '2019-02-01', 2, '2019-04-29 20:38:39', '2019-04-29 20:38:39', 13, 11),
(368, '2019-02-02', 2, '2019-04-29 20:39:31', '2019-04-29 20:39:31', 13, 94),
(369, '2019-02-08', 1, '2019-04-29 20:40:27', '2019-04-29 20:40:27', 13, 28),
(370, '2019-02-09', 1, '2019-04-29 20:41:14', '2019-04-29 20:41:14', 2, 259),
(371, '2019-05-04', 12, '2019-05-06 06:05:43', '2019-05-06 06:05:43', 13, 18),
(372, '2019-02-02', 1, '2019-05-13 05:48:22', '2019-05-13 05:48:22', 6, 434),
(373, '2019-02-02', 1, '2019-05-13 05:49:46', '2019-05-13 05:49:46', 6, 435),
(374, '2018-12-02', 1, '2019-05-13 05:52:13', '2019-06-24 19:07:59', 14, 93),
(375, '2018-12-02', 1, '2019-05-13 05:55:03', '2019-06-24 19:07:31', 19, 270),
(376, '2019-02-12', 10, '2019-05-15 05:35:48', '2019-05-15 05:35:48', 13, 291),
(377, '2019-02-13', 1, '2019-05-15 05:38:10', '2019-05-15 05:38:10', 13, 255),
(378, '2019-02-13', 1, '2019-05-15 05:39:34', '2019-05-15 05:39:34', 13, 252),
(379, '2019-02-13', 1, '2019-05-15 05:41:36', '2019-05-15 05:41:36', 13, 266),
(380, '2019-02-13', 1, '2019-05-15 05:44:42', '2019-05-15 05:44:42', 14, 552),
(381, '2019-02-13', 1, '2019-05-15 05:45:51', '2019-05-15 05:45:51', 15, 552),
(382, '2019-02-14', 2, '2019-05-15 05:48:29', '2019-05-15 05:48:29', 13, 83),
(383, '2019-02-14', 1, '2019-05-15 05:50:47', '2019-05-15 05:50:47', 13, 84),
(384, '2019-02-14', 1, '2019-05-15 05:52:10', '2019-05-15 05:52:10', 13, 525),
(385, '2019-02-18', 1, '2019-05-15 05:55:54', '2019-05-15 05:55:54', 14, 93),
(386, '2019-02-22', 1, '2019-05-15 06:00:58', '2019-05-15 06:00:58', 3, 261),
(387, '2019-02-26', 2, '2019-05-15 06:03:24', '2019-05-15 06:03:24', 13, 94),
(388, '2019-02-26', 2, '2019-05-15 06:05:50', '2019-05-15 06:05:50', 13, 517),
(389, '2019-03-02', 1, '2019-05-15 06:09:38', '2019-05-15 06:09:38', 13, 259),
(390, '2019-05-16', 1, '2019-05-16 06:13:15', '2019-05-16 06:13:15', 13, 581),
(391, '2019-05-16', 1, '2019-05-16 06:13:47', '2019-05-16 06:13:47', 14, 581),
(392, '2019-03-27', 1, '2019-05-22 05:44:01', '2019-05-22 05:44:01', 7, 377),
(393, '2019-04-02', 2, '2019-05-22 05:46:54', '2019-05-22 05:46:54', 13, 94),
(394, '2019-04-22', 1, '2019-05-22 05:53:07', '2019-05-22 05:53:07', 13, 245),
(395, '2019-04-25', 3, '2019-05-22 05:56:40', '2019-05-22 05:56:40', 13, 396),
(396, '2019-05-16', 1, '2019-05-22 05:58:40', '2019-05-22 05:58:40', 13, 84),
(397, '2018-11-24', 1, '2019-05-24 00:36:39', '2019-05-24 00:36:39', 1, 136),
(398, '2018-12-20', 1, '2019-05-24 00:38:14', '2019-05-24 00:38:14', 4, 147),
(399, '2018-12-20', 1, '2019-05-24 00:48:10', '2019-05-24 00:48:10', 8, 150),
(400, '2018-12-20', 1, '2019-05-24 00:49:09', '2019-05-24 00:49:09', 2, 151),
(401, '2019-01-19', 1, '2019-05-24 00:50:36', '2019-05-24 00:50:36', 1, 134),
(402, '2019-02-06', 1, '2019-05-24 00:53:20', '2019-05-24 00:53:20', 6, 305),
(403, '2019-02-06', 1, '2019-05-24 00:54:57', '2019-05-24 00:54:57', 6, 306),
(404, '2019-02-06', 1, '2019-05-24 00:55:48', '2019-05-24 00:55:48', 6, 303),
(405, '2019-02-20', 2, '2019-05-24 00:57:20', '2019-05-24 00:57:20', 1, 493),
(406, '2019-03-27', 1, '2019-05-24 01:00:40', '2019-05-24 01:00:40', 2, 116),
(407, '2019-03-27', 1, '2019-05-24 01:01:32', '2019-05-24 01:01:32', 2, 118),
(408, '2019-03-27', 1, '2019-05-24 01:02:28', '2019-05-24 01:02:28', 2, 121),
(409, '2019-03-27', 1, '2019-05-24 01:05:13', '2019-05-24 01:05:13', 2, 122),
(410, '2019-03-27', 1, '2019-05-24 01:06:07', '2019-05-24 01:06:07', 2, 123),
(411, '2019-04-05', 1, '2019-05-24 01:14:31', '2019-05-24 01:14:31', 6, 302),
(412, '2019-04-16', 1, '2019-05-24 01:15:34', '2019-05-24 01:15:34', 1, 132),
(413, '2019-04-16', 1, '2019-05-24 01:16:23', '2019-05-24 01:16:23', 1, 147),
(414, '2018-11-02', 1, '2019-05-24 02:00:18', '2019-05-24 02:00:18', 17, 20),
(415, '2018-11-14', 1, '2019-05-24 02:01:33', '2019-05-24 02:01:33', 17, 20),
(416, '2018-11-14', 1, '2019-05-24 02:05:08', '2019-05-24 02:05:08', 17, 96),
(417, '2018-11-27', 1, '2019-05-24 02:07:21', '2019-05-24 02:07:21', 17, 20),
(418, '2018-12-07', 1, '2019-05-24 02:09:17', '2019-05-24 02:09:17', 17, 20),
(419, '2018-12-21', 1, '2019-05-24 02:10:10', '2019-05-24 02:10:10', 17, 20),
(420, '2019-01-03', 1, '2019-05-24 02:10:57', '2019-05-24 02:10:57', 17, 20),
(421, '2019-02-01', 1, '2019-05-24 02:11:37', '2019-05-24 02:11:37', 17, 20),
(422, '2019-02-12', 1, '2019-05-24 02:12:28', '2019-05-24 02:12:28', 17, 20),
(423, '2019-03-13', 1, '2019-05-24 02:13:02', '2019-05-24 02:13:02', 17, 20),
(424, '2019-04-27', 1, '2019-05-25 02:09:00', '2019-05-25 02:09:00', 16, 580),
(425, '2019-05-27', 1, '2019-05-27 05:47:35', '2019-05-27 05:47:35', 20, 607),
(426, '2019-05-20', 2, '2019-05-27 05:56:19', '2019-05-27 05:56:19', 14, 227),
(427, '2019-04-09', 1, '2019-05-28 04:08:44', '2019-05-28 04:08:44', 18, 79),
(428, '2019-04-24', 1, '2019-05-28 04:15:19', '2019-05-28 04:15:19', 9, 86),
(429, '2019-05-17', 1, '2019-05-28 04:18:10', '2019-05-28 04:18:10', 14, 93),
(430, '2019-05-20', 1, '2019-05-28 04:21:00', '2019-05-28 04:21:00', 14, 94),
(431, '2019-05-21', 1, '2019-05-28 04:22:48', '2019-05-28 04:22:48', 13, 86),
(432, '2019-05-21', 1, '2019-05-28 04:24:04', '2019-05-28 04:24:04', 13, 39),
(433, '2019-05-22', 2, '2019-05-28 04:26:20', '2019-05-28 04:26:20', 13, 27),
(434, '2019-05-20', 2, '2019-05-28 04:27:53', '2019-05-28 04:27:53', 14, 225),
(435, '2019-05-27', 1, '2019-05-28 04:28:58', '2019-05-28 04:28:58', 16, 604),
(436, '2019-05-27', 2, '2019-05-28 04:29:53', '2019-05-28 04:29:53', 16, 606),
(437, '2019-05-27', 3, '2019-05-28 04:30:54', '2019-05-28 04:30:54', 16, 605),
(438, '2019-04-25', 2, '2019-05-28 04:35:10', '2019-05-28 04:35:10', 14, 94),
(439, '2019-04-25', 2, '2019-05-28 04:38:55', '2019-05-28 04:38:55', 14, 83),
(440, '2019-05-21', 1, '2019-05-28 04:41:11', '2019-05-28 04:41:11', 5, 195),
(441, '2019-05-21', 1, '2019-05-28 04:43:16', '2019-05-28 04:43:16', 5, 190),
(442, '2019-05-15', 1, '2019-06-21 17:39:53', '2019-06-21 17:39:53', 21, 588),
(443, '2019-05-23', 1, '2019-06-21 17:40:32', '2019-06-21 17:40:32', 23, 588),
(444, '2019-05-24', 1, '2019-06-21 17:41:12', '2019-06-21 17:41:12', 24, 588),
(445, '2019-05-29', 1, '2019-06-21 17:42:16', '2019-06-21 17:42:16', 6, 602),
(446, '2019-05-30', 1, '2019-06-21 17:42:57', '2019-06-21 17:42:57', 25, 588),
(447, '2019-06-01', 1, '2019-06-21 17:45:56', '2019-06-21 17:45:56', 13, 253),
(448, '2019-06-01', 1, '2019-06-21 17:47:07', '2019-06-21 17:47:07', 13, 266),
(450, '2019-06-01', 12, '2019-06-21 17:54:21', '2019-06-21 17:54:21', 13, 18),
(451, '2019-06-10', 2, '2019-06-21 17:56:05', '2019-06-21 17:56:05', 13, 94),
(452, '2019-06-11', 1, '2019-06-21 17:57:19', '2019-06-21 17:57:19', 28, 588),
(453, '2019-06-11', 1, '2019-06-21 17:58:04', '2019-06-21 17:58:04', 14, 93),
(454, '2019-06-13', 2, '2019-06-21 18:00:43', '2019-06-21 18:00:43', 13, 83),
(455, '2019-06-14', 1, '2019-06-21 18:01:24', '2019-06-21 18:01:24', 5, 588),
(456, '2019-06-17', 1, '2019-06-21 18:02:32', '2019-06-21 18:02:32', 9, 84),
(457, '2019-06-17', 1, '2019-06-21 18:03:07', '2019-06-21 18:03:07', 10, 84),
(458, '2019-06-17', 1, '2019-06-21 18:03:39', '2019-06-21 18:03:39', 11, 84),
(459, '2019-06-17', 1, '2019-06-21 18:04:30', '2019-06-21 18:04:30', 13, 84),
(460, '2019-06-17', 1, '2019-06-21 18:05:23', '2019-06-21 18:05:23', 14, 84),
(461, '2019-06-17', 1, '2019-06-21 18:06:11', '2019-06-21 18:06:11', 15, 84),
(462, '2019-06-17', 1, '2019-06-21 18:07:45', '2019-06-21 18:07:45', 13, 491),
(463, '2019-06-20', 1, '2019-06-21 18:09:31', '2019-06-21 18:09:31', 13, 298),
(464, '2019-06-20', 1, '2019-06-21 18:10:12', '2019-06-21 18:10:12', 14, 298),
(465, '2019-06-20', 1, '2019-06-21 18:10:58', '2019-06-21 18:10:58', 13, 11),
(466, '2019-06-20', 1, '2019-06-21 18:13:19', '2019-06-21 18:13:19', 22, 588),
(467, '2019-06-11', 1, '2019-06-21 18:20:43', '2019-06-21 18:20:43', 18, 325),
(468, '2019-05-30', 1, '2019-06-22 02:58:44', '2019-06-22 02:58:44', 13, 260),
(469, '2019-05-31', 1, '2019-06-22 02:59:37', '2019-06-22 02:59:37', 13, 625),
(470, '2019-05-31', 1, '2019-06-22 03:00:09', '2019-06-22 03:00:09', 14, 625),
(471, '2019-06-01', 1, '2019-06-22 03:00:59', '2019-06-22 03:00:59', 13, 252),
(472, '2019-05-16', 2, '2019-06-22 03:02:38', '2019-06-22 03:02:38', 14, 610),
(473, '2019-05-25', 1, '2019-06-22 05:16:06', '2019-06-22 05:16:06', 8, 191),
(474, '2019-05-25', 1, '2019-06-22 05:17:09', '2019-06-22 05:17:09', 8, 196),
(475, '2019-05-25', 1, '2019-06-22 05:18:47', '2019-06-22 05:18:47', 8, 199),
(476, '2019-05-25', 1, '2019-06-22 05:21:18', '2019-06-22 05:21:18', 8, 183),
(477, '2019-05-25', 1, '2019-06-22 05:23:53', '2019-06-22 05:23:53', 8, 377),
(478, '2019-05-22', 1, '2019-06-22 05:25:15', '2019-06-22 05:25:15', 14, 503),
(479, '2019-05-22', 1, '2019-06-22 05:26:38', '2019-06-22 05:26:38', 14, 111),
(480, '2019-05-22', 1, '2019-06-22 05:27:34', '2019-06-22 05:27:34', 14, 112),
(481, '2019-05-22', 1, '2019-06-22 05:28:20', '2019-06-22 05:28:20', 14, 319),
(482, '2019-05-22', 1, '2019-06-22 05:30:15', '2019-06-22 05:30:15', 14, 85),
(483, '2019-05-22', 2, '2019-06-22 05:30:59', '2019-06-22 05:30:59', 14, 11),
(484, '2019-05-22', 1, '2019-06-22 05:31:51', '2019-06-22 05:31:51', 14, 86),
(485, '2019-05-22', 2, '2019-06-22 05:37:36', '2019-06-22 05:37:36', 1, 45),
(486, '2019-05-22', 2, '2019-06-22 05:38:09', '2019-06-22 05:38:09', 1, 44),
(487, '2019-05-22', 2, '2019-06-22 05:39:10', '2019-06-22 05:39:10', 1, 43),
(488, '2019-05-22', 1, '2019-06-22 05:40:20', '2019-06-22 05:40:20', 11, 84),
(489, '2019-05-22', 1, '2019-06-22 05:41:19', '2019-06-22 05:41:19', 11, 112),
(490, '2019-05-22', 1, '2019-06-22 05:42:14', '2019-06-22 05:42:14', 11, 111),
(491, '2019-05-22', 1, '2019-06-22 05:43:24', '2019-06-22 05:43:24', 11, 319),
(492, '2019-05-06', 1, '2019-06-22 05:45:09', '2019-06-22 05:45:09', 10, 503),
(493, '2019-05-06', 1, '2019-06-22 05:46:35', '2019-06-22 05:46:35', 10, 112),
(494, '2019-05-06', 1, '2019-06-22 05:47:43', '2019-06-22 05:47:43', 10, 85),
(495, '2019-05-06', 1, '2019-06-22 05:49:10', '2019-06-22 05:49:10', 10, 86),
(496, '2019-01-26', 1, '2019-06-24 02:12:17', '2019-06-24 02:12:17', 9, 503),
(497, '2019-01-26', 1, '2019-06-24 02:13:25', '2019-06-24 02:13:25', 9, 84),
(498, '2019-01-26', 1, '2019-06-24 02:14:30', '2019-06-24 02:14:30', 9, 11),
(499, '2019-01-10', 1, '2019-06-24 02:20:10', '2019-06-24 02:20:10', 13, 111),
(500, '2019-01-10', 1, '2019-06-24 02:22:20', '2019-06-24 02:22:20', 13, 112),
(501, '2019-01-14', 9, '2019-06-24 02:26:00', '2019-06-24 02:26:00', 13, 291),
(502, '2019-01-14', 10, '2019-06-24 02:27:13', '2019-06-24 02:27:13', 13, 287),
(503, '2019-01-14', 5, '2019-06-24 02:32:00', '2019-06-24 02:32:00', 13, 246),
(504, '2019-01-14', 1, '2019-06-24 02:34:36', '2019-06-24 02:34:36', 13, 251),
(505, '2019-01-21', 1, '2019-06-24 02:37:57', '2019-06-24 02:37:57', 7, 191),
(506, '2019-01-26', 1, '2019-06-24 02:39:22', '2019-06-24 02:39:22', 1, 380),
(507, '2019-01-26', 1, '2019-06-24 02:40:27', '2019-06-24 02:40:27', 1, 377),
(508, '2019-01-26', 1, '2019-06-24 02:42:32', '2019-06-24 02:42:32', 1, 372),
(509, '2019-01-18', 1, '2019-06-24 02:53:13', '2019-06-24 02:53:13', 13, 253),
(510, '2019-01-18', 1, '2019-06-24 02:53:58', '2019-06-24 02:53:58', 13, 254),
(511, '2019-01-18', 1, '2019-06-24 02:54:51', '2019-06-24 02:54:51', 13, 256),
(512, '2019-01-07', 1, '2019-06-24 02:59:11', '2019-06-24 02:59:11', 10, 84),
(513, '2019-01-07', 1, '2019-06-24 02:59:45', '2019-06-24 02:59:45', 10, 111),
(514, '2019-01-07', 1, '2019-06-24 03:00:25', '2019-06-24 03:00:25', 10, 112),
(515, '2019-01-07', 1, '2019-06-24 03:01:21', '2019-06-24 03:01:21', 3, 190),
(516, '2019-01-07', 1, '2019-06-24 03:01:58', '2019-06-24 03:01:58', 3, 195),
(517, '2019-01-07', 1, '2019-06-24 03:03:05', '2019-06-24 03:03:05', 3, 198),
(518, '2019-01-07', 1, '2019-06-24 03:03:42', '2019-06-24 03:03:42', 3, 201),
(519, '2019-01-07', 1, '2019-06-24 03:04:24', '2019-06-24 03:04:24', 3, 191),
(520, '2019-01-07', 1, '2019-06-24 03:05:14', '2019-06-24 03:05:14', 3, 196),
(521, '2019-01-07', 1, '2019-06-24 03:05:50', '2019-06-24 03:05:50', 3, 199),
(522, '2019-01-07', 1, '2019-06-24 03:07:25', '2019-06-24 03:07:25', 3, 202),
(523, '2019-01-08', 1, '2019-06-24 03:08:22', '2019-06-24 03:08:22', 9, 11),
(524, '2019-02-02', 1, '2019-06-24 19:15:44', '2019-06-24 19:15:44', 8, 382),
(525, '2019-02-11', 1, '2019-06-24 19:16:38', '2019-06-24 19:16:38', 14, 85),
(526, '2019-02-11', 3, '2019-06-24 19:17:09', '2019-06-24 19:17:09', 14, 11),
(527, '2019-02-11', 1, '2019-06-24 19:17:42', '2019-06-24 19:17:42', 14, 112),
(528, '2019-02-11', 1, '2019-06-24 19:18:40', '2019-06-24 19:18:40', 14, 434),
(529, '2019-02-11', 1, '2019-06-24 19:19:13', '2019-06-24 19:19:13', 14, 435),
(530, '2019-02-11', 1, '2019-06-24 19:19:46', '2019-06-24 19:19:46', 14, 84),
(531, '2019-02-11', 1, '2019-06-24 19:20:12', '2019-06-24 19:20:12', 14, 503),
(532, '2019-02-11', 1, '2019-06-24 19:20:57', '2019-06-24 19:20:57', 14, 319),
(533, '2019-02-11', 1, '2019-06-24 19:21:23', '2019-06-24 19:21:23', 14, 320),
(534, '2019-02-11', 1, '2019-06-24 19:22:06', '2019-06-24 19:22:06', 11, 84),
(535, '2019-02-11', 1, '2019-06-24 19:22:30', '2019-06-24 19:22:30', 11, 503),
(536, '2019-02-11', 1, '2019-06-24 19:23:19', '2019-06-24 19:23:19', 13, 319),
(537, '2019-02-11', 1, '2019-06-24 19:23:58', '2019-06-24 19:23:58', 13, 321),
(538, '2019-02-11', 1, '2019-06-24 19:24:36', '2019-06-24 19:24:36', 13, 85),
(539, '2019-02-11', 1, '2019-06-24 19:25:49', '2019-06-24 19:25:49', 13, 432),
(540, '2019-02-11', 2, '2019-06-24 19:27:52', '2019-06-24 19:27:52', 13, 341),
(541, '2019-02-11', 1, '2019-06-24 19:28:14', '2019-06-24 19:28:14', 13, 250),
(542, '2019-02-11', 1, '2019-06-24 19:28:37', '2019-06-24 19:28:37', 13, 84),
(543, '2019-03-02', 5, '2019-06-24 19:34:51', '2019-06-24 19:34:51', 5, 543),
(544, '2019-03-02', 1, '2019-06-24 19:35:22', '2019-06-24 19:35:22', 5, 190),
(545, '2019-03-02', 1, '2019-06-24 19:35:50', '2019-06-24 19:35:50', 5, 191),
(546, '2019-03-02', 1, '2019-06-24 19:36:18', '2019-06-24 19:36:18', 5, 195),
(547, '2019-03-02', 1, '2019-06-24 19:36:39', '2019-06-24 19:36:39', 5, 196),
(548, '2019-01-10', 1, '2019-06-25 04:56:42', '2019-06-25 04:56:42', 13, 338),
(549, '2019-01-10', 1, '2019-06-25 04:57:35', '2019-06-25 04:57:35', 13, 334),
(550, '2019-01-08', 1, '2019-06-25 05:00:16', '2019-06-25 05:00:16', 9, 525),
(551, '2019-01-08', 1, '2019-06-25 05:01:06', '2019-06-25 05:01:06', 9, 552),
(552, '2019-03-22', 1, '2019-06-25 05:05:17', '2019-06-25 05:05:17', 14, 11),
(553, '2019-03-22', 1, '2019-06-25 05:06:42', '2019-06-25 05:06:42', 14, 85),
(554, '2019-03-23', 2, '2019-06-25 05:09:03', '2019-06-25 05:09:03', 11, 11),
(555, '2019-03-23', 1, '2019-06-25 05:09:44', '2019-06-25 05:09:44', 11, 84),
(556, '2019-03-23', 1, '2019-06-25 05:10:52', '2019-06-25 05:10:52', 11, 319),
(557, '2019-03-23', 1, '2019-06-25 05:12:21', '2019-06-25 05:12:21', 11, 50),
(558, '2019-03-22', 1, '2019-06-25 05:13:13', '2019-06-25 05:13:13', 14, 86),
(559, '2019-03-25', 1, '2019-06-25 05:14:49', '2019-06-25 05:14:49', 3, 190),
(560, '2019-03-25', 1, '2019-06-25 05:15:44', '2019-06-25 05:15:44', 3, 195),
(561, '2019-03-25', 1, '2019-06-25 05:16:39', '2019-06-25 05:16:39', 3, 198),
(562, '2019-03-25', 1, '2019-06-25 05:17:38', '2019-06-25 05:17:38', 3, 201),
(563, '2019-03-25', 1, '2019-06-25 05:18:44', '2019-06-25 05:18:44', 3, 191),
(564, '2019-03-25', 1, '2019-06-25 05:19:52', '2019-06-25 05:19:52', 3, 196),
(565, '2019-03-25', 1, '2019-06-25 05:21:10', '2019-06-25 05:21:10', 3, 199),
(566, '2019-03-25', 1, '2019-06-25 05:22:27', '2019-06-25 05:22:27', 3, 202),
(567, '2019-03-25', 1, '2019-06-25 05:25:25', '2019-06-25 05:25:25', 3, 558),
(568, '2019-03-25', 1, '2019-06-25 05:26:09', '2019-06-25 05:26:09', 3, 576),
(569, '2019-03-25', 1, '2019-06-25 05:27:51', '2019-06-25 05:27:51', 10, 84),
(570, '2019-03-25', 1, '2019-06-25 05:28:30', '2019-06-25 05:28:30', 3, 11),
(571, '2019-03-25', 1, '2019-06-25 05:29:24', '2019-06-25 05:29:24', 10, 112),
(572, '2019-03-25', 1, '2019-06-25 05:30:34', '2019-06-25 05:30:34', 10, 34),
(573, '2019-03-25', 1, '2019-06-25 05:31:32', '2019-06-25 05:31:32', 10, 334),
(574, '2019-03-25', 1, '2019-06-25 05:38:29', '2019-06-25 05:38:29', 10, 85),
(575, '2019-03-25', 1, '2019-06-25 05:43:15', '2019-06-25 05:43:15', 10, 86),
(576, '2019-03-25', 1, '2019-06-25 05:45:28', '2019-06-25 05:45:28', 15, 11),
(577, '2019-03-25', 1, '2019-06-25 05:47:08', '2019-06-25 05:47:08', 15, 86),
(578, '2019-03-25', 1, '2019-06-25 05:47:51', '2019-06-25 05:47:51', 15, 85),
(579, '2019-03-25', 1, '2019-06-25 05:48:33', '2019-06-25 05:48:33', 15, 503),
(580, '2019-03-25', 1, '2019-06-25 05:49:25', '2019-06-25 05:49:25', 15, 320),
(581, '2019-03-25', 1, '2019-06-25 05:50:34', '2019-06-25 05:50:34', 4, 372),
(582, '2019-03-25', 1, '2019-06-25 05:51:22', '2019-06-25 05:51:22', 4, 191),
(583, '2019-03-25', 1, '2019-06-25 05:51:54', '2019-06-25 05:51:54', 4, 196),
(584, '2019-03-25', 1, '2019-06-25 05:53:11', '2019-06-25 05:53:11', 4, 199),
(585, '2019-03-25', 1, '2019-06-25 05:56:48', '2019-06-25 05:56:48', 4, 202),
(586, '2019-03-25', 1, '2019-06-25 05:57:29', '2019-06-25 05:57:29', 4, 190),
(587, '2019-03-25', 1, '2019-06-25 05:58:30', '2019-06-25 05:58:30', 4, 195),
(588, '2019-03-25', 1, '2019-06-25 05:59:24', '2019-06-25 05:59:24', 4, 198),
(589, '2019-03-25', 1, '2019-06-25 05:59:59', '2019-06-25 05:59:59', 4, 201),
(590, '2019-03-27', 2, '2019-06-26 19:13:21', '2019-06-26 19:13:21', 13, 11),
(591, '2019-03-27', 1, '2019-06-26 19:15:11', '2019-06-26 19:15:11', 13, 84),
(592, '2019-03-27', 1, '2019-06-26 19:18:30', '2019-06-26 19:18:30', 13, 525),
(593, '2019-03-27', 1, '2019-06-26 19:20:06', '2019-06-26 19:20:06', 13, 625),
(594, '2019-03-27', 1, '2019-06-26 19:21:45', '2019-06-26 19:21:45', 13, 319),
(595, '2019-04-04', 2, '2019-06-26 19:24:59', '2019-06-26 19:24:59', 9, 11),
(596, '2019-04-04', 1, '2019-06-26 19:25:56', '2019-06-26 19:25:56', 9, 84),
(597, '2019-04-04', 1, '2019-06-26 19:26:50', '2019-06-26 19:26:50', 9, 319),
(598, '2019-04-04', 1, '2019-06-26 19:27:49', '2019-06-26 19:27:49', 9, 320),
(599, '2019-04-18', 1, '2019-06-26 19:30:04', '2019-06-26 19:30:04', 13, 270),
(600, '2019-04-18', 1, '2019-06-26 19:32:06', '2019-06-26 19:32:06', 13, 309),
(601, '2019-04-18', 1, '2019-06-26 19:33:24', '2019-06-26 19:33:24', 13, 319),
(602, '2019-04-18', 1, '2019-06-26 19:59:29', '2019-06-26 19:59:29', 13, 625),
(603, '2019-04-20', 1, '2019-06-26 20:00:11', '2019-06-26 20:00:11', 9, 84),
(604, '2019-04-20', 1, '2019-06-26 20:00:48', '2019-06-26 20:00:48', 9, 112),
(605, '2019-04-20', 1, '2019-06-26 20:04:26', '2019-06-26 20:04:26', 9, 111),
(606, '2019-04-20', 1, '2019-06-26 20:05:04', '2019-06-26 20:05:04', 9, 314),
(607, '2019-04-20', 2, '2019-06-26 20:08:09', '2019-06-26 20:08:09', 9, 11),
(608, '2019-05-06', 1, '2019-06-26 20:09:46', '2019-06-26 20:09:46', 13, 84),
(609, '2019-05-06', 1, '2019-06-26 20:10:52', '2019-06-26 20:10:52', 13, 608),
(610, '2019-05-06', 1, '2019-06-26 20:12:00', '2019-06-26 20:12:00', 13, 298),
(611, '2019-05-06', 1, '2019-06-26 20:12:37', '2019-06-26 20:12:37', 13, 503),
(612, '2019-05-06', 1, '2019-06-26 20:13:25', '2019-06-26 20:13:25', 13, 111),
(613, '2019-05-07', 3, '2019-06-26 20:16:45', '2019-06-26 20:16:45', 5, 327),
(614, '2019-05-07', 3, '2019-06-26 20:17:38', '2019-06-26 20:17:38', 5, 326),
(615, '2019-05-16', 1, '2019-06-26 20:18:50', '2019-06-26 20:18:50', 6, 436),
(616, '2019-05-16', 1, '2019-06-26 20:19:39', '2019-06-26 20:19:39', 6, 381),
(617, '2019-05-16', 1, '2019-06-26 20:20:27', '2019-06-26 20:20:27', 6, 190),
(618, '2019-05-16', 1, '2019-06-26 20:21:05', '2019-06-26 20:21:05', 9, 84),
(619, '2019-06-22', 1, '2019-06-28 02:38:03', '2019-06-28 02:38:03', 5, 557),
(620, '2019-06-22', 1, '2019-06-28 02:39:20', '2019-06-28 02:39:20', 5, 437),
(621, '2019-06-22', 1, '2019-06-28 02:41:22', '2019-06-28 02:41:22', 5, 436),
(622, '2019-06-22', 1, '2019-06-28 02:42:35', '2019-06-28 02:42:35', 5, 298),
(623, '2019-06-22', 1, '2019-06-28 02:44:02', '2019-06-28 02:44:02', 5, 190),
(624, '2019-06-22', 10, '2019-06-28 02:44:54', '2019-06-28 02:44:54', 5, 543),
(625, '2019-06-22', 1, '2019-06-28 02:46:14', '2019-06-28 02:46:14', 8, 326),
(626, '2019-06-22', 1, '2019-06-28 02:48:01', '2019-06-28 02:48:01', 8, 327),
(627, '2019-06-22', 1, '2019-06-28 02:54:51', '2019-06-28 02:54:51', 8, 328),
(628, '2019-06-15', 1, '2019-06-28 02:56:15', '2019-06-28 02:56:15', 5, 370),
(629, '2019-06-22', 1, '2019-06-28 02:57:30', '2019-06-28 02:57:30', 11, 86),
(630, '2019-06-22', 1, '2019-06-28 02:58:28', '2019-06-28 02:58:28', 11, 320),
(631, '2019-06-17', 1, '2019-06-28 18:50:00', '2019-06-28 18:50:00', 1, 528),
(632, '2019-06-17', 1, '2019-06-28 18:50:57', '2019-06-28 18:50:57', 14, 320),
(633, '2019-06-14', 1, '2019-06-28 18:59:10', '2019-06-28 18:59:10', 8, 43),
(634, '2019-06-14', 1, '2019-06-28 19:00:45', '2019-06-28 19:00:45', 8, 44),
(635, '2019-06-14', 1, '2019-06-28 19:10:58', '2019-06-28 19:10:58', 8, 45),
(636, '2019-06-15', 1, '2019-06-28 19:12:12', '2019-06-28 19:12:12', 15, 322),
(637, '2019-06-15', 1, '2019-06-28 19:13:29', '2019-06-28 19:13:29', 15, 111),
(638, '2019-06-17', 1, '2019-06-28 19:14:12', '2019-06-28 19:14:12', 13, 432),
(639, '2019-06-17', 1, '2019-06-28 19:15:34', '2019-06-28 19:15:34', 13, 319),
(640, '2019-06-17', 1, '2019-06-28 19:16:37', '2019-06-28 19:16:37', 13, 320),
(641, '2019-06-22', 5, '2019-06-28 19:18:28', '2019-06-28 19:18:28', 6, 539),
(642, '2019-06-22', 1, '2019-06-28 19:20:14', '2019-06-28 19:20:14', 9, 86),
(643, '2019-06-29', 1, '2019-06-28 19:22:52', '2019-06-28 19:24:07', 17, 66),
(644, '2019-04-11', 1, '2019-07-05 18:49:22', '2019-07-05 18:49:22', 17, 20),
(645, '2019-05-04', 1, '2019-07-05 18:49:49', '2019-07-05 18:49:49', 17, 20),
(646, '2019-05-16', 1, '2019-07-05 18:50:46', '2019-07-05 18:50:46', 17, 20),
(647, '2019-05-31', 1, '2019-07-05 18:52:39', '2019-07-05 18:52:39', 17, 20),
(648, '2019-06-22', 1, '2019-07-05 18:53:06', '2019-07-05 18:53:06', 17, 20),
(649, '2019-07-04', 1, '2019-07-05 20:48:03', '2019-07-05 20:48:03', 13, 10),
(650, '2019-06-29', 1, '2019-07-05 20:48:53', '2019-07-05 20:48:53', 13, 93),
(651, '2019-07-02', 12, '2019-07-05 20:51:44', '2019-07-05 20:51:44', 13, 18),
(652, '2019-07-05', 1, '2019-07-05 20:52:51', '2019-07-05 20:52:51', 13, 28),
(653, '2019-05-27', 24, '2019-07-05 20:54:25', '2019-07-05 20:54:25', 20, 579),
(654, '2019-04-12', 1, '2019-07-05 20:56:22', '2019-07-05 20:56:22', 17, 66),
(655, '2019-07-06', 3, '2019-07-05 20:57:10', '2019-07-05 20:57:10', 7, 66),
(656, '2019-06-24', 1, '2019-07-06 02:10:19', '2019-07-06 02:10:19', 17, 596),
(657, '2019-06-24', 1, '2019-07-06 02:11:49', '2019-07-06 02:11:49', 13, 584),
(658, '2019-07-01', 1, '2019-07-06 02:13:15', '2019-07-06 02:13:15', 28, 588),
(659, '2019-07-04', 1, '2019-07-06 02:14:02', '2019-07-06 02:14:02', 5, 588),
(660, '2019-06-17', 10, '2019-07-06 02:17:24', '2019-07-06 02:17:24', 13, 543),
(661, '2019-07-01', 1, '2019-07-07 17:13:22', '2019-07-07 17:13:22', 9, 10),
(662, '2019-07-01', 1, '2019-07-07 19:19:29', '2019-07-07 19:19:29', 30, 259),
(663, '2019-07-01', 1, '2019-07-07 19:20:10', '2019-07-07 19:20:10', 30, 261),
(664, '2019-07-02', 1, '2019-07-09 02:00:30', '2019-07-09 02:00:30', 13, 319),
(665, '2019-07-02', 1, '2019-07-09 02:02:10', '2019-07-09 02:02:10', 13, 321);
INSERT INTO `pemakaians` (`id`, `tanggal`, `jumlah`, `created_at`, `updated_at`, `dokter_id`, `barang_id`) VALUES
(666, '2019-07-06', 1, '2019-07-09 02:04:37', '2019-07-09 02:04:37', 3, 437),
(667, '2019-07-06', 1, '2019-07-09 02:07:33', '2019-07-09 02:07:33', 3, 436),
(668, '2019-07-06', 1, '2019-07-09 02:09:02', '2019-07-09 02:09:02', 10, 319),
(669, '2019-07-06', 1, '2019-07-09 02:10:00', '2019-07-09 02:10:00', 3, 84),
(670, '2019-07-06', 1, '2019-07-09 02:11:03', '2019-07-09 02:11:03', 9, 112),
(671, '2019-07-06', 1, '2019-07-09 02:12:17', '2019-07-09 02:12:17', 9, 111),
(672, '2019-07-06', 1, '2019-07-09 05:05:06', '2019-07-09 05:05:06', 9, 320),
(673, '2019-07-06', 1, '2019-07-09 05:06:19', '2019-07-09 05:06:19', 6, 190),
(674, '2019-07-06', 1, '2019-07-09 05:07:46', '2019-07-09 05:07:46', 6, 195),
(675, '2019-07-06', 1, '2019-07-09 05:09:06', '2019-07-09 05:09:06', 6, 198),
(676, '2019-07-06', 1, '2019-07-09 05:10:33', '2019-07-09 05:10:33', 6, 201),
(677, '2019-07-06', 1, '2019-07-09 05:13:09', '2019-07-09 05:13:09', 6, 191),
(678, '2019-07-06', 1, '2019-07-09 05:16:16', '2019-07-09 05:16:16', 6, 196),
(679, '2019-07-06', 1, '2019-07-09 05:20:05', '2019-07-09 05:20:05', 6, 199),
(680, '2019-07-06', 1, '2019-07-09 05:21:01', '2019-07-09 05:21:01', 6, 202),
(681, '2019-07-06', 1, '2019-07-09 05:22:09', '2019-07-09 05:22:09', 6, 437),
(682, '2019-07-06', 1, '2019-07-09 05:23:03', '2019-07-09 05:23:03', 6, 436),
(683, '2019-07-06', 1, '2019-07-09 05:25:34', '2019-07-09 05:25:34', 1, 213),
(684, '2019-07-06', 1, '2019-07-09 05:26:42', '2019-07-09 05:26:42', 1, 43),
(685, '2019-07-06', 1, '2019-07-09 05:27:24', '2019-07-09 05:27:24', 1, 44),
(686, '2019-07-06', 1, '2019-07-09 05:28:18', '2019-07-09 05:28:18', 6, 45),
(687, '2019-07-06', 1, '2019-07-09 05:30:15', '2019-07-09 05:30:15', 14, 85),
(688, '2019-07-06', 1, '2019-07-09 05:31:55', '2019-07-09 05:31:55', 1, 45),
(689, '2019-07-06', 1, '2019-07-09 05:32:29', '2019-07-09 05:32:29', 1, 44),
(690, '2019-07-06', 1, '2019-07-09 05:33:00', '2019-07-09 05:33:00', 1, 43),
(691, '2019-07-06', 1, '2019-07-09 05:34:14', '2019-07-09 05:34:14', 14, 10),
(692, '2019-07-06', 1, '2019-07-09 05:37:47', '2019-07-09 05:37:47', 14, 40),
(693, '2019-07-06', 1, '2019-07-09 05:46:06', '2019-07-09 05:46:06', 10, 628),
(694, '2019-07-06', 1, '2019-07-09 05:47:57', '2019-07-09 05:47:57', 15, 628),
(695, '2019-07-06', 1, '2019-07-09 05:50:49', '2019-07-09 05:50:49', 11, 111),
(696, '2019-07-06', 1, '2019-07-09 05:53:23', '2019-07-09 05:53:23', 11, 112),
(697, '2019-07-06', 1, '2019-07-09 05:54:29', '2019-07-09 05:54:29', 11, 552),
(698, '2019-07-06', 1, '2019-07-09 05:55:42', '2019-07-09 05:55:42', 11, 320),
(699, '2019-07-06', 1, '2019-07-09 05:56:43', '2019-07-09 05:56:43', 11, 84),
(700, '2019-07-06', 1, '2019-07-09 05:58:04', '2019-07-09 05:58:04', 6, 298),
(701, '2019-07-06', 1, '2019-07-11 01:40:42', '2019-07-11 01:40:42', 5, 377),
(702, '2019-07-06', 1, '2019-07-11 01:43:35', '2019-07-11 01:43:35', 5, 368),
(703, '2019-06-07', 1, '2019-07-11 01:46:35', '2019-07-11 01:46:35', 5, 191),
(704, '2019-06-22', 1, '2019-07-11 01:49:45', '2019-07-11 02:41:38', 7, 557),
(705, '2019-06-22', 1, '2019-07-11 02:28:49', '2019-07-11 02:40:54', 7, 558),
(706, '2019-06-22', 5, '2019-07-11 02:30:28', '2019-07-11 02:37:33', 7, 327),
(707, '2019-06-22', 5, '2019-07-11 02:31:37', '2019-07-11 02:36:46', 7, 326),
(708, '2019-06-22', 1, '2019-07-11 02:42:37', '2019-07-11 02:42:37', 7, 195),
(709, '2019-06-22', 1, '2019-07-11 02:43:28', '2019-07-11 02:43:28', 7, 196),
(710, '2019-07-06', 1, '2019-07-11 02:47:32', '2019-07-11 02:47:32', 13, 250),
(711, '2019-07-08', 1, '2019-07-11 02:49:06', '2019-07-11 02:49:06', 18, 79),
(712, '2019-07-10', 1, '2019-07-11 02:51:45', '2019-07-11 02:51:45', 21, 589),
(713, '2019-07-09', 1, '2019-07-11 02:52:29', '2019-07-11 02:52:29', 22, 589),
(714, '2019-07-11', 4, '2019-07-12 00:58:00', '2019-07-12 00:58:00', 30, 625),
(715, '2019-07-11', 1, '2019-07-12 01:16:22', '2019-07-12 01:16:22', 13, 625),
(716, '2019-07-11', 1, '2019-07-12 01:17:23', '2019-07-12 01:17:23', 14, 625),
(717, '2019-07-11', 1, '2019-07-13 02:46:28', '2019-07-13 02:46:28', 2, 588),
(718, '2019-07-11', 1, '2019-07-13 02:48:52', '2019-07-13 02:48:52', 13, 625),
(719, '2019-07-11', 1, '2019-07-13 02:50:02', '2019-07-13 02:50:02', 14, 625),
(720, '2019-07-11', 3, '2019-07-13 02:51:31', '2019-07-13 02:51:31', 13, 633),
(721, '2019-07-11', 1, '2019-07-13 02:53:02', '2019-07-13 02:53:02', 13, 630),
(722, '2019-07-11', 12, '2019-07-13 02:55:16', '2019-07-13 02:55:16', 13, 631),
(723, '2019-07-11', 4, '2019-07-13 02:56:19', '2019-07-13 02:56:19', 9, 632),
(724, '2019-07-11', 4, '2019-07-13 02:57:03', '2019-07-13 02:57:03', 10, 632),
(725, '2019-07-11', 4, '2019-07-13 02:57:37', '2019-07-13 02:57:37', 11, 632),
(726, '2019-07-11', 4, '2019-07-13 02:58:29', '2019-07-13 02:58:29', 15, 632),
(727, '2019-07-11', 6, '2019-07-13 03:00:37', '2019-07-13 03:00:37', 13, 638),
(728, '2019-07-11', 1, '2019-07-13 03:02:47', '2019-07-13 03:02:47', 13, 634),
(729, '2019-07-11', 7, '2019-07-13 03:06:07', '2019-07-13 03:06:07', 13, 636),
(730, '2019-07-11', 1, '2019-07-13 03:09:17', '2019-07-13 03:09:17', 13, 635),
(731, '2019-07-11', 7, '2019-07-13 03:10:38', '2019-07-13 03:10:38', 13, 637),
(732, '2019-07-12', 1, '2019-07-13 03:13:22', '2019-07-13 03:13:22', 14, 94),
(733, '2019-07-01', 20, '2019-07-17 00:24:26', '2019-07-17 00:24:26', 30, 11),
(734, '2019-07-01', 2, '2019-07-17 00:30:02', '2019-07-17 00:30:02', 30, 84),
(735, '2019-07-19', 1, '2019-07-19 18:26:07', '2019-07-19 18:26:07', 30, 254),
(736, '2019-07-19', 3, '2019-07-19 18:27:08', '2019-07-19 18:27:08', 30, 256),
(737, '2019-07-15', 1, '2019-07-22 04:56:39', '2019-07-22 04:56:39', 13, 94),
(738, '2019-07-18', 1, '2019-07-22 05:01:24', '2019-07-22 05:01:24', 11, 11),
(739, '2019-07-19', 1, '2019-07-22 05:08:51', '2019-07-22 05:08:51', 14, 642),
(740, '2019-07-19', 1, '2019-07-22 05:10:56', '2019-07-22 05:10:56', 13, 642),
(741, '2019-07-19', 1, '2019-07-22 05:12:18', '2019-07-22 05:12:18', 2, 642),
(742, '2019-07-19', 1, '2019-07-22 05:14:20', '2019-07-22 05:14:20', 14, 93),
(743, '2019-07-13', 2, '2019-07-22 05:33:41', '2019-07-22 05:33:41', 14, 227),
(744, '2019-07-13', 2, '2019-07-22 05:35:45', '2019-07-22 05:35:45', 14, 225),
(745, '2019-07-12', 1, '2019-07-22 05:39:46', '2019-07-22 05:39:46', 5, 45),
(746, '2019-07-12', 1, '2019-07-22 05:42:26', '2019-07-22 05:42:26', 5, 44),
(747, '2019-07-12', 1, '2019-07-22 05:43:59', '2019-07-22 05:43:59', 5, 43),
(748, '2019-07-12', 1, '2019-07-22 05:47:39', '2019-07-22 05:47:39', 5, 558),
(749, '2019-07-13', 1, '2019-07-22 06:04:43', '2019-07-22 06:04:43', 14, 572),
(750, '2019-07-20', 1, '2019-07-22 06:06:42', '2019-07-22 06:06:42', 11, 641),
(751, '2019-07-20', 1, '2019-07-22 06:08:45', '2019-07-22 06:08:45', 11, 628),
(752, '2019-07-20', 1, '2019-07-22 06:09:23', '2019-07-22 06:09:23', 11, 84),
(753, '2019-07-06', 1, '2019-07-22 06:10:05', '2019-07-22 06:10:05', 14, 93),
(754, '2019-07-24', 1, '2019-07-24 05:33:16', '2019-07-24 05:33:16', 13, 585),
(755, '2019-07-24', 1, '2019-07-24 05:35:42', '2019-07-24 05:35:42', 2, 588),
(756, '2019-07-24', 1, '2019-07-24 05:37:02', '2019-07-24 05:37:02', 29, 589),
(757, '2109-07-27', 1, '2019-07-29 05:38:49', '2019-07-29 05:38:49', 9, 641),
(758, '2019-07-27', 1, '2019-07-29 05:40:17', '2019-07-29 05:40:17', 9, 84),
(759, '2019-07-27', 1, '2019-07-29 05:44:14', '2019-07-29 05:44:14', 6, 196),
(760, '2019-07-27', 1, '2019-07-29 05:46:07', '2019-07-29 05:46:07', 6, 199),
(761, '2019-07-27', 1, '2019-07-29 05:47:09', '2019-07-29 05:47:09', 6, 202),
(762, '2019-07-01', 1, '2019-07-30 03:57:26', '2019-07-30 03:57:26', 13, 300),
(763, '2019-07-26', 1, '2019-07-31 05:59:07', '2019-07-31 05:59:07', 14, 585),
(764, '2019-07-30', 1, '2019-07-31 05:59:58', '2019-07-31 05:59:58', 13, 343),
(765, '2019-08-01', 1, '2019-08-01 00:42:15', '2019-08-01 00:42:15', 14, 11),
(766, '2019-07-30', 1, '2019-08-03 04:30:10', '2019-08-03 04:30:10', 2, 587),
(767, '2019-07-30', 1, '2019-08-03 04:31:56', '2019-08-03 04:31:56', 4, 587),
(768, '2019-08-01', 1, '2019-08-03 04:33:16', '2019-08-03 04:33:16', 13, 93),
(769, '2019-08-03', 1, '2019-08-03 04:34:37', '2019-08-03 04:35:59', 17, 592),
(770, '2019-08-03', 1, '2019-08-03 04:38:06', '2019-08-03 04:38:06', 17, 105),
(771, '2019-08-03', 1, '2019-08-03 04:39:02', '2019-08-03 04:39:02', 17, 66),
(772, '2019-08-03', 1, '2019-08-03 04:40:00', '2019-08-03 04:40:00', 13, 585),
(773, '2019-08-03', 1, '2019-08-03 04:41:47', '2019-08-03 04:41:47', 3, 587),
(774, '2019-08-03', 1, '2019-08-03 04:42:55', '2019-08-03 04:42:55', 24, 587),
(775, '2019-08-03', 2, '2019-08-05 05:50:37', '2019-08-05 05:53:03', 13, 83),
(776, '2019-08-02', 1, '2019-08-05 05:53:50', '2019-08-05 05:53:50', 2, 455),
(777, '2019-08-09', 1, '2019-08-09 04:56:12', '2019-08-09 04:56:12', 17, 20),
(778, '2019-08-03', 1, '2019-08-09 17:48:21', '2019-08-09 17:48:21', 8, 639),
(779, '2019-08-03', 1, '2019-08-09 18:02:35', '2019-08-09 18:02:35', 8, 198),
(780, '2019-08-03', 1, '2019-08-09 18:03:46', '2019-08-09 18:03:46', 8, 201),
(781, '2019-08-03', 1, '2019-08-09 18:04:36', '2019-08-09 18:04:36', 7, 639),
(782, '2019-08-03', 1, '2019-08-09 18:06:16', '2019-08-09 18:06:16', 11, 86),
(783, '2019-08-03', 1, '2019-08-09 18:07:09', '2019-08-09 18:07:09', 11, 11),
(784, '2019-08-03', 1, '2019-08-09 18:07:52', '2019-08-09 18:07:52', 11, 84),
(785, '2019-08-03', 1, '2019-08-09 18:08:17', '2019-08-09 18:08:17', 11, 112),
(786, '2019-08-03', 1, '2019-08-09 18:26:30', '2019-08-09 18:26:30', 5, 640),
(787, '2019-08-03', 1, '2019-08-09 18:27:26', '2019-08-09 18:27:26', 5, 198),
(788, '2019-08-03', 1, '2019-08-09 19:27:31', '2019-08-09 19:27:31', 5, 191),
(789, '2019-08-03', 1, '2019-08-09 19:28:17', '2019-08-09 19:28:17', 5, 196),
(790, '2019-08-03', 1, '2019-08-09 19:28:58', '2019-08-09 19:28:58', 5, 199),
(791, '2019-08-03', 1, '2019-08-09 19:36:38', '2019-08-09 19:36:38', 14, 84),
(792, '2019-08-03', 1, '2019-08-09 19:38:58', '2019-08-09 19:38:58', 14, 112),
(793, '2019-08-03', 10, '2019-08-09 19:43:38', '2019-08-09 19:43:38', 13, 241),
(794, '2019-08-03', 10, '2019-08-09 19:44:25', '2019-08-09 19:44:25', 13, 243),
(795, '2019-08-03', 10, '2019-08-09 19:45:03', '2019-08-09 19:45:03', 13, 245),
(796, '2019-08-03', 10, '2019-08-09 19:45:36', '2019-08-09 19:45:36', 13, 247),
(797, '2019-08-03', 1, '2019-08-14 22:28:01', '2019-08-14 22:28:01', 3, 576),
(798, '2019-08-03', 1, '2019-08-14 22:31:33', '2019-08-14 22:31:33', 3, 379),
(799, '2019-08-03', 1, '2019-08-14 22:33:38', '2019-08-14 22:35:14', 10, 86),
(801, '2019-08-03', 1, '2019-08-14 22:44:31', '2019-08-14 22:44:31', 10, 111),
(802, '2019-08-03', 1, '2019-08-14 22:45:29', '2019-08-14 22:47:40', 10, 320),
(803, '2019-08-03', 1, '2019-08-14 22:46:35', '2019-08-14 22:46:35', 10, 84),
(804, '2019-08-03', 1, '2019-08-14 22:53:10', '2019-08-14 22:53:10', 13, 254),
(805, '2019-08-03', 1, '2019-08-14 22:54:32', '2019-08-14 22:54:32', 13, 252),
(806, '2019-08-03', 1, '2019-08-14 22:55:56', '2019-08-14 22:55:56', 13, 265),
(807, '2019-08-03', 1, '2019-08-14 22:56:57', '2019-08-14 22:56:57', 13, 641),
(808, '2019-08-03', 1, '2019-08-14 22:58:11', '2019-08-14 22:58:11', 13, 39),
(809, '2019-08-03', 10, '2019-08-14 22:59:27', '2019-08-14 22:59:27', 13, 285),
(810, '2019-08-03', 10, '2019-08-14 23:00:22', '2019-08-14 23:00:22', 13, 286),
(811, '2019-08-03', 10, '2019-08-14 23:02:24', '2019-08-14 23:02:24', 13, 288),
(812, '2019-08-12', 1, '2019-08-14 23:05:01', '2019-08-14 23:05:01', 14, 11),
(813, '2019-08-13', 1, '2019-08-14 23:06:00', '2019-08-14 23:06:00', 14, 93),
(814, '2019-08-15', 1, '2019-08-14 23:07:28', '2019-08-14 23:07:28', 14, 585),
(815, '2019-08-08', 2, '2019-08-14 23:09:47', '2019-08-14 23:09:47', 2, 587),
(816, '2019-08-12', 1, '2019-08-20 02:31:31', '2019-08-20 02:31:31', 13, 261),
(817, '2019-08-20', 1, '2019-09-02 05:10:06', '2019-09-02 05:10:06', 13, 625),
(818, '2019-08-27', 1, '2019-09-02 05:14:54', '2019-09-02 05:14:54', 13, 649),
(819, '2019-08-27', 1, '2019-09-02 05:16:07', '2019-09-02 05:16:07', 13, 650),
(820, '2019-08-27', 1, '2019-09-02 05:17:19', '2019-09-02 05:17:19', 13, 70),
(821, '2019-08-29', 1, '2019-09-02 05:19:11', '2019-09-02 05:19:11', 14, 93),
(822, '2019-08-29', 1, '2019-09-02 05:20:34', '2019-09-02 05:20:34', 14, 585),
(823, '2019-08-30', 1, '2019-09-02 05:21:54', '2019-09-02 05:21:54', 17, 644),
(824, '2019-08-30', 1, '2019-09-02 05:25:10', '2019-09-02 05:25:10', 17, 20),
(825, '2019-08-30', 1, '2019-09-02 05:26:52', '2019-09-02 05:26:52', 17, 651),
(826, '2019-08-31', 1, '2019-09-02 05:35:42', '2019-09-02 05:35:42', 14, 585),
(827, '2019-08-31', 1, '2019-09-02 05:36:33', '2019-09-02 05:36:33', 13, 10),
(828, '2019-08-13', 1, '2019-09-02 05:42:52', '2019-09-02 05:42:52', 13, 11),
(829, '2019-08-13', 1, '2019-09-02 05:43:51', '2019-09-02 05:43:51', 13, 84),
(830, '2019-08-13', 1, '2019-09-02 05:44:23', '2019-09-02 05:44:23', 13, 112),
(831, '2019-08-13', 1, '2019-09-02 05:46:33', '2019-09-02 05:46:33', 13, 625),
(832, '2019-08-13', 1, '2019-09-02 05:47:53', '2019-09-02 05:47:53', 13, 86),
(833, '2019-08-13', 1, '2019-09-02 05:49:12', '2019-09-02 05:49:12', 13, 326),
(834, '2019-08-10', 1, '2019-09-02 05:50:04', '2019-09-02 05:50:04', 14, 11),
(835, '2019-08-10', 1, '2019-09-02 05:51:17', '2019-09-02 05:51:17', 1, 568),
(836, '2019-08-10', 1, '2019-09-02 05:52:04', '2019-09-02 05:52:04', 1, 569),
(837, '2019-08-24', 1, '2019-09-02 05:53:16', '2019-09-02 05:53:16', 11, 111),
(838, '2019-08-24', 1, '2019-09-02 05:53:59', '2019-09-02 05:53:59', 11, 628),
(839, '2019-08-24', 1, '2019-09-02 05:54:38', '2019-09-02 05:54:38', 11, 503),
(840, '2019-08-31', 1, '2019-09-20 05:04:01', '2019-09-20 05:04:01', 13, 256),
(841, '2019-07-29', 1, '2019-09-20 05:05:52', '2019-09-20 05:05:52', 13, 261),
(842, '2019-07-19', 1, '2019-09-20 05:06:59', '2019-09-20 05:06:59', 13, 256),
(843, '2019-09-05', 1, '2019-09-20 05:09:29', '2019-09-20 05:09:29', 13, 255),
(844, '2019-03-27', 1, '2019-09-20 05:13:43', '2019-09-20 05:13:43', 13, 254),
(845, '2019-03-27', 1, '2019-09-20 05:14:45', '2019-09-20 05:14:45', 13, 255),
(846, '2019-03-27', 1, '2019-09-20 05:15:41', '2019-09-20 05:15:41', 13, 252),
(847, '2019-03-27', 1, '2019-09-20 05:17:22', '2019-09-20 05:17:22', 13, 299),
(848, '2019-08-24', 1, '2019-09-23 05:38:59', '2019-09-23 05:38:59', 14, 111),
(849, '2019-08-24', 1, '2019-09-23 05:40:21', '2019-09-23 05:40:21', 14, 112),
(850, '2019-08-24', 1, '2019-09-23 05:45:35', '2019-09-23 05:45:35', 9, 84),
(851, '2019-08-24', 1, '2019-09-23 05:48:07', '2019-09-23 05:48:07', 9, 86),
(852, '2019-08-23', 30, '2019-09-23 05:50:52', '2019-09-23 05:50:52', 1, 391),
(853, '2019-08-24', 1, '2019-09-23 05:52:02', '2019-09-23 05:52:02', 10, 641),
(854, '2019-08-24', 1, '2019-09-23 05:53:58', '2019-09-23 05:53:58', 10, 320),
(855, '2019-08-24', 1, '2019-09-23 05:56:01', '2019-09-23 05:56:01', 10, 86),
(856, '2019-08-10', 1, '2019-09-23 05:57:56', '2019-09-23 05:57:56', 15, 112),
(857, '2019-08-24', 3, '2019-09-24 03:27:47', '2019-09-24 03:27:47', 4, 327),
(858, '2019-08-24', 1, '2019-09-24 03:29:11', '2019-09-24 03:29:11', 4, 371),
(859, '2019-08-24', 1, '2019-09-24 03:30:17', '2019-09-24 03:30:17', 15, 11),
(860, '2019-09-07', 1, '2019-09-24 03:32:14', '2019-09-24 03:32:14', 11, 11),
(861, '2019-09-07', 1, '2019-09-24 03:34:11', '2019-09-24 03:34:11', 11, 84),
(862, '2019-09-14', 1, '2019-09-24 03:37:31', '2019-09-24 03:37:31', 14, 594),
(863, '2019-09-14', 1, '2019-09-24 03:39:27', '2019-09-24 03:39:27', 14, 11),
(864, '2019-09-17', 1, '2019-09-24 03:45:24', '2019-09-24 03:45:24', 13, 319),
(865, '2019-09-17', 1, '2019-09-24 03:53:32', '2019-09-24 03:53:32', 13, 111),
(866, '2019-09-17', 1, '2019-09-24 03:55:10', '2019-09-24 03:55:10', 13, 582),
(867, '2019-09-21', 1, '2019-09-24 03:59:43', '2019-09-24 03:59:43', 11, 503),
(868, '2019-09-21', 1, '2019-09-24 04:01:10', '2019-09-24 04:01:10', 11, 71),
(869, '2019-09-21', 1, '2019-09-24 04:05:32', '2019-09-24 04:05:32', 10, 628),
(870, '2019-09-17', 1, '2019-09-24 04:08:36', '2019-09-24 04:08:36', 13, 37),
(871, '2019-09-17', 1, '2019-09-24 04:10:22', '2019-09-24 04:10:22', 13, 38),
(872, '2019-09-17', 1, '2019-09-24 04:11:19', '2019-09-24 04:11:19', 13, 495),
(873, '2019-09-21', 1, '2019-09-24 04:14:09', '2019-09-24 04:17:05', 15, 641),
(874, '2019-09-21', 1, '2019-09-24 04:15:29', '2019-09-24 04:17:51', 10, 112),
(875, '2019-09-21', 1, '2019-09-24 04:18:30', '2019-09-24 04:18:30', 10, 111),
(876, '2019-09-21', 1, '2019-09-24 04:19:39', '2019-09-24 04:19:39', 3, 640),
(877, '2019-09-21', 1, '2019-09-24 04:33:06', '2019-09-24 04:33:06', 6, 436),
(878, '2019-09-21', 1, '2019-09-24 04:34:46', '2019-09-24 04:34:46', 6, 437),
(879, '2019-09-21', 1, '2019-09-24 04:36:30', '2019-10-03 03:04:58', 9, 112),
(880, '2019-09-21', 1, '2019-09-24 04:38:35', '2019-09-24 04:38:35', 6, 628),
(881, '2019-08-24', 3, '2019-09-24 04:47:09', '2019-09-24 04:47:09', 5, 326),
(882, '2019-08-24', 3, '2019-09-24 04:48:49', '2019-09-24 04:48:49', 5, 327),
(883, '2019-08-10', 1, '2019-09-24 04:55:14', '2019-09-24 04:55:14', 15, 84),
(884, '2019-08-24', 1, '2019-09-24 05:06:25', '2019-09-24 05:06:25', 14, 485),
(885, '2019-09-04', 1, '2019-09-24 05:09:15', '2019-09-24 05:09:15', 18, 79),
(886, '2019-09-09', 1, '2019-09-24 05:10:35', '2019-09-24 05:11:15', 13, 93),
(887, '2019-09-16', 1, '2019-09-24 05:12:16', '2019-09-24 05:12:16', 17, 20),
(888, '2019-09-18', 1, '2019-09-24 05:13:51', '2019-09-24 05:13:51', 14, 93),
(889, '2019-09-21', 1, '2019-09-24 05:15:09', '2019-09-24 05:15:09', 17, 651),
(890, '2019-08-27', 1, '2019-09-27 22:46:52', '2019-09-27 22:46:52', 14, 95),
(891, '2019-08-24', 1, '2019-09-27 22:52:21', '2019-09-27 22:52:21', 13, 94),
(892, '2019-09-16', 2, '2019-09-27 22:54:14', '2019-09-27 22:54:14', 14, 94),
(893, '2019-09-17', 2, '2019-09-27 22:55:37', '2019-09-27 22:55:37', 13, 94),
(894, '2019-09-25', 1, '2019-09-27 22:57:17', '2019-09-27 22:57:17', 10, 641),
(895, '2019-09-25', 1, '2019-09-27 22:58:21', '2019-09-27 22:58:21', 9, 84),
(896, '2019-09-25', 1, '2019-09-27 23:01:31', '2019-09-27 23:01:31', 10, 84),
(897, '2019-09-26', 1, '2019-09-27 23:02:15', '2019-09-27 23:02:15', 14, 93),
(898, '2019-09-28', 1, '2019-10-03 04:57:53', '2019-10-03 04:57:53', 13, 84),
(899, '2019-09-28', 1, '2019-10-03 04:59:13', '2019-10-03 04:59:13', 13, 71),
(900, '2019-09-28', 1, '2019-10-03 05:01:09', '2019-10-03 05:01:09', 13, 485),
(901, '2019-09-28', 1, '2019-10-03 05:02:08', '2019-10-03 05:02:08', 9, 320),
(902, '2019-09-28', 1, '2019-10-03 05:03:17', '2019-10-03 05:03:17', 4, 129),
(903, '2019-09-28', 1, '2019-10-03 05:04:22', '2019-10-03 05:04:22', 15, 84),
(904, '2019-09-28', 1, '2019-10-03 05:06:46', '2019-10-03 05:06:46', 5, 437),
(905, '2019-09-28', 1, '2019-10-03 05:08:11', '2019-10-03 05:08:11', 5, 557),
(906, '2019-09-28', 1, '2019-10-03 05:09:33', '2019-10-03 05:09:33', 5, 558),
(907, '2019-09-28', 1, '2019-10-03 05:10:40', '2019-10-03 05:10:40', 5, 368),
(908, '2019-09-28', 1, '2019-10-03 05:12:00', '2019-10-03 05:12:00', 5, 377),
(909, '2019-09-28', 1, '2019-10-03 05:13:43', '2019-10-03 05:13:43', 1, 132),
(910, '2019-09-28', 1, '2019-10-03 05:15:09', '2019-10-03 05:15:09', 1, 654),
(911, '2019-09-28', 1, '2019-10-03 05:15:59', '2019-10-03 05:15:59', 1, 38),
(912, '2019-10-01', 2, '2019-10-03 05:19:01', '2019-10-03 05:19:01', 13, 94),
(913, '2019-10-02', 1, '2019-10-03 05:20:16', '2019-10-03 05:20:16', 17, 20),
(914, '2019-10-08', 1, '2019-10-07 17:35:15', '2019-10-07 17:35:15', 2, 128),
(915, '2019-10-08', 1, '2019-10-07 17:36:53', '2019-10-07 17:36:53', 2, 129),
(916, '2019-10-08', 1, '2019-10-07 17:38:09', '2019-10-07 17:38:09', 2, 131),
(917, '2019-10-08', 1, '2019-10-07 17:39:18', '2019-10-07 17:39:18', 2, 132),
(918, '2019-10-08', 1, '2019-10-07 17:40:32', '2019-10-07 17:40:32', 2, 133),
(919, '2019-10-08', 1, '2019-10-07 17:41:51', '2019-10-07 17:41:51', 2, 656),
(920, '2019-10-08', 1, '2019-10-07 17:43:07', '2019-10-07 17:43:07', 2, 655),
(921, '2019-10-08', 1, '2019-10-07 17:45:16', '2019-10-07 17:45:16', 3, 128),
(922, '2019-10-08', 1, '2019-10-07 17:46:38', '2019-10-07 17:47:51', 3, 129),
(923, '2019-10-08', 1, '2019-10-07 17:49:15', '2019-10-07 17:49:15', 3, 131),
(924, '2019-10-08', 1, '2019-10-07 17:50:39', '2019-10-07 17:50:39', 3, 133),
(925, '2019-10-08', 1, '2019-10-07 17:52:23', '2019-10-07 17:52:23', 3, 134),
(926, '2019-10-08', 1, '2019-10-07 17:53:28', '2019-10-07 17:53:28', 3, 139),
(927, '2019-10-08', 1, '2019-10-07 17:54:45', '2019-10-07 17:54:45', 3, 656),
(928, '2019-10-08', 1, '2019-10-07 17:56:14', '2019-10-07 17:56:14', 4, 128),
(929, '2019-10-08', 1, '2019-10-07 17:57:11', '2019-10-07 17:57:11', 4, 129),
(930, '2019-10-08', 1, '2019-10-07 17:58:45', '2019-10-07 17:58:45', 4, 131),
(931, '2019-10-08', 1, '2019-10-07 17:59:41', '2019-10-07 17:59:41', 4, 133),
(932, '2019-10-08', 1, '2019-10-07 18:00:26', '2019-10-07 18:00:26', 4, 134),
(933, '2019-10-08', 1, '2019-10-07 18:02:05', '2019-10-07 18:02:05', 4, 139),
(934, '2019-10-08', 1, '2019-10-07 18:03:35', '2019-10-07 18:03:35', 4, 656),
(935, '2019-10-08', 1, '2019-10-07 18:04:58', '2019-10-07 18:04:58', 5, 129),
(936, '2019-10-08', 1, '2019-10-07 18:05:59', '2019-10-07 18:05:59', 5, 131),
(937, '2019-10-08', 1, '2019-10-07 18:07:35', '2019-10-07 18:07:35', 5, 132),
(938, '2019-10-08', 1, '2019-10-07 18:08:29', '2019-10-07 18:08:29', 5, 133),
(939, '2019-10-08', 1, '2019-10-07 18:09:13', '2019-10-07 18:09:13', 5, 134),
(940, '2019-10-08', 1, '2019-10-07 18:10:57', '2019-10-07 18:10:57', 5, 139),
(941, '2019-10-08', 1, '2019-10-07 18:12:11', '2019-10-07 18:12:11', 5, 656),
(942, '2019-10-08', 1, '2019-10-07 18:15:16', '2019-10-07 18:15:16', 6, 129),
(943, '2019-10-08', 1, '2019-10-07 18:16:03', '2019-10-07 18:16:03', 6, 131),
(944, '2019-10-08', 1, '2019-10-07 18:17:13', '2019-10-07 18:17:13', 6, 132),
(945, '2019-10-08', 1, '2019-10-07 18:18:05', '2019-10-07 18:18:05', 6, 133),
(946, '2019-10-08', 1, '2019-10-07 18:19:01', '2019-10-07 18:19:01', 6, 134),
(947, '2019-10-08', 1, '2019-10-07 18:19:49', '2019-10-07 18:19:49', 6, 139),
(948, '2019-10-08', 1, '2019-10-07 18:20:41', '2019-10-07 18:20:41', 6, 656),
(949, '2019-10-08', 1, '2019-10-07 18:21:26', '2019-10-07 18:21:26', 7, 131),
(950, '2019-10-08', 1, '2019-10-07 18:22:14', '2019-10-07 18:22:14', 7, 129),
(951, '2019-10-08', 1, '2019-10-07 18:22:55', '2019-10-07 18:22:55', 7, 139),
(952, '2019-10-08', 1, '2019-10-07 18:23:31', '2019-10-07 18:23:31', 7, 656),
(953, '2019-10-08', 1, '2019-10-07 18:24:31', '2019-10-07 18:24:31', 8, 129),
(954, '2019-10-08', 1, '2019-10-07 18:25:19', '2019-10-07 18:25:19', 8, 131),
(955, '2019-10-08', 1, '2019-10-07 18:26:10', '2019-10-07 18:26:10', 8, 139),
(956, '2019-10-08', 1, '2019-10-07 18:26:51', '2019-10-07 18:26:51', 8, 656),
(957, '2019-10-08', 1, '2019-11-04 03:26:01', '2019-11-04 03:26:01', 13, 93),
(958, '2019-10-11', 1, '2019-11-04 03:27:16', '2019-11-04 03:27:16', 17, 651),
(959, '2019-10-16', 1, '2019-11-04 03:29:23', '2019-11-04 03:29:23', 14, 652),
(960, '2019-10-17', 2, '2019-11-04 03:30:22', '2019-11-04 03:30:22', 17, 593),
(961, '2019-10-19', 1, '2019-11-04 03:31:48', '2019-11-04 03:31:48', 17, 20),
(962, '2019-10-24', 1, '2019-11-04 03:34:32', '2019-11-04 03:34:32', 6, 602),
(963, '2019-10-05', 1, '2019-11-04 03:38:34', '2019-11-04 03:38:34', 1, 133),
(964, '2019-10-05', 1, '2019-11-04 03:40:11', '2019-11-04 03:40:11', 1, 134),
(965, '2019-10-05', 1, '2019-11-04 03:42:17', '2019-11-04 03:42:17', 1, 131),
(966, '2019-10-05', 1, '2019-11-04 03:43:33', '2019-11-04 03:43:33', 14, 84),
(967, '2019-10-05', 1, '2019-11-04 03:45:10', '2019-11-04 03:45:10', 14, 503),
(968, '2019-10-05', 1, '2019-11-04 03:49:37', '2019-11-04 03:49:37', 4, 558),
(969, '2019-10-05', 1, '2019-11-04 03:53:16', '2019-11-04 03:53:16', 13, 625),
(970, '2019-10-05', 1, '2019-11-04 03:56:22', '2019-11-04 03:56:22', 13, 251),
(971, '2019-10-05', 1, '2019-11-04 03:57:27', '2019-11-04 03:57:27', 13, 253),
(972, '2019-10-05', 1, '2019-11-04 03:58:25', '2019-11-04 03:58:25', 13, 255),
(973, '2019-10-05', 1, '2019-11-04 03:59:31', '2019-11-04 03:59:31', 13, 266),
(974, '2019-10-05', 1, '2019-11-04 04:00:35', '2019-11-04 04:00:35', 13, 257),
(975, '2019-10-05', 1, '2019-11-04 04:01:31', '2019-11-04 04:01:31', 13, 299),
(976, '2019-10-05', 1, '2019-11-04 04:02:44', '2019-11-04 04:02:44', 13, 264),
(977, '2019-10-19', 1, '2019-11-04 04:13:07', '2019-11-04 04:13:07', 11, 628),
(978, '2019-10-19', 1, '2019-11-04 04:13:59', '2019-11-04 04:13:59', 11, 84),
(979, '2019-10-19', 1, '2019-11-04 04:14:52', '2019-11-04 04:14:52', 11, 320),
(980, '2019-10-12', 1, '2019-11-04 04:16:15', '2019-11-04 04:16:15', 15, 319),
(981, '2019-10-12', 1, '2019-11-04 04:17:21', '2019-11-04 04:17:21', 15, 334),
(982, '2019-10-12', 1, '2019-11-04 04:18:12', '2019-11-04 04:18:12', 15, 112),
(983, '2019-10-19', 1, '2019-11-04 04:19:11', '2019-11-04 04:19:11', 10, 84),
(984, '2019-10-19', 1, '2019-11-04 04:19:55', '2019-11-04 04:19:55', 10, 334),
(985, '2019-10-19', 1, '2019-11-04 04:21:41', '2019-11-04 04:21:41', 13, 321),
(986, '2019-10-19', 1, '2019-11-04 04:22:36', '2019-11-04 04:22:36', 13, 319),
(987, '2019-10-25', 5, '2019-11-04 04:24:18', '2019-11-04 04:24:18', 16, 604),
(988, '2019-10-25', 1, '2019-11-04 04:25:34', '2019-11-04 04:25:34', 16, 606),
(989, '2019-10-29', 1, '2019-11-04 04:27:30', '2019-11-04 04:27:30', 14, 320),
(990, '2019-10-30', 1, '2019-11-04 04:28:59', '2019-11-04 04:28:59', 14, 94),
(991, '2019-10-31', 1, '2019-11-04 04:30:08', '2019-11-04 04:30:08', 14, 93),
(992, '2019-07-29', 1, '2019-11-13 19:37:27', '2019-11-13 19:37:27', 14, 93),
(993, '2019-10-05', 1, '2019-11-13 19:41:44', '2019-11-13 19:41:44', 5, 202),
(994, '2019-10-12', 1, '2019-11-13 19:43:50', '2019-11-13 19:43:50', 4, 191),
(995, '2019-10-19', 1, '2019-11-13 19:45:02', '2019-11-13 19:45:02', 5, 191),
(996, '2019-10-19', 1, '2019-11-13 19:47:46', '2019-11-13 19:47:46', 5, 199),
(997, '2019-10-19', 1, '2019-11-13 19:49:16', '2019-11-13 19:49:16', 5, 198),
(998, '2019-10-19', 1, '2019-11-13 19:50:54', '2019-11-13 19:50:54', 5, 196),
(999, '2019-10-19', 1, '2019-11-13 19:52:15', '2019-11-13 19:52:15', 5, 202),
(1000, '2019-10-19', 1, '2019-11-13 19:54:03', '2019-11-13 19:54:03', 5, 201),
(1001, '2019-10-05', 1, '2019-11-13 19:56:16', '2019-11-13 19:56:16', 8, 191),
(1002, '2019-10-05', 1, '2019-11-13 19:57:54', '2019-11-13 19:57:54', 8, 196),
(1003, '2019-10-05', 1, '2019-11-13 20:01:29', '2019-11-13 20:01:29', 8, 199),
(1004, '2019-10-05', 1, '2019-11-13 20:03:45', '2019-11-13 20:03:45', 4, 191),
(1005, '2019-10-05', 1, '2019-11-13 20:05:21', '2019-11-13 20:05:21', 4, 196),
(1006, '2019-09-28', 1, '2019-11-14 04:37:48', '2019-11-14 04:37:48', 2, 191),
(1007, '2019-09-28', 1, '2019-11-14 04:38:46', '2019-11-14 04:38:46', 2, 196),
(1008, '2019-09-28', 1, '2019-11-14 04:39:38', '2019-11-14 04:39:38', 2, 199),
(1009, '2019-09-28', 1, '2019-11-14 04:40:27', '2019-11-14 04:40:27', 2, 202),
(1010, '2019-04-11', 1, '2019-11-16 02:41:22', '2019-11-16 02:41:22', 14, 653),
(1011, '2019-07-10', 1, '2019-11-16 02:42:26', '2019-11-16 02:42:26', 14, 653),
(1012, '2019-08-20', 1, '2019-11-16 02:43:24', '2019-11-16 02:43:24', 14, 653),
(1013, '2019-10-07', 1, '2019-11-16 02:45:10', '2019-11-16 02:45:10', 14, 653),
(1014, '2019-11-12', 1, '2019-11-16 03:14:05', '2019-11-16 03:14:05', 13, 191),
(1015, '2019-11-12', 1, '2019-11-16 03:15:03', '2019-11-16 03:15:03', 13, 196),
(1016, '2019-11-12', 1, '2019-11-16 03:16:06', '2019-11-16 03:16:06', 13, 625),
(1017, '2019-11-12', 1, '2019-11-16 03:16:38', '2019-11-16 03:16:38', 13, 270),
(1018, '2019-11-12', 1, '2019-11-16 03:17:20', '2019-11-16 03:17:20', 13, 84),
(1019, '2019-10-26', 1, '2019-11-16 03:20:06', '2019-11-16 03:20:06', 14, 87),
(1020, '2019-11-08', 1, '2019-11-16 03:26:26', '2019-11-16 03:26:26', 4, 327),
(1021, '2019-10-26', 1, '2019-11-16 03:29:31', '2019-11-16 03:29:31', 13, 10),
(1022, '2019-10-26', 1, '2019-11-16 03:30:10', '2019-11-16 03:30:10', 13, 625),
(1023, '2019-10-26', 1, '2019-11-16 03:30:59', '2019-11-16 03:30:59', 13, 254),
(1024, '2019-10-26', 1, '2019-11-16 03:32:21', '2019-11-16 03:32:21', 13, 191),
(1025, '2019-10-26', 3, '2019-11-16 03:33:13', '2019-11-16 03:33:13', 13, 326),
(1026, '2019-10-26', 2, '2019-11-16 03:34:07', '2019-11-16 03:34:07', 13, 327),
(1027, '2019-10-26', 1, '2019-11-16 03:35:03', '2019-11-16 03:35:03', 15, 503),
(1028, '2019-10-26', 1, '2019-11-16 03:35:39', '2019-11-16 03:35:39', 9, 84),
(1029, '2019-10-26', 1, '2019-11-16 03:36:29', '2019-11-16 03:36:29', 9, 10),
(1030, '2019-10-26', 1, '2019-11-16 03:37:15', '2019-11-16 03:37:15', 9, 320),
(1031, '2019-10-26', 1, '2019-11-16 03:39:00', '2019-11-16 03:39:00', 6, 191),
(1032, '2019-10-26', 1, '2019-11-16 03:39:40', '2019-11-16 03:39:40', 6, 196),
(1033, '2019-10-26', 1, '2019-11-16 03:41:22', '2019-11-16 03:41:22', 6, 199),
(1034, '2019-10-26', 1, '2019-11-16 03:42:44', '2019-11-16 03:42:44', 6, 202),
(1035, '2019-10-26', 1, '2019-11-16 03:43:56', '2019-11-16 03:43:56', 5, 191),
(1036, '2019-10-26', 1, '2019-11-16 03:44:56', '2019-11-16 03:44:56', 5, 196),
(1037, '2019-10-26', 1, '2019-11-16 03:46:54', '2019-11-16 03:46:54', 5, 204),
(1038, '2019-11-07', 1, '2019-11-16 04:25:22', '2019-11-16 04:25:22', 17, 61),
(1039, '2019-11-12', 1, '2019-11-16 04:26:31', '2019-11-16 04:26:31', 18, 79),
(1040, '2019-11-13', 12, '2019-11-16 04:27:11', '2019-11-16 04:27:11', 13, 18),
(1041, '2019-08-24', 3, '2019-11-18 19:20:26', '2019-11-18 19:20:26', 13, 610),
(1042, '2019-06-24', 1, '2019-11-18 19:29:07', '2019-11-18 19:29:07', 17, 667),
(1043, '2019-10-05', 1, '2019-11-18 20:03:04', '2019-11-18 20:04:19', 13, 86),
(1044, '2019-10-26', 1, '2019-11-18 20:06:36', '2019-11-18 20:06:36', 13, 86),
(1045, '2019-10-19', 1, '2019-11-18 20:09:09', '2019-11-18 20:09:09', 11, 86),
(1046, '2019-10-19', 1, '2019-11-18 20:52:25', '2019-11-18 20:52:25', 10, 11),
(1047, '2019-10-12', 1, '2019-11-18 20:53:21', '2019-11-18 20:53:21', 15, 11),
(1048, '2019-10-26', 1, '2019-11-18 20:55:03', '2019-11-18 20:55:03', 9, 11),
(1049, '2019-10-26', 1, '2019-11-18 20:56:42', '2019-11-18 20:56:42', 11, 11),
(1050, '2019-10-26', 1, '2019-11-18 20:57:45', '2019-11-18 20:57:45', 14, 11),
(1051, '2019-10-29', 1, '2019-11-18 20:59:28', '2019-11-18 20:59:28', 13, 11),
(1052, '2019-11-20', 2, '2019-11-20 01:16:52', '2019-11-20 01:16:52', 14, 669),
(1053, '2019-11-20', 25, '2019-11-20 01:17:43', '2019-11-20 01:17:43', 14, 670),
(1054, '2019-11-20', 2, '2019-11-20 01:19:15', '2019-11-20 01:19:15', 14, 668),
(1055, '2019-11-15', 10, '2019-11-20 04:04:33', '2019-11-20 04:04:33', 2, 543),
(1056, '2019-11-15', 10, '2019-11-20 04:05:26', '2019-11-20 04:05:26', 7, 543),
(1057, '2019-11-15', 10, '2019-11-20 04:06:15', '2019-11-20 04:06:15', 6, 543),
(1058, '2019-11-15', 10, '2019-11-20 04:07:02', '2019-11-20 04:07:02', 5, 543),
(1059, '2019-11-15', 10, '2019-11-20 04:07:49', '2019-11-20 04:07:49', 3, 543),
(1060, '2019-11-15', 10, '2019-11-20 04:08:27', '2019-11-20 04:08:27', 4, 543),
(1061, '2019-11-17', 1, '2019-11-20 04:09:27', '2019-11-20 04:09:27', 14, 662),
(1062, '2019-11-17', 1, '2019-11-20 04:10:07', '2019-11-20 04:10:07', 14, 663),
(1063, '2019-11-17', 1, '2019-11-20 04:10:59', '2019-11-20 04:10:59', 14, 544),
(1064, '2019-11-17', 1, '2019-11-20 04:11:57', '2019-11-20 04:11:57', 14, 74),
(1065, '2019-11-17', 1, '2019-11-20 04:13:38', '2019-11-20 04:13:38', 14, 661),
(1066, '2019-11-17', 1, '2019-11-20 04:14:46', '2019-11-20 04:14:46', 14, 659),
(1067, '2019-11-17', 5, '2019-11-20 04:15:43', '2019-11-20 04:15:43', 14, 660),
(1068, '2019-11-20', 1, '2019-11-20 04:17:59', '2019-11-20 04:17:59', 14, 11),
(1069, '2019-11-20', 1, '2019-11-20 04:18:46', '2019-11-20 04:18:46', 10, 84),
(1070, '2019-07-20', 1, '2019-11-27 19:33:03', '2019-11-27 19:33:03', 2, 454),
(1071, '2019-11-26', 1, '2019-11-27 20:05:59', '2019-11-27 20:05:59', 17, 20),
(1072, '2019-11-21', 1, '2019-11-27 20:07:20', '2019-11-27 20:07:20', 15, 86),
(1073, '2019-11-21', 1, '2019-11-27 20:09:21', '2019-11-27 20:09:21', 14, 653),
(1074, '2019-11-21', 1, '2019-11-27 20:11:30', '2019-11-27 20:11:30', 14, 652),
(1075, '2019-11-23', 1, '2019-11-27 20:13:42', '2019-11-27 20:13:42', 13, 95),
(1076, '2019-11-25', 1, '2019-11-27 20:14:57', '2019-11-27 20:14:57', 14, 94),
(1077, '2019-11-26', 1, '2019-11-27 20:18:49', '2019-11-27 20:18:49', 13, 84),
(1078, '2019-11-26', 1, '2019-11-27 20:19:40', '2019-11-27 20:19:40', 13, 11),
(1079, '2019-11-26', 1, '2019-11-27 20:20:46', '2019-11-27 20:20:46', 13, 149),
(1080, '2019-11-26', 1, '2019-11-27 20:33:19', '2019-11-27 20:33:19', 13, 319),
(1081, '2019-11-23', 1, '2019-11-27 20:36:25', '2019-11-27 20:36:25', 14, 10),
(1082, '2019-11-23', 1, '2019-11-27 20:37:07', '2019-11-27 20:37:07', 14, 149),
(1083, '2019-11-23', 1, '2019-11-27 20:38:15', '2019-11-27 20:38:15', 14, 147),
(1084, '2019-11-23', 1, '2019-11-27 20:39:19', '2019-11-27 20:39:19', 10, 111),
(1085, '2019-11-23', 1, '2019-11-27 20:40:21', '2019-11-27 20:40:21', 10, 112),
(1086, '2019-11-23', 1, '2019-11-27 20:42:59', '2019-11-27 20:42:59', 10, 10),
(1087, '2019-11-23', 1, '2019-11-27 20:43:50', '2019-11-27 20:43:50', 14, 11),
(1088, '2019-11-23', 1, '2019-11-27 20:44:31', '2019-11-27 20:44:31', 10, 319),
(1089, '2019-11-16', 1, '2019-11-27 20:47:19', '2019-11-27 20:47:19', 11, 111),
(1090, '2019-11-16', 1, '2019-11-27 20:48:08', '2019-11-27 20:48:08', 11, 84),
(1091, '2019-11-23', 1, '2019-11-27 20:49:59', '2019-11-27 20:49:59', 13, 147),
(1092, '2019-11-23', 1, '2019-11-27 20:51:32', '2019-11-27 20:51:32', 13, 191),
(1093, '2019-11-16', 1, '2019-11-27 20:53:29', '2019-11-27 20:53:29', 5, 368),
(1094, '2019-11-16', 1, '2019-11-27 20:54:57', '2019-11-27 20:54:57', 5, 147),
(1095, '2019-11-26', 1, '2019-11-27 21:04:15', '2019-11-27 21:04:15', 13, 134),
(1096, '2019-11-26', 1, '2019-11-27 21:05:01', '2019-11-27 21:05:01', 13, 654),
(1097, '2019-11-15', 1, '2019-11-28 01:58:35', '2019-11-28 01:58:35', 14, 214),
(1098, '2019-11-15', 1, '2019-11-28 01:59:27', '2019-11-28 01:59:27', 14, 672),
(1099, '2019-11-15', 1, '2019-11-28 02:00:48', '2019-11-28 02:00:48', 14, 215),
(1100, '2019-09-28', 1, '2019-12-05 05:14:11', '2019-12-05 05:14:11', 11, 525),
(1101, '2019-05-20', 2, '2019-12-06 18:54:31', '2019-12-06 18:54:31', 2, 594),
(1102, '2019-11-30', 1, '2019-12-06 19:06:45', '2019-12-06 19:06:45', 16, 648),
(1103, '2019-11-30', 1, '2019-12-06 19:09:49', '2019-12-06 19:09:49', 13, 261),
(1104, '2019-11-30', 1, '2019-12-06 19:13:57', '2019-12-06 19:13:57', 13, 94),
(1105, '2021-12-03', 1, '2019-12-06 19:15:44', '2019-12-06 19:17:31', 17, 651),
(1106, '2019-12-03', 1, '2019-12-06 19:22:02', '2019-12-06 19:22:02', 13, 261),
(1107, '2019-12-03', 1, '2019-12-06 19:23:30', '2019-12-06 19:23:30', 13, 253),
(1108, '2019-12-03', 1, '2019-12-06 19:24:45', '2019-12-06 19:24:45', 13, 93),
(1109, '2019-12-04', 1, '2019-12-06 19:33:54', '2019-12-06 19:33:54', 13, 94),
(1110, '2019-12-06', 1, '2019-12-06 19:36:03', '2019-12-06 19:36:03', 3, 594),
(1111, '2019-12-06', 1, '2019-12-06 19:36:59', '2019-12-06 19:36:59', 5, 594),
(1112, '2019-12-06', 1, '2019-12-06 19:38:32', '2019-12-06 19:38:32', 4, 594),
(1113, '2019-12-06', 1, '2019-12-06 19:39:54', '2019-12-06 19:39:54', 6, 594),
(1114, '2019-12-06', 1, '2019-12-06 19:41:56', '2019-12-06 19:41:56', 13, 595),
(1115, '2019-12-06', 5, '2019-12-06 19:46:27', '2019-12-06 19:46:27', 14, 543),
(1116, '2019-12-03', 5, '2019-12-14 00:55:15', '2019-12-14 00:55:15', 13, 241),
(1117, '2019-12-03', 5, '2019-12-14 00:56:37', '2019-12-14 00:56:37', 13, 243),
(1118, '2019-12-03', 5, '2019-12-14 00:57:43', '2019-12-14 00:57:43', 13, 245),
(1119, '2019-12-03', 5, '2019-12-14 01:00:18', '2019-12-14 01:00:18', 13, 246),
(1120, '2019-12-03', 5, '2019-12-14 01:01:38', '2019-12-14 01:01:38', 13, 244),
(1121, '2019-12-03', 5, '2019-12-14 01:02:44', '2019-12-14 01:02:44', 13, 289),
(1122, '2019-12-07', 2, '2019-12-14 01:11:33', '2019-12-14 01:11:33', 6, 191),
(1123, '2019-12-09', 1, '2019-12-14 01:12:44', '2019-12-14 01:13:49', 14, 625),
(1124, '2019-12-10', 1, '2019-12-14 01:14:49', '2019-12-14 01:14:49', 6, 302),
(1125, '2019-12-10', 1, '2019-12-14 01:16:09', '2019-12-14 01:16:09', 6, 303),
(1126, '2019-12-10', 1, '2019-12-14 01:19:11', '2019-12-14 01:19:11', 6, 227),
(1127, '2019-12-10', 1, '2019-12-14 01:20:10', '2019-12-14 01:20:10', 6, 225),
(1128, '2019-12-10', 2, '2019-12-14 01:23:39', '2019-12-14 01:23:39', 13, 625),
(1129, '2019-12-11', 1, '2019-12-14 01:24:50', '2019-12-14 01:24:50', 4, 119),
(1130, '2019-12-12', 1, '2019-12-14 01:25:47', '2019-12-14 01:26:20', 14, 93),
(1131, '2019-12-10', 1, '2019-12-14 05:12:58', '2019-12-14 05:12:58', 17, 20),
(1132, '2019-12-14', 1, '2019-12-16 17:55:58', '2019-12-16 17:55:58', 3, 127),
(1133, '2019-12-14', 1, '2019-12-16 17:56:59', '2019-12-16 17:56:59', 5, 127),
(1134, '2019-12-14', 1, '2019-12-16 17:58:15', '2019-12-16 17:58:15', 4, 127),
(1135, '2019-12-14', 1, '2019-12-16 17:59:19', '2019-12-16 17:59:19', 7, 127),
(1136, '2019-12-14', 1, '2019-12-16 18:15:23', '2019-12-16 18:15:23', 14, 86),
(1137, '2019-12-14', 1, '2019-12-16 18:16:44', '2019-12-16 18:16:44', 14, 11),
(1138, '2019-12-14', 1, '2019-12-16 18:17:43', '2019-12-16 18:17:43', 14, 319),
(1139, '2019-12-14', 1, '2019-12-16 18:18:45', '2019-12-16 18:18:45', 14, 84),
(1140, '2019-12-14', 1, '2019-12-16 18:20:40', '2019-12-16 18:20:40', 1, 228),
(1141, '2019-12-14', 1, '2019-12-16 18:21:57', '2019-12-16 18:21:57', 1, 226),
(1142, '2019-12-14', 1, '2019-12-16 18:22:48', '2019-12-16 18:22:48', 11, 84),
(1143, '2019-12-14', 1, '2019-12-16 18:23:37', '2019-12-16 18:23:37', 11, 321),
(1144, '2019-12-14', 1, '2019-12-16 18:24:43', '2019-12-16 18:24:43', 10, 322),
(1145, '2019-12-14', 1, '2019-12-16 18:26:10', '2019-12-16 18:26:10', 10, 84),
(1146, '2019-12-14', 1, '2019-12-16 18:27:07', '2019-12-16 18:27:07', 10, 503),
(1147, '2019-12-14', 1, '2019-12-16 18:39:13', '2019-12-16 18:39:13', 3, 190),
(1148, '2019-12-14', 1, '2019-12-16 18:40:19', '2019-12-16 18:40:19', 3, 195),
(1149, '2019-12-14', 1, '2019-12-16 18:41:12', '2019-12-16 18:41:12', 3, 198),
(1150, '2019-12-14', 1, '2019-12-16 18:42:17', '2019-12-16 18:42:17', 3, 201),
(1151, '2019-12-14', 1, '2019-12-16 18:43:24', '2019-12-16 18:43:24', 4, 190),
(1152, '2019-12-14', 2, '2019-12-16 18:44:42', '2019-12-16 18:44:42', 4, 326),
(1153, '2019-12-14', 1, '2019-12-16 18:49:32', '2019-12-16 18:50:15', 15, 11),
(1154, '2019-12-14', 1, '2019-12-16 18:58:10', '2019-12-16 18:58:10', 5, 190);

-- --------------------------------------------------------

--
-- Table structure for table `pembelians`
--

CREATE TABLE `pembelians` (
  `id` int(10) UNSIGNED NOT NULL,
  `no_invoice` varchar(191) COLLATE utf8mb4_unicode_ci NOT NULL,
  `status_pelunasan` tinyint(1) NOT NULL,
  `tanggal` date NOT NULL,
  `harga_total` double NOT NULL,
  `created_at` timestamp NULL DEFAULT NULL,
  `updated_at` timestamp NULL DEFAULT NULL,
  `supplier_id` int(10) UNSIGNED NOT NULL
) ENGINE=InnoDB DEFAULT CHARSET=utf8mb4 COLLATE=utf8mb4_unicode_ci;

--
-- Dumping data for table `pembelians`
--

INSERT INTO `pembelians` (`id`, `no_invoice`, `status_pelunasan`, `tanggal`, `harga_total`, `created_at`, `updated_at`, `supplier_id`) VALUES
(1, 'c016.69283', 0, '2018-07-18', 594000, '2018-07-22 19:41:47', '2018-07-22 19:41:48', 2),
(2, 'KM011114C7', 0, '2018-07-16', 0, '2018-07-24 19:07:11', '2018-07-24 19:07:11', 3),
(3, 'B0027369/KMC1205001', 1, '2018-07-10', 0, '2018-07-24 20:34:06', '2018-07-24 20:34:06', 5),
(4, 'GS-1807273', 0, '2018-07-31', 0, '2018-08-10 03:29:52', '2018-08-10 03:29:52', 6),
(5, 'GS 1807273', 0, '2018-07-31', 0, '2018-08-10 03:34:09', '2018-08-10 03:34:09', 6),
(6, '1807-0323', 0, '2018-07-31', 344800, '2018-08-10 03:36:18', '2018-08-10 03:36:18', 6),
(7, '---', 0, '2018-06-06', 0, '2018-08-10 03:39:35', '2018-08-10 03:39:35', 3),
(8, 'SO/16-08/0956', 0, '2018-08-15', 4640000, '2018-08-20 02:56:03', '2018-08-20 02:56:03', 7),
(9, '---', 1, '2018-08-20', 0, '2018-08-20 03:03:53', '2018-08-20 03:03:53', 8),
(10, 'GS-1808205', 0, '2018-08-20', 4673900, '2018-08-21 18:01:12', '2018-08-21 18:01:13', 6),
(11, 'PJ01-1815090160', 0, '2018-09-20', 864, '2018-09-26 17:51:58', '2018-09-26 17:51:58', 10),
(12, 'PJ01-1816090228', 0, '2018-09-20', 300, '2018-09-26 18:16:13', '2018-09-26 18:16:13', 10),
(13, 'FP18090449', 0, '2018-09-21', 0, '2018-09-26 18:32:35', '2018-09-26 18:32:35', 3),
(14, 'FP18090460', 0, '2018-09-21', 0, '2018-09-26 18:36:38', '2018-09-26 18:36:38', 3),
(15, '0016.70365', 0, '2018-10-03', 375, '2018-10-03 00:58:09', '2018-10-03 00:58:09', 2),
(16, '017/IDC/IX/18', 0, '2018-09-28', 0, '2018-10-03 01:56:13', '2018-10-03 01:56:13', 11),
(17, 'FP 18100008', 0, '2018-10-01', 0, '2018-10-03 02:22:02', '2018-10-03 02:22:02', 3),
(18, '---', 1, '2018-08-29', 0, '2018-10-03 04:40:40', '2018-10-03 04:40:40', 7),
(19, '---', 1, '2018-10-08', 1100000, '2018-10-09 02:41:19', '2018-10-09 02:41:19', 12),
(20, '-----', 1, '2018-10-09', 0, '2018-10-09 02:44:05', '2018-10-09 02:44:05', 3),
(21, '...', 1, '2018-09-19', 0, '2018-10-11 04:44:02', '2018-10-11 04:44:02', 13),
(22, '003/10c/x/18', 0, '2018-10-05', 3613440, '2018-10-12 02:43:00', '2018-10-12 02:43:00', 11),
(23, '049107', 0, '2018-10-13', 3900000, '2018-10-24 20:34:44', '2018-10-24 20:34:46', 12),
(24, 'GA-1810-0041', 0, '2018-10-23', 990000, '2018-10-24 20:49:55', '2018-10-24 20:49:55', 6),
(25, 'T-02410', 1, '2018-11-02', 0, '2018-11-13 17:28:46', '2018-11-13 17:28:46', 7),
(26, '9434', 1, '2018-11-02', 716000, '2018-11-13 17:42:52', '2018-11-13 17:42:52', 14),
(28, '---', 1, '2018-11-02', 3500000, '2018-11-13 18:06:10', '2018-11-13 18:06:11', 12),
(29, '---', 0, '2018-11-02', 0, '2018-11-13 19:02:21', '2018-11-13 19:02:21', 16),
(30, '1811-0010 dan GA 1811-0009', 0, '2018-11-10', 4467700, '2018-11-16 00:36:47', '2018-11-16 00:36:47', 6),
(31, 'CL-2018-11-00196', 1, '2018-11-03', 2300000, '2018-11-17 01:22:29', '2018-11-17 01:22:29', 16),
(32, 'FP11110382', 0, '2018-11-19', 7200000, '2018-11-22 18:24:49', '2018-11-22 18:24:49', 3),
(33, 'FP18110431', 0, '2018-11-21', 2650000, '2018-11-23 17:33:04', '2018-11-23 17:33:04', 3),
(34, 'c004.96979', 0, '2018-11-21', 1955500, '2018-11-24 00:18:24', '2018-11-24 00:18:25', 2),
(35, 'FP-ProMJ/201811/05103', 0, '2018-11-21', 581500, '2018-11-30 02:47:03', '2018-11-30 02:47:03', 17),
(36, 'FP-ProMJ/201811/05102', 0, '2018-11-21', 1848000, '2018-11-30 02:49:13', '2018-11-30 02:49:13', 17),
(37, '---', 1, '2018-12-13', 0, '2018-12-12 19:23:20', '2018-12-12 19:23:20', 18),
(38, 'HADIAH NATAL', 1, '2018-12-06', 0, '2018-12-12 19:35:34', '2018-12-12 19:35:34', 16),
(39, '---', 1, '2018-11-30', 0, '2018-12-12 19:59:26', '2018-12-12 19:59:26', 7),
(40, 'admin_inputted', 1, '2018-06-02', 0, '2019-01-22 00:51:29', '2019-01-22 00:51:29', 19),
(41, '...', 1, '2019-04-27', 1306, '2019-05-06 06:03:42', '2019-05-06 06:03:42', 14),
(42, '01/01/NS/2019/001977', 0, '2019-05-14', 10350000, '2019-05-16 06:12:19', '2019-05-16 06:12:19', 20),
(43, 'KD/19042821', 0, '2019-04-27', 5200000, '2019-05-22 02:29:31', '2019-05-22 02:29:32', 21),
(44, '4755', 1, '2019-05-13', 1937, '2019-05-22 05:38:31', '2019-05-22 05:38:32', 22),
(45, '....', 1, '2019-03-27', 0, '2019-05-24 04:16:01', '2019-05-24 04:16:01', 23),
(46, 'APM19/003', 1, '2019-04-15', 0, '2019-05-24 05:03:09', '2019-05-24 05:03:09', 22),
(47, '39002', 1, '2019-05-13', 212, '2019-05-24 05:14:04', '2019-05-24 05:14:04', 22),
(48, '....', 0, '2019-03-15', 3326400, '2019-05-24 05:25:57', '2019-05-24 05:25:57', 11),
(49, '....', 1, '2019-03-27', 0, '2019-05-25 01:45:16', '2019-05-25 01:45:16', 23),
(50, 'AJIJ-23', 0, '2019-05-24', 4510998, '2019-05-25 02:19:40', '2019-05-25 02:19:40', 14),
(51, '....', 0, '2019-05-27', 0, '2019-05-27 05:14:30', '2019-05-27 05:14:30', 21),
(52, '....', 0, '2019-05-27', 0, '2019-05-27 05:43:28', '2019-05-27 05:43:28', 21),
(53, '....', 0, '2019-05-28', 0, '2019-05-29 20:07:38', '2019-05-29 20:07:38', 21),
(54, 'KM011114C9', 0, '2019-05-07', 0, '2019-06-21 18:19:30', '2019-06-21 18:19:30', 21),
(55, 'SI.19.02.00382', 1, '2019-02-20', 3300000, '2019-06-21 19:02:29', '2019-06-21 19:02:29', 24),
(56, 'SI.19.02.00381', 1, '2019-02-20', 0, '2019-06-21 19:14:21', '2019-06-21 19:14:21', 24),
(57, 'FP19010759', 1, '2019-01-29', 0, '2019-06-21 19:20:43', '2019-06-21 19:20:43', 3),
(58, 'o001.96116', 1, '2019-01-21', 0, '2019-06-21 19:27:32', '2019-06-21 19:27:32', 2),
(59, 'AA19020172', 1, '2019-02-18', 0, '2019-06-21 19:43:35', '2019-06-21 19:43:35', 3),
(60, 'FP19020355', 1, '2019-02-18', 0, '2019-06-21 19:47:06', '2019-06-21 19:47:06', 3),
(61, 'GA-1901-0061', 1, '2019-01-31', 0, '2019-06-21 19:53:17', '2019-06-21 19:53:17', 6),
(62, 'FP19030070', 1, '2019-03-04', 0, '2019-06-21 19:58:05', '2019-06-21 19:58:05', 3),
(63, 'GA-1903-0001', 1, '2019-03-01', 0, '2019-06-21 20:02:16', '2019-06-21 20:02:16', 6),
(64, 'FP19040227', 1, '2019-04-09', 0, '2019-06-21 20:09:27', '2019-06-21 20:09:27', 3),
(65, 'c016.74423', 1, '2019-04-20', 0, '2019-06-21 20:14:18', '2019-06-21 20:14:18', 2),
(66, 'c016.74390', 1, '2019-05-04', 0, '2019-06-21 20:27:35', '2019-06-21 20:27:35', 2),
(67, '.......', 0, '2019-02-18', 0, '2019-06-21 20:34:26', '2019-06-21 20:34:26', 11),
(68, 'GA-1904-0005', 0, '2019-04-04', 0, '2019-06-21 20:38:37', '2019-06-21 20:38:37', 6),
(70, 'GA-1904-0047', 0, '2019-04-22', 0, '2019-06-21 20:59:04', '2019-06-21 20:59:04', 6),
(71, '1904-0030', 0, '2019-04-13', 0, '2019-06-21 21:08:12', '2019-06-21 21:08:12', 6),
(72, '-----', 0, '2019-03-15', 3366400, '2019-06-22 00:50:26', '2019-06-22 00:50:27', 11),
(73, '.........', 1, '2019-02-15', 0, '2019-06-22 02:52:49', '2019-06-22 02:52:49', 25),
(74, 'c016.76382', 0, '2019-06-27', 2112000, '2019-06-26 19:11:00', '2019-06-26 19:11:00', 2),
(75, '*****', 1, '2019-07-06', 0, '2019-07-05 18:47:36', '2019-07-05 18:47:36', 19),
(76, '-----', 1, '2019-05-25', 0, '2019-07-05 20:45:36', '2019-07-05 20:45:36', 27),
(78, '...........', 1, '2019-06-17', 0, '2019-07-06 02:16:31', '2019-07-06 02:16:31', 19),
(79, 'FP-ProNJ/201906/02846', 0, '2019-06-29', 0, '2019-07-07 18:15:37', '2019-07-07 18:15:37', 17),
(80, '*****', 1, '2019-07-11', 0, '2019-07-12 01:15:40', '2019-07-12 01:15:40', 19),
(81, 'admin77', 1, '2019-07-11', 0, '2019-07-13 02:37:28', '2019-07-13 02:37:28', 29),
(82, 'SI/19-06/0774', 1, '2019-07-15', 0, '2019-07-17 01:03:07', '2019-07-17 01:03:07', 7),
(83, 'SS19070083', 0, '2019-07-24', 1250000, '2019-07-24 05:30:42', '2019-07-24 05:30:42', 3),
(84, '1602727', 1, '2019-07-22', 4680000, '2019-07-29 05:59:31', '2019-07-29 05:59:31', 7),
(85, 'SI.19.07.00440', 1, '2019-07-15', 15220000, '2019-07-31 05:41:21', '2019-07-31 05:41:22', 24),
(86, 'FP19070708', 0, '2019-07-29', 7200000, '2019-07-31 05:47:53', '2019-07-31 05:47:53', 3),
(87, 'IDC/GD0002/07/2019', 1, '2019-07-27', 4845000, '2019-08-09 05:18:10', '2019-08-09 05:18:10', 11),
(88, 'GJ-1907-0661', 1, '2019-07-30', 521000, '2019-08-09 05:21:12', '2019-08-09 05:21:13', 6),
(89, 'GA-1908-0004', 0, '2019-08-05', 495000, '2019-08-09 05:23:32', '2019-08-09 05:23:32', 6),
(90, 'GA-1908-0018', 0, '2019-08-15', 3685000, '2019-08-20 02:21:29', '2019-08-20 02:21:29', 6),
(91, 'SI.19.08.00339', 0, '2019-08-16', 15900000, '2019-08-20 02:33:52', '2019-08-20 02:33:52', 24),
(92, 'CL-2019-08-00234', 0, '2019-08-14', 2612000, '2019-08-20 02:53:41', '2019-08-20 02:53:42', 16),
(93, 'KD/19082354', 0, '2019-08-12', 3213000, '2019-08-23 02:07:00', '2019-08-23 02:07:01', 21),
(94, '1908-0143', 0, '2019-08-22', 20000000, '2019-08-23 02:38:41', '2019-08-23 02:38:41', 30),
(95, 'INV/API/VIII-19/352', 0, '2019-08-19', 0, '2019-09-27 20:34:43', '2019-09-27 20:34:43', 11),
(96, '---', 0, '2019-09-27', 0, '2019-09-27 20:51:16', '2019-09-27 20:51:16', 21),
(97, 'GA-1909-0026', 0, '2019-09-30', 2211000, '2019-10-03 03:58:40', '2019-10-03 03:58:40', 6),
(98, 'CL-2019-09-00340', 0, '2019-09-26', 0, '2019-10-03 04:41:46', '2019-10-03 04:41:46', 16),
(99, 'CL-2019-09-00340', 0, '2019-10-05', 0, '2019-10-07 17:20:32', '2019-10-07 17:20:32', 16),
(103, '----------', 1, '2019-10-10', 0, '2019-10-10 03:07:10', '2019-10-10 03:07:10', 25),
(104, 'SI/19-09/1295', 0, '2019-09-25', 0, '2019-11-12 00:18:14', '2019-11-12 00:18:14', 7),
(105, 'GA-1910-0022', 0, '2019-10-24', 4689000, '2019-11-13 23:09:31', '2019-11-13 23:09:32', 6),
(106, 'FP19110241', 0, '2019-11-12', 7200000, '2019-11-13 23:18:12', '2019-11-13 23:18:12', 3),
(107, 'KD/19112930', 0, '2019-11-11', 0, '2019-11-15 17:52:13', '2019-11-15 17:52:13', 21),
(108, 'KD/19112539', 1, '2019-11-13', 936000, '2019-11-15 18:01:52', '2019-11-15 18:01:52', 21),
(109, 'AABJ-78', 0, '2019-11-11', 0, '2019-11-15 18:06:45', '2019-11-15 18:06:45', 14),
(110, 'B0080270/KMC1205001', 1, '2019-08-23', 7400000, '2019-11-15 18:31:06', '2019-11-15 18:31:06', 5),
(111, '-----', 1, '2019-11-16', 0, '2019-11-16 02:01:33', '2019-11-16 02:01:33', 9),
(112, '--------', 1, '2019-11-18', 0, '2019-11-18 05:24:42', '2019-11-18 05:24:42', 31),
(113, '---------', 1, '2019-10-05', 0, '2019-11-18 20:50:09', '2019-11-18 20:50:09', 19),
(114, '004526', 1, '2019-10-10', 0, '2019-11-20 01:15:42', '2019-11-20 01:15:42', 12),
(115, '1911-0119', 0, '2019-11-15', 2291100, '2019-11-20 02:58:31', '2019-11-20 02:58:32', 6),
(116, '4965/JL/UTM/1119', 1, '2019-11-13', 1043002, '2019-11-20 03:11:05', '2019-11-20 03:11:05', 15),
(117, 'GA-1911-0015', 0, '2019-11-27', 220000, '2019-11-27 20:04:09', '2019-11-27 20:04:09', 6),
(118, 'SI.19.12.00193', 0, '2019-12-09', 28390000, '2019-12-14 02:13:42', '2019-12-14 02:13:43', 24),
(119, 'SI.19.12.00194', 0, '2019-12-09', 19460000, '2019-12-14 02:23:03', '2019-12-14 02:23:03', 24),
(120, 'SI.19.12.00195', 0, '2019-12-09', 4470000, '2019-12-14 02:25:21', '2019-12-14 02:25:22', 24),
(121, 'SI/19-12/0522', 0, '2019-12-11', 0, '2019-12-14 05:08:28', '2019-12-14 05:08:28', 7),
(122, 'GA-1912-0009', 0, '2019-12-12', 220000, '2019-12-14 05:16:39', '2019-12-14 05:16:39', 6);

-- --------------------------------------------------------

--
-- Table structure for table `penyimpanans`
--

CREATE TABLE `penyimpanans` (
  `id` int(10) UNSIGNED NOT NULL,
  `nama` varchar(191) COLLATE utf8mb4_unicode_ci NOT NULL,
  `created_at` timestamp NULL DEFAULT NULL,
  `updated_at` timestamp NULL DEFAULT NULL
) ENGINE=InnoDB DEFAULT CHARSET=utf8mb4 COLLATE=utf8mb4_unicode_ci;

--
-- Dumping data for table `penyimpanans`
--

INSERT INTO `penyimpanans` (`id`, `nama`, `created_at`, `updated_at`) VALUES
(1, '-', '2018-07-18 20:10:11', '2018-07-18 20:10:11');

-- --------------------------------------------------------

--
-- Table structure for table `suppliers`
--

CREATE TABLE `suppliers` (
  `id` int(10) UNSIGNED NOT NULL,
  `nama` varchar(191) COLLATE utf8mb4_unicode_ci NOT NULL,
  `alamat` varchar(191) COLLATE utf8mb4_unicode_ci DEFAULT NULL,
  `nomor_telepon` varchar(191) COLLATE utf8mb4_unicode_ci DEFAULT NULL,
  `email` varchar(191) COLLATE utf8mb4_unicode_ci DEFAULT NULL,
  `nomor_rekening` varchar(191) COLLATE utf8mb4_unicode_ci DEFAULT NULL,
  `created_at` timestamp NULL DEFAULT NULL,
  `updated_at` timestamp NULL DEFAULT NULL
) ENGINE=InnoDB DEFAULT CHARSET=utf8mb4 COLLATE=utf8mb4_unicode_ci;

--
-- Dumping data for table `suppliers`
--

INSERT INTO `suppliers` (`id`, `nama`, `alamat`, `nomor_telepon`, `email`, `nomor_rekening`, `created_at`, `updated_at`) VALUES
(2, 'Cobra Dental', 'Jl. Gunung Nona 44 Makassar', '0411-3631098', NULL, NULL, '2018-07-22 19:36:50', '2018-07-22 19:36:50'),
(3, 'Fondaco', 'JAKARTA', NULL, NULL, NULL, '2018-07-24 19:05:51', '2018-07-24 19:05:51'),
(5, 'Kiang Dental Supplier', NULL, NULL, NULL, NULL, '2018-07-24 20:06:42', '2018-11-13 17:31:29'),
(6, 'BINTANG SAUDARA', NULL, NULL, NULL, NULL, '2018-08-10 01:05:22', '2018-08-10 01:05:22'),
(7, 'Thomasong', 'JAKARTA', NULL, NULL, NULL, '2018-08-20 02:35:11', '2018-08-20 02:35:11'),
(8, 'Drg. Dian', 'BALI', NULL, NULL, NULL, '2018-08-20 02:57:31', '2018-08-20 02:57:31'),
(9, 'DT', 'Makassar', NULL, NULL, NULL, '2018-08-23 00:29:05', '2018-08-23 00:29:05'),
(10, 'DGDENT SUPPLIES', 'Surabaya', NULL, NULL, NULL, '2018-09-26 17:40:09', '2018-09-26 17:40:09'),
(11, 'INDO DENTAL CENTER', 'JAKARTA', '(62-21)666-72-712,6868-6161', NULL, NULL, '2018-10-03 01:07:21', '2018-10-03 01:07:21'),
(12, 'Sugianto Dental (SDS)', 'JAKARTA', NULL, NULL, NULL, '2018-10-09 02:37:24', '2018-10-09 02:37:24'),
(13, 'Supplier Gengigel', NULL, NULL, NULL, '.......', '2018-10-11 04:43:06', '2018-10-11 04:43:06'),
(14, 'Surya Mandala Dental Supplier', NULL, NULL, NULL, NULL, '2018-11-13 17:32:05', '2018-11-13 17:32:05'),
(15, 'Belanja Gigi', NULL, NULL, NULL, NULL, '2018-11-13 17:32:20', '2018-11-13 17:32:20'),
(16, 'M3i', NULL, NULL, NULL, NULL, '2018-11-13 18:32:14', '2018-11-13 18:32:14'),
(17, 'Promed Nusantara', 'Komplek Plaza Muara Rapak Blok RD12', NULL, NULL, NULL, '2018-11-30 02:42:02', '2018-11-30 02:42:02'),
(18, 'STOK LAMA', NULL, NULL, NULL, NULL, '2018-12-12 19:21:15', '2018-12-12 19:21:15'),
(19, 'Admin', 'Alamat admin', '-', 'admin@mdc.com', '-', NULL, NULL),
(20, '3S', NULL, NULL, NULL, NULL, '2019-05-16 06:01:02', '2019-05-16 06:01:02'),
(21, 'Klik Dental Sejahtera', 'Jl. Pluit Selatan Raya No.1 CBD Pluit Blok C-07, Penjaringan, Jakarta Utara', '0822 1919 1911', NULL, NULL, '2019-05-22 02:24:40', '2019-05-22 02:24:40'),
(22, 'Seminar Master Course 2019 Malaysia', 'Malaysia', NULL, NULL, NULL, '2019-05-22 05:28:08', '2019-05-22 05:28:08'),
(23, 'Seminar IDS', NULL, NULL, NULL, NULL, '2019-05-24 04:12:43', '2019-05-24 04:12:43'),
(24, 'PT Cahaya Tiga Bintang Abadi', NULL, NULL, NULL, NULL, '2019-06-21 18:51:34', '2019-06-21 18:51:34'),
(25, 'Pembelian Pribadi Dari Australia', '---', '---', '---', '---', '2019-06-22 01:05:53', '2019-06-22 01:05:53'),
(26, 'Seminar Maksi Februari 2019', '---', '---', '---', '---', '2019-06-22 01:09:43', '2019-06-22 01:09:43'),
(27, 'Cece Ing', NULL, NULL, NULL, NULL, '2019-07-05 20:43:13', '2019-07-05 20:43:13'),
(28, 'Retur Pengambilan drg. melinda', NULL, NULL, NULL, NULL, '2019-07-07 19:18:06', '2019-07-07 19:18:06'),
(29, 'Koper', NULL, NULL, NULL, NULL, '2019-07-13 02:30:51', '2019-07-13 02:30:51'),
(30, 'PT. Smart Dent', NULL, NULL, NULL, NULL, '2019-08-23 02:36:44', '2019-08-23 02:36:44'),
(31, 'Pameran Malaysia', NULL, NULL, NULL, NULL, '2019-11-18 05:21:46', '2019-11-18 05:21:46');

-- --------------------------------------------------------

--
-- Table structure for table `users`
--

CREATE TABLE `users` (
  `id` int(10) UNSIGNED NOT NULL,
  `name` varchar(191) COLLATE utf8mb4_unicode_ci NOT NULL,
  `email` varchar(191) COLLATE utf8mb4_unicode_ci NOT NULL,
  `password` varchar(191) COLLATE utf8mb4_unicode_ci NOT NULL,
  `remember_token` varchar(100) COLLATE utf8mb4_unicode_ci DEFAULT NULL,
  `created_at` timestamp NULL DEFAULT NULL,
  `updated_at` timestamp NULL DEFAULT NULL
) ENGINE=InnoDB DEFAULT CHARSET=utf8mb4 COLLATE=utf8mb4_unicode_ci;

--
-- Dumping data for table `users`
--

INSERT INTO `users` (`id`, `name`, `email`, `password`, `remember_token`, `created_at`, `updated_at`) VALUES
(1, 'Admin', 'admin@mdc.com', '$2y$10$gsouavOYeqzFK1yYqS8nCeZ0JIoVrWoyFr4bsIsvWlfOdf3986i5a', NULL, '2018-07-18 18:50:53', '2018-07-18 18:50:53');

--
-- Indexes for dumped tables
--

--
-- Indexes for table `barangs`
--
ALTER TABLE `barangs`
  ADD PRIMARY KEY (`id`),
  ADD KEY `barangs_category_id_foreign` (`category_id`),
  ADD KEY `barangs_penyimpanan_id_foreign` (`penyimpanan_id`);

--
-- Indexes for table `barang_pembelian`
--
ALTER TABLE `barang_pembelian`
  ADD PRIMARY KEY (`id`),
  ADD KEY `barang_pembelian_barang_id_index` (`barang_id`),
  ADD KEY `barang_pembelian_pembelian_id_index` (`pembelian_id`);

--
-- Indexes for table `bulans`
--
ALTER TABLE `bulans`
  ADD PRIMARY KEY (`id`);

--
-- Indexes for table `bulan_barang`
--
ALTER TABLE `bulan_barang`
  ADD PRIMARY KEY (`id`),
  ADD KEY `bulan_barang_bulan_id_index` (`bulan_id`),
  ADD KEY `bulan_barang_barang_id_index` (`barang_id`);

--
-- Indexes for table `categories`
--
ALTER TABLE `categories`
  ADD PRIMARY KEY (`id`);

--
-- Indexes for table `dokters`
--
ALTER TABLE `dokters`
  ADD PRIMARY KEY (`id`);

--
-- Indexes for table `expires`
--
ALTER TABLE `expires`
  ADD PRIMARY KEY (`id`),
  ADD KEY `expires_penyimpanan_id_foreign` (`penyimpanan_id`),
  ADD KEY `expires_barang_id_foreign` (`barang_id`),
  ADD KEY `expires_pembelian_id_foreign` (`pembelian_id`),
  ADD KEY `expires_barang_pembelian_id_foreign` (`barang_pembelian_id`);

--
-- Indexes for table `expire_pemakaian`
--
ALTER TABLE `expire_pemakaian`
  ADD PRIMARY KEY (`id`),
  ADD KEY `expire_pemakaian_expire_id_index` (`expire_id`),
  ADD KEY `expire_pemakaian_pemakaian_id_index` (`pemakaian_id`);

--
-- Indexes for table `migrations`
--
ALTER TABLE `migrations`
  ADD PRIMARY KEY (`id`);

--
-- Indexes for table `password_resets`
--
ALTER TABLE `password_resets`
  ADD KEY `password_resets_email_index` (`email`);

--
-- Indexes for table `pemakaians`
--
ALTER TABLE `pemakaians`
  ADD PRIMARY KEY (`id`),
  ADD KEY `pemakaians_dokter_id_foreign` (`dokter_id`),
  ADD KEY `pemakaians_barang_id_foreign` (`barang_id`);

--
-- Indexes for table `pembelians`
--
ALTER TABLE `pembelians`
  ADD PRIMARY KEY (`id`),
  ADD KEY `pembelians_supplier_id_foreign` (`supplier_id`);

--
-- Indexes for table `penyimpanans`
--
ALTER TABLE `penyimpanans`
  ADD PRIMARY KEY (`id`);

--
-- Indexes for table `suppliers`
--
ALTER TABLE `suppliers`
  ADD PRIMARY KEY (`id`);

--
-- Indexes for table `users`
--
ALTER TABLE `users`
  ADD PRIMARY KEY (`id`),
  ADD UNIQUE KEY `users_email_unique` (`email`);

--
-- AUTO_INCREMENT for dumped tables
--

--
-- AUTO_INCREMENT for table `barangs`
--
ALTER TABLE `barangs`
  MODIFY `id` int(10) UNSIGNED NOT NULL AUTO_INCREMENT, AUTO_INCREMENT=673;

--
-- AUTO_INCREMENT for table `barang_pembelian`
--
ALTER TABLE `barang_pembelian`
  MODIFY `id` int(10) UNSIGNED NOT NULL AUTO_INCREMENT, AUTO_INCREMENT=456;

--
-- AUTO_INCREMENT for table `bulans`
--
ALTER TABLE `bulans`
  MODIFY `id` int(10) UNSIGNED NOT NULL AUTO_INCREMENT, AUTO_INCREMENT=6;

--
-- AUTO_INCREMENT for table `bulan_barang`
--
ALTER TABLE `bulan_barang`
  MODIFY `id` int(10) UNSIGNED NOT NULL AUTO_INCREMENT, AUTO_INCREMENT=2519;

--
-- AUTO_INCREMENT for table `categories`
--
ALTER TABLE `categories`
  MODIFY `id` int(10) UNSIGNED NOT NULL AUTO_INCREMENT, AUTO_INCREMENT=7;

--
-- AUTO_INCREMENT for table `dokters`
--
ALTER TABLE `dokters`
  MODIFY `id` int(10) UNSIGNED NOT NULL AUTO_INCREMENT, AUTO_INCREMENT=31;

--
-- AUTO_INCREMENT for table `expires`
--
ALTER TABLE `expires`
  MODIFY `id` int(10) UNSIGNED NOT NULL AUTO_INCREMENT, AUTO_INCREMENT=250;

--
-- AUTO_INCREMENT for table `expire_pemakaian`
--
ALTER TABLE `expire_pemakaian`
  MODIFY `id` int(10) UNSIGNED NOT NULL AUTO_INCREMENT, AUTO_INCREMENT=442;

--
-- AUTO_INCREMENT for table `migrations`
--
ALTER TABLE `migrations`
  MODIFY `id` int(10) UNSIGNED NOT NULL AUTO_INCREMENT, AUTO_INCREMENT=19;

--
-- AUTO_INCREMENT for table `pemakaians`
--
ALTER TABLE `pemakaians`
  MODIFY `id` int(10) UNSIGNED NOT NULL AUTO_INCREMENT, AUTO_INCREMENT=1155;

--
-- AUTO_INCREMENT for table `pembelians`
--
ALTER TABLE `pembelians`
  MODIFY `id` int(10) UNSIGNED NOT NULL AUTO_INCREMENT, AUTO_INCREMENT=123;

--
-- AUTO_INCREMENT for table `penyimpanans`
--
ALTER TABLE `penyimpanans`
  MODIFY `id` int(10) UNSIGNED NOT NULL AUTO_INCREMENT, AUTO_INCREMENT=2;

--
-- AUTO_INCREMENT for table `suppliers`
--
ALTER TABLE `suppliers`
  MODIFY `id` int(10) UNSIGNED NOT NULL AUTO_INCREMENT, AUTO_INCREMENT=32;

--
-- AUTO_INCREMENT for table `users`
--
ALTER TABLE `users`
  MODIFY `id` int(10) UNSIGNED NOT NULL AUTO_INCREMENT, AUTO_INCREMENT=2;

--
-- Constraints for dumped tables
--

--
-- Constraints for table `barangs`
--
ALTER TABLE `barangs`
  ADD CONSTRAINT `barangs_category_id_foreign` FOREIGN KEY (`category_id`) REFERENCES `categories` (`id`) ON DELETE CASCADE,
  ADD CONSTRAINT `barangs_penyimpanan_id_foreign` FOREIGN KEY (`penyimpanan_id`) REFERENCES `penyimpanans` (`id`) ON DELETE CASCADE;

--
-- Constraints for table `barang_pembelian`
--
ALTER TABLE `barang_pembelian`
  ADD CONSTRAINT `barang_pembelian_barang_id_foreign` FOREIGN KEY (`barang_id`) REFERENCES `barangs` (`id`) ON DELETE CASCADE,
  ADD CONSTRAINT `barang_pembelian_pembelian_id_foreign` FOREIGN KEY (`pembelian_id`) REFERENCES `pembelians` (`id`) ON DELETE CASCADE;

--
-- Constraints for table `bulan_barang`
--
ALTER TABLE `bulan_barang`
  ADD CONSTRAINT `bulan_barang_barang_id_foreign` FOREIGN KEY (`barang_id`) REFERENCES `barangs` (`id`) ON DELETE CASCADE,
  ADD CONSTRAINT `bulan_barang_bulan_id_foreign` FOREIGN KEY (`bulan_id`) REFERENCES `bulans` (`id`) ON DELETE CASCADE;

--
-- Constraints for table `expires`
--
ALTER TABLE `expires`
  ADD CONSTRAINT `expires_barang_id_foreign` FOREIGN KEY (`barang_id`) REFERENCES `barangs` (`id`) ON DELETE CASCADE,
  ADD CONSTRAINT `expires_barang_pembelian_id_foreign` FOREIGN KEY (`barang_pembelian_id`) REFERENCES `barang_pembelian` (`id`) ON DELETE CASCADE,
  ADD CONSTRAINT `expires_pembelian_id_foreign` FOREIGN KEY (`pembelian_id`) REFERENCES `pembelians` (`id`) ON DELETE CASCADE,
  ADD CONSTRAINT `expires_penyimpanan_id_foreign` FOREIGN KEY (`penyimpanan_id`) REFERENCES `penyimpanans` (`id`) ON DELETE CASCADE;

--
-- Constraints for table `expire_pemakaian`
--
ALTER TABLE `expire_pemakaian`
  ADD CONSTRAINT `expire_pemakaian_expire_id_foreign` FOREIGN KEY (`expire_id`) REFERENCES `expires` (`id`) ON DELETE CASCADE,
  ADD CONSTRAINT `expire_pemakaian_pemakaian_id_foreign` FOREIGN KEY (`pemakaian_id`) REFERENCES `pemakaians` (`id`) ON DELETE CASCADE;

--
-- Constraints for table `pemakaians`
--
ALTER TABLE `pemakaians`
  ADD CONSTRAINT `pemakaians_barang_id_foreign` FOREIGN KEY (`barang_id`) REFERENCES `barangs` (`id`) ON DELETE CASCADE,
  ADD CONSTRAINT `pemakaians_dokter_id_foreign` FOREIGN KEY (`dokter_id`) REFERENCES `dokters` (`id`) ON DELETE CASCADE;

--
-- Constraints for table `pembelians`
--
ALTER TABLE `pembelians`
  ADD CONSTRAINT `pembelians_supplier_id_foreign` FOREIGN KEY (`supplier_id`) REFERENCES `suppliers` (`id`) ON DELETE CASCADE;
COMMIT;

/*!40101 SET CHARACTER_SET_CLIENT=@OLD_CHARACTER_SET_CLIENT */;
/*!40101 SET CHARACTER_SET_RESULTS=@OLD_CHARACTER_SET_RESULTS */;
/*!40101 SET COLLATION_CONNECTION=@OLD_COLLATION_CONNECTION */;
